{"type":"FeatureCollection","features":[{"type":"Feature","geometry":{"type":"Polygon","coordinates":[[[-71.511036,8.709658],[-71.5167,8.711418],[-71.518793,8.713079],[-71.520794,8.714625],[-71.524383,8.717049],[-71.52661,8.719906],[-71.528498,8.721061],[-71.529857,8.721433],[-71.531717,8.72376],[-71.531984,8.726565],[-71.534995,8.729332],[-71.535587,8.731472],[-71.536933,8.73566],[-71.538656,8.737802],[-71.540241,8.739554],[-71.542743,8.742917],[-71.545644,8.744511],[-71.54903,8.745578],[-71.552396,8.746277],[-71.557427,8.745716],[-71.560977,8.74614],[-71.564225,8.747298],[-71.567796,8.748687],[-71.569936,8.750049],[-71.573417,8.750909],[-71.576601,8.750642],[-71.578796,8.749521],[-71.581108,8.747872],[-71.583654,8.745442],[-71.585433,8.744482],[-71.58829,8.74534],[-71.590458,8.745437],[-71.591284,8.746681],[-71.592041,8.747694],[-71.592751,8.749237],[-71.59286,8.751145],[-71.593548,8.752181],[-71.59421,8.754206],[-71.594942,8.756185],[-71.595141,8.757102],[-71.595351,8.758071],[-71.59546,8.759818],[-71.595482,8.760644],[-71.595542,8.76283],[-71.595518,8.763059],[-71.595951,8.765016],[-71.596546,8.766327],[-71.596995,8.767301],[-71.597025,8.767367],[-71.597245,8.767926],[-71.597329,8.767858],[-71.643137,8.730419],[-71.643154,8.730405],[-71.660959,8.715853],[-71.670897,8.707731],[-71.673355,8.705723],[-71.673395,8.70569],[-71.701678,8.677315],[-71.79227,8.676654],[-71.792347,8.676653],[-71.792707,8.67665],[-71.798561,8.676608],[-71.865108,8.676122],[-71.865117,8.675895],[-71.865288,8.676056],[-71.866038,8.675375],[-71.866495,8.675113],[-71.866915,8.675288],[-71.867534,8.675023],[-71.867948,8.674946],[-71.868537,8.674314],[-71.86937,8.673217],[-71.869514,8.672365],[-71.869569,8.671675],[-71.869599,8.670893],[-71.869491,8.670161],[-71.86947,8.669155],[-71.870107,8.668656],[-71.870792,8.668205],[-71.871626,8.667201],[-71.872548,8.667022],[-71.873214,8.666801],[-71.87255,8.665988],[-71.872518,8.665598],[-71.872977,8.665428],[-71.873434,8.665167],[-71.873964,8.665041],[-71.875222,8.664395],[-71.875608,8.664043],[-71.876201,8.663641],[-71.877607,8.662805],[-71.878472,8.661931],[-71.87934,8.661553],[-71.880086,8.661424],[-71.88058,8.660924],[-71.880824,8.660179],[-71.880818,8.659436],[-71.882061,8.659055],[-71.882435,8.659176],[-71.883675,8.658547],[-71.88392,8.657925],[-71.884412,8.657178],[-71.885031,8.656802],[-71.886644,8.656046],[-71.888878,8.655162],[-71.888606,8.652191],[-71.889849,8.651934],[-71.890327,8.649329],[-71.891441,8.648453],[-71.891811,8.648079],[-71.893058,8.648317],[-71.894677,8.648429],[-71.895289,8.647062],[-71.895911,8.647057],[-71.896165,8.647674],[-71.896788,8.64767],[-71.897161,8.647667],[-71.897654,8.647044],[-71.898146,8.646297],[-71.900136,8.646034],[-71.902865,8.644775],[-71.906214,8.643263],[-71.908575,8.642625],[-71.90906,8.640887],[-71.90992,8.639394],[-71.912281,8.638881],[-71.913014,8.637017],[-71.912999,8.635159],[-71.915058,8.632342],[-71.914436,8.632668],[-71.913256,8.632494],[-71.911917,8.632803],[-71.910673,8.633386],[-71.909937,8.633943],[-71.909333,8.633672],[-71.908119,8.632215],[-71.90644,8.630417],[-71.904924,8.628802],[-71.902723,8.628155],[-71.901887,8.627772],[-71.900666,8.628263],[-71.899826,8.627399],[-71.899242,8.626624],[-71.897851,8.626085],[-71.896619,8.625338],[-71.894915,8.62322],[-71.893766,8.621257],[-71.893113,8.620529],[-71.892117,8.62033],[-71.890744,8.619149],[-71.88953,8.617692],[-71.889269,8.616823],[-71.889658,8.616269],[-71.889976,8.615533],[-71.890012,8.614226],[-71.889382,8.61352],[-71.888434,8.613597],[-71.887373,8.613949],[-71.886383,8.614553],[-71.885484,8.614904],[-71.884398,8.615028],[-71.883977,8.614343],[-71.882817,8.613894],[-71.88212,8.613441],[-71.876537,8.611203],[-71.876344,8.611126],[-71.873095,8.60957],[-71.871267,8.609378],[-71.86633,8.607836],[-71.865281,8.606765],[-71.864882,8.606081],[-71.863677,8.605861],[-71.862683,8.605823],[-71.86118,8.605881],[-71.860302,8.605911],[-71.858589,8.605673],[-71.856824,8.604723],[-71.85592,8.604432],[-71.855084,8.603958],[-71.854751,8.602745],[-71.85359,8.602044],[-71.852546,8.601662],[-71.851248,8.60126],[-71.849994,8.60049],[-71.849129,8.599236],[-71.846658,8.599737],[-71.844952,8.60037],[-71.843959,8.600584],[-71.841849,8.599775],[-71.840474,8.59841],[-71.839646,8.596101],[-71.839187,8.595031],[-71.839058,8.59473],[-71.838057,8.593844],[-71.836343,8.593536],[-71.835441,8.593497],[-71.835364,8.592489],[-71.834921,8.591965],[-71.834324,8.592566],[-71.833559,8.59232],[-71.833117,8.591934],[-71.832163,8.591116],[-71.831188,8.590665],[-71.829613,8.590311],[-71.828452,8.589632],[-71.827547,8.589226],[-71.826484,8.58928],[-71.825485,8.588669],[-71.824418,8.588288],[-71.82333,8.588113],[-71.822953,8.587176],[-71.822949,8.586671],[-71.822162,8.58654],[-71.822227,8.585989],[-71.822684,8.585229],[-71.822835,8.583806],[-71.822228,8.582963],[-71.821303,8.583039],[-71.821828,8.582049],[-71.822287,8.581701],[-71.822444,8.580966],[-71.821543,8.581111],[-71.8211,8.580564],[-71.820656,8.579948],[-71.819961,8.579885],[-71.81934,8.580234],[-71.818941,8.579526],[-71.819248,8.579072],[-71.819284,8.579019],[-71.819396,8.578445],[-71.818861,8.578082],[-71.817774,8.578137],[-71.817813,8.577196],[-71.817504,8.576075],[-71.817038,8.575643],[-71.817494,8.574837],[-71.817072,8.573969],[-71.816858,8.57326],[-71.816375,8.573562],[-71.815906,8.572763],[-71.815554,8.572032],[-71.815043,8.571692],[-71.815423,8.570015],[-71.814221,8.570048],[-71.813525,8.569686],[-71.812506,8.569442],[-71.811442,8.569381],[-71.811504,8.568487],[-71.81138,8.567387],[-71.810424,8.566422],[-71.808608,8.564589],[-71.80906,8.563209],[-71.809491,8.562197],[-71.80856,8.561356],[-71.807767,8.560468],[-71.807043,8.55951],[-71.806618,8.558321],[-71.806935,8.557379],[-71.807186,8.556918],[-71.806151,8.555274],[-71.805922,8.55491],[-71.804749,8.55265],[-71.803629,8.551283],[-71.803152,8.549337],[-71.802759,8.548632],[-71.802121,8.547488],[-71.802171,8.544942],[-71.801686,8.541896],[-71.801298,8.53956],[-71.800634,8.537249],[-71.798686,8.536599],[-71.796509,8.536112],[-71.793973,8.533976],[-71.7935,8.532627],[-71.792073,8.530368],[-71.789046,8.527502],[-71.787945,8.52547],[-71.787214,8.523641],[-71.786621,8.521582],[-71.784014,8.519195],[-71.783631,8.517386],[-71.784079,8.515571],[-71.784644,8.513778],[-71.784626,8.513745],[-71.784033,8.513576],[-71.783853,8.513518],[-71.783532,8.513414],[-71.782721,8.513953],[-71.780901,8.51456],[-71.78005,8.513598],[-71.777864,8.51276],[-71.776772,8.513125],[-71.7767,8.513202],[-71.774025,8.516062],[-71.773075,8.518028],[-71.772168,8.519904],[-71.771961,8.521985],[-71.775374,8.533781],[-71.777073,8.538694],[-71.777537,8.541536],[-71.77722,8.543727],[-71.777245,8.547229],[-71.776255,8.54833],[-71.775584,8.548734],[-71.775584,8.548734],[-71.775566,8.548709],[-71.774836,8.548237],[-71.772896,8.545957],[-71.77187,8.54413],[-71.77119,8.543499],[-71.769379,8.543897],[-71.76775,8.544435],[-71.766324,8.544109],[-71.765289,8.542739],[-71.764965,8.541635],[-71.764808,8.540328],[-71.765857,8.539892],[-71.767664,8.539654],[-71.769395,8.53866],[-71.770181,8.537533],[-71.768384,8.536147],[-71.767529,8.535055],[-71.768347,8.534615],[-71.769892,8.534783],[-71.769916,8.533617],[-71.769428,8.532647],[-71.767611,8.532199],[-71.766415,8.531923],[-71.765493,8.530692],[-71.765596,8.529094],[-71.765798,8.528252],[-71.764899,8.527044],[-71.765368,8.525567],[-71.765452,8.523763],[-71.765099,8.521834],[-71.763978,8.520187],[-71.762412,8.518829],[-71.761361,8.518236],[-71.76094,8.518479],[-71.760698,8.519],[-71.761228,8.520177],[-71.76069,8.52051],[-71.759558,8.520487],[-71.758205,8.519979],[-71.758872,8.519032],[-71.758638,8.518067],[-71.757786,8.516792],[-71.757295,8.515936],[-71.758236,8.515155],[-71.758688,8.514546],[-71.757071,8.514491],[-71.756157,8.512894],[-71.754861,8.512982],[-71.754505,8.51341],[-71.7548,8.514788],[-71.75289,8.514406],[-71.751774,8.513629],[-71.752405,8.512178],[-71.75296,8.511069],[-71.753559,8.510029],[-71.755018,8.508778],[-71.754754,8.507012],[-71.752612,8.506671],[-71.753553,8.504747],[-71.752211,8.50369],[-71.752805,8.501827],[-71.751687,8.501118],[-71.751578,8.499676],[-71.749537,8.500023],[-71.749785,8.498107],[-71.750105,8.496078],[-71.749366,8.494966],[-71.748488,8.493827],[-71.746883,8.493223],[-71.731119,8.50049],[-71.725803,8.504539],[-71.725222,8.504722],[-71.635513,8.554222],[-71.634554,8.546848],[-71.634059,8.544628],[-71.633193,8.542707],[-71.634244,8.540114],[-71.634905,8.538277],[-71.63534,8.537084],[-71.63274,8.52486],[-71.63112,8.519735],[-71.629116,8.516077],[-71.628298,8.514065],[-71.626923,8.511894],[-71.625947,8.510706],[-71.625949,8.511167],[-71.625423,8.511234],[-71.625425,8.512378],[-71.625161,8.513788],[-71.624985,8.514757],[-71.623746,8.516081],[-71.621708,8.517582],[-71.620381,8.519522],[-71.619761,8.519876],[-71.618785,8.519878],[-71.616832,8.519178],[-71.614438,8.519095],[-71.612664,8.519274],[-71.611246,8.52007],[-71.610447,8.519455],[-71.606092,8.513828],[-71.602269,8.509257],[-71.600049,8.507588],[-71.598363,8.506975],[-71.596501,8.506979],[-71.59526,8.507598],[-71.593842,8.50857],[-71.591449,8.509543],[-71.587462,8.512281],[-71.584362,8.514665],[-71.584363,8.515482],[-71.584363,8.515722],[-71.584544,8.517659],[-71.585078,8.518803],[-71.585612,8.520475],[-71.585614,8.52162],[-71.585172,8.522414],[-71.5834,8.52365],[-71.582249,8.524973],[-71.581365,8.52709],[-71.580834,8.527619],[-71.579948,8.528237],[-71.579506,8.529383],[-71.579599,8.532201],[-71.579692,8.534755],[-71.580671,8.536866],[-71.581648,8.538185],[-71.582095,8.540122],[-71.582364,8.541883],[-71.583522,8.545403],[-71.585212,8.548041],[-71.586723,8.550064],[-71.58779,8.551823],[-71.5893,8.553053],[-71.589834,8.553932],[-71.590814,8.556748],[-71.591794,8.5593],[-71.593393,8.56097],[-71.594548,8.562024],[-71.594727,8.562728],[-71.594907,8.564225],[-71.594911,8.566691],[-71.594915,8.569333],[-71.593134,8.569172],[-71.590518,8.568381],[-71.587458,8.566285],[-71.58371,8.565475],[-71.579864,8.563383],[-71.57655,8.561219],[-71.573559,8.559146],[-71.569698,8.558795],[-71.566092,8.558717],[-71.562716,8.558295],[-71.560647,8.557072],[-71.559915,8.557115],[-71.557331,8.557973],[-71.556502,8.558641],[-71.573771,8.614479],[-71.566038,8.637562],[-71.564394,8.635757],[-71.562469,8.63439],[-71.561586,8.633431],[-71.561071,8.632173],[-71.560373,8.631007],[-71.55984,8.630665],[-71.558501,8.631014],[-71.557812,8.632071],[-71.555944,8.633018],[-71.554816,8.633893],[-71.552482,8.63404],[-71.550822,8.63478],[-71.549019,8.634878],[-71.546867,8.634291],[-71.544397,8.635126],[-71.541582,8.63603],[-71.540362,8.637295],[-71.539799,8.640391],[-71.539341,8.641355],[-71.538679,8.643236],[-71.535795,8.644485],[-71.533699,8.646005],[-71.530035,8.648655],[-71.527343,8.651208],[-71.525869,8.652383],[-71.522457,8.654505],[-71.520591,8.655864],[-71.519697,8.657472],[-71.519059,8.659445],[-71.518628,8.662955],[-71.51847,8.665377],[-71.519129,8.668634],[-71.520733,8.671338],[-71.52278,8.674913],[-71.522303,8.677255],[-71.519764,8.678914],[-71.518043,8.683094],[-71.515997,8.686863],[-71.514857,8.691891],[-71.514573,8.696734],[-71.514595,8.70355],[-71.512012,8.706601],[-71.511036,8.709658]]]},"properties":{"Municipio":"Alberto Adriani","Municipios_code":"VE1401","Ciudad":"Mérida","Pais":"Venezuela (República Bolivariana de)","area_sqkm":668.8130873,"Municipios_ref_name":"Alberto Adriani","center_lat":8.63054089,"center_lon":-71.73747319,"stroke-width":2,"stroke":"#000000"}},{"type":"Feature","geometry":{"type":"Polygon","coordinates":[[[-71.401276,8.608178],[-71.399325,8.610184],[-71.397707,8.611474],[-71.396362,8.612483],[-71.395431,8.613439],[-71.394659,8.615586],[-71.394341,8.618527],[-71.394346,8.620109],[-71.3948,8.622372],[-71.39557,8.624148],[-71.396683,8.625711],[-71.396978,8.628068],[-71.3968,8.629814],[-71.396968,8.632861],[-71.397227,8.634485],[-71.398372,8.635245],[-71.399323,8.636834],[-71.39862,8.637557],[-71.396618,8.639357],[-71.395245,8.641399],[-71.39396,8.643233],[-71.39249,8.64507],[-71.390983,8.647413],[-71.389795,8.649543],[-71.389061,8.652514],[-71.389414,8.654251],[-71.389173,8.655012],[-71.388218,8.655854],[-71.387173,8.655574],[-71.386519,8.656434],[-71.385898,8.657936],[-71.384903,8.659214],[-71.383991,8.661202],[-71.383095,8.661527],[-71.382221,8.661186],[-71.380832,8.661975],[-71.380059,8.663714],[-71.379633,8.665365],[-71.379382,8.667015],[-71.378078,8.667543],[-71.376331,8.666773],[-71.375537,8.665304],[-71.374049,8.664273],[-71.368991,8.663697],[-71.366726,8.663798],[-71.362895,8.664515],[-71.358973,8.664453],[-71.357229,8.66429],[-71.356312,8.663631],[-71.354289,8.66151],[-71.35311,8.661438],[-71.350548,8.661551],[-71.347856,8.662171],[-71.345622,8.662553],[-71.342647,8.662857],[-71.339905,8.663225],[-71.338582,8.66428],[-71.33582,8.664855],[-71.334288,8.664468],[-71.331557,8.662818],[-71.329357,8.662466],[-71.324368,8.663082],[-71.324345,8.663083],[-71.323295,8.664991],[-71.322651,8.66581],[-71.322141,8.667268],[-71.320297,8.670412],[-71.318251,8.672897],[-71.316943,8.674652],[-71.315952,8.675413],[-71.314097,8.676542],[-71.312907,8.676805],[-71.310729,8.678721],[-71.309801,8.680099],[-71.308183,8.67987],[-71.305624,8.679736],[-71.301928,8.679313],[-71.299848,8.679029],[-71.293978,8.679057],[-71.291077,8.679849],[-71.289092,8.679653],[-71.286739,8.678735],[-71.284138,8.679541],[-71.281806,8.68011],[-71.27834,8.681262],[-71.276899,8.680799],[-71.274643,8.67919],[-71.272834,8.677959],[-71.271398,8.676854],[-71.271014,8.677094],[-71.269729,8.678046],[-71.265818,8.680538],[-71.263517,8.683031],[-71.260332,8.685961],[-71.256682,8.689545],[-71.253536,8.691466],[-71.251719,8.694724],[-71.250432,8.698035],[-71.246826,8.700725],[-71.241215,8.702577],[-71.237337,8.703053],[-71.234171,8.702683],[-71.230059,8.703005],[-71.225013,8.704475],[-71.221705,8.706377],[-71.216029,8.708369],[-71.213377,8.709039],[-71.217047,8.715784],[-71.220262,8.718717],[-71.222459,8.719846],[-71.224186,8.723074],[-71.227637,8.726985],[-71.230522,8.72805],[-71.23421,8.728954],[-71.23753,8.729891],[-71.239881,8.731566],[-71.243479,8.734213],[-71.24637,8.737865],[-71.248984,8.739074],[-71.253439,8.741055],[-71.258436,8.744235],[-71.260254,8.74581],[-71.262796,8.747731],[-71.265713,8.748267],[-71.268126,8.749711],[-71.271963,8.751],[-71.275637,8.753049],[-71.278516,8.754663],[-71.2814,8.758039],[-71.285004,8.758464],[-71.287508,8.759836],[-71.287955,8.762572],[-71.288814,8.764426],[-71.292788,8.764062],[-71.295948,8.76585],[-71.301506,8.76693],[-71.309124,8.764378],[-71.312703,8.76391],[-71.316244,8.765344],[-71.320756,8.771085],[-71.326169,8.773285],[-71.330699,8.773843],[-71.334776,8.774666],[-71.345667,8.773853],[-71.353068,8.772543],[-71.358066,8.773386],[-71.363978,8.775553],[-71.370255,8.776039],[-71.378403,8.776677],[-71.386073,8.776733],[-71.391129,8.777184],[-71.396133,8.777453],[-71.400097,8.777523],[-71.404107,8.776057],[-71.407162,8.77423],[-71.409911,8.773739],[-71.412988,8.776582],[-71.415583,8.779508],[-71.419728,8.781107],[-71.425063,8.782397],[-71.428278,8.782877],[-71.433245,8.783468],[-71.438355,8.785749],[-71.442582,8.78936],[-71.445332,8.791251],[-71.447481,8.794624],[-71.449515,8.798024],[-71.450579,8.798978],[-71.451044,8.799924],[-71.45207,8.797827],[-71.45395,8.794818],[-71.455698,8.792042],[-71.457181,8.789732],[-71.456517,8.788011],[-71.457072,8.786379],[-71.457628,8.784921],[-71.458262,8.78378],[-71.460052,8.782011],[-71.461026,8.779876],[-71.463197,8.777729],[-71.465492,8.7759],[-71.467921,8.774708],[-71.470867,8.773112],[-71.472289,8.772132],[-71.474014,8.771235],[-71.475774,8.770039],[-71.477868,8.768422],[-71.480083,8.766206],[-71.482169,8.765092],[-71.485901,8.761249],[-71.486923,8.758278],[-71.487567,8.752739],[-71.490115,8.747294],[-71.491821,8.744712],[-71.49382,8.742985],[-71.494813,8.741264],[-71.49638,8.739397],[-71.497223,8.736678],[-71.498216,8.734814],[-71.499783,8.73309],[-71.502007,8.730179],[-71.503507,8.728775],[-71.5044,8.726019],[-71.505574,8.724341],[-71.507394,8.722087],[-71.507914,8.718483],[-71.508182,8.715454],[-71.508984,8.713294],[-71.510574,8.711455],[-71.511036,8.709658],[-71.512012,8.706601],[-71.514595,8.70355],[-71.514573,8.696734],[-71.514857,8.691891],[-71.515997,8.686863],[-71.518043,8.683094],[-71.519764,8.678914],[-71.522303,8.677255],[-71.52278,8.674913],[-71.520733,8.671338],[-71.519129,8.668634],[-71.51847,8.665377],[-71.518628,8.662955],[-71.519059,8.659445],[-71.519697,8.657472],[-71.520591,8.655864],[-71.522457,8.654505],[-71.525869,8.652383],[-71.527343,8.651208],[-71.530035,8.648655],[-71.533699,8.646005],[-71.535795,8.644485],[-71.538679,8.643236],[-71.539341,8.641355],[-71.539799,8.640391],[-71.540362,8.637295],[-71.541582,8.63603],[-71.544397,8.635126],[-71.546867,8.634291],[-71.549019,8.634878],[-71.550822,8.63478],[-71.552482,8.63404],[-71.554816,8.633893],[-71.555944,8.633018],[-71.557812,8.632071],[-71.558501,8.631014],[-71.556487,8.630404],[-71.553848,8.629521],[-71.551436,8.627857],[-71.547682,8.625581],[-71.544605,8.625112],[-71.543099,8.624339],[-71.542561,8.622966],[-71.541258,8.620955],[-71.54005,8.619768],[-71.53746,8.619549],[-71.534892,8.618941],[-71.53154,8.618908],[-71.529735,8.618388],[-71.527448,8.618603],[-71.524162,8.617722],[-71.521114,8.618399],[-71.519387,8.61978],[-71.518007,8.621412],[-71.516856,8.622448],[-71.514865,8.621951],[-71.513529,8.622804],[-71.511981,8.623085],[-71.510318,8.623252],[-71.508771,8.623533],[-71.506455,8.622534],[-71.505071,8.623203],[-71.50341,8.623943],[-71.501887,8.624453],[-71.501887,8.624286],[-71.50051,8.624815],[-71.498663,8.624847],[-71.49699,8.624235],[-71.495313,8.623462],[-71.4936,8.62324],[-71.492008,8.623313],[-71.490775,8.624184],[-71.488841,8.625823],[-71.486453,8.627974],[-71.485378,8.628521],[-71.483555,8.628621],[-71.481637,8.62987],[-71.480244,8.630789],[-71.477372,8.630335],[-71.476036,8.629189],[-71.474603,8.627815],[-71.472499,8.626362],[-71.471104,8.625836],[-71.46944,8.624466],[-71.46841,8.623658],[-71.467531,8.622298],[-71.466421,8.622225],[-71.465531,8.622883],[-71.464105,8.623229],[-71.462742,8.623184],[-71.461007,8.623031],[-71.459389,8.622945],[-71.457677,8.622791],[-71.455961,8.623716],[-71.453922,8.625953],[-71.452034,8.627614],[-71.449564,8.62901],[-71.447739,8.630349],[-71.44675,8.63188],[-71.445184,8.632159],[-71.444061,8.632661],[-71.442201,8.633289],[-71.440083,8.63374],[-71.438434,8.633218],[-71.435053,8.630066],[-71.433801,8.628459],[-71.432501,8.628069],[-71.431688,8.627785],[-71.429986,8.626897],[-71.428216,8.627364],[-71.426429,8.628198],[-71.424759,8.627791],[-71.423252,8.627427],[-71.420479,8.627361],[-71.418176,8.627745],[-71.416532,8.628898],[-71.414541,8.629965],[-71.412483,8.62718],[-71.410557,8.623956],[-71.403234,8.61319],[-71.40145,8.610193],[-71.401276,8.608178]]]},"properties":{"Municipio":"Andrés Bello","Municipios_code":"VE1402","Ciudad":"Mérida","Pais":"Venezuela (República Bolivariana de)","area_sqkm":399.49902297,"Municipios_ref_name":"Andres Bello","center_lat":8.7040125,"center_lon":-71.37040202,"stroke-width":2,"stroke":"#000000"}},{"type":"Feature","geometry":{"type":"Polygon","coordinates":[[[-71.584363,8.515482],[-71.584362,8.514665],[-71.587462,8.512281],[-71.591449,8.509543],[-71.593842,8.50857],[-71.59526,8.507598],[-71.596501,8.506979],[-71.598363,8.506975],[-71.600049,8.507588],[-71.602269,8.509257],[-71.606092,8.513828],[-71.610447,8.519455],[-71.611246,8.52007],[-71.612664,8.519274],[-71.614438,8.519095],[-71.616832,8.519178],[-71.618785,8.519878],[-71.619761,8.519876],[-71.620381,8.519522],[-71.621708,8.517582],[-71.623746,8.516081],[-71.624985,8.514757],[-71.625161,8.513788],[-71.625425,8.512378],[-71.625423,8.511234],[-71.625949,8.511167],[-71.625947,8.510706],[-71.626923,8.511894],[-71.628298,8.514065],[-71.629116,8.516077],[-71.63112,8.519735],[-71.63274,8.52486],[-71.63534,8.537084],[-71.634905,8.538277],[-71.634244,8.540114],[-71.633193,8.542707],[-71.634059,8.544628],[-71.634554,8.546848],[-71.635513,8.554222],[-71.725222,8.504722],[-71.72475,8.503979],[-71.725217,8.500421],[-71.724273,8.499167],[-71.722615,8.498858],[-71.722105,8.497819],[-71.719022,8.496064],[-71.716491,8.494435],[-71.714855,8.493121],[-71.713413,8.492451],[-71.712513,8.491266],[-71.711365,8.489802],[-71.708964,8.48973],[-71.708958,8.487786],[-71.70893,8.485819],[-71.708995,8.483831],[-71.710273,8.481296],[-71.711275,8.480882],[-71.713049,8.481146],[-71.714691,8.479991],[-71.71435,8.478612],[-71.713804,8.477114],[-71.712004,8.475888],[-71.710494,8.474051],[-71.710134,8.472466],[-71.711206,8.469858],[-71.710015,8.469353],[-71.710673,8.467697],[-71.711379,8.465996],[-71.712062,8.464272],[-71.712109,8.463153],[-71.711114,8.461005],[-71.709969,8.459403],[-71.709043,8.458378],[-71.707398,8.457453],[-71.705718,8.456046],[-71.706149,8.453128],[-71.707092,8.450014],[-71.707996,8.446579],[-71.709884,8.44472],[-71.710249,8.442715],[-71.711449,8.440636],[-71.710624,8.439178],[-71.710323,8.435879],[-71.708925,8.432878],[-71.707441,8.431647],[-71.705751,8.430738],[-71.70466,8.429757],[-71.702061,8.427202],[-71.701104,8.425236],[-71.698902,8.423642],[-71.697161,8.421885],[-71.69565,8.419852],[-71.694184,8.41759],[-71.693297,8.415738],[-71.691282,8.414647],[-71.68885,8.413397],[-71.686945,8.411068],[-71.686371,8.407106],[-71.687051,8.404377],[-71.689514,8.402534],[-71.690566,8.400422],[-71.690782,8.397213],[-71.691834,8.395193],[-71.692082,8.393863],[-71.691474,8.392239],[-71.690844,8.391073],[-71.690821,8.391073],[-71.690883,8.390916],[-71.690095,8.390687],[-71.687937,8.391249],[-71.685987,8.393494],[-71.684591,8.396361],[-71.683822,8.398871],[-71.681753,8.400882],[-71.678732,8.401724],[-71.677872,8.401875],[-71.679245,8.398491],[-71.679255,8.39694],[-71.678716,8.395247],[-71.677461,8.393763],[-71.676117,8.392692],[-71.674717,8.389834],[-71.67415,8.387133],[-71.672754,8.384985],[-71.671913,8.382903],[-71.670049,8.380605],[-71.671779,8.380019],[-71.673205,8.379023],[-71.67359,8.377919],[-71.676839,8.376382],[-71.678708,8.375841],[-71.679648,8.37478],[-71.680499,8.374177],[-71.68262,8.373291],[-71.684095,8.372615],[-71.684989,8.371622],[-71.685657,8.371205],[-71.687525,8.370641],[-71.688657,8.370541],[-71.689059,8.370324],[-71.688684,8.369249],[-71.684162,8.365418],[-71.681824,8.364122],[-71.680967,8.363645],[-71.681688,8.359998],[-71.68138,8.358235],[-71.679775,8.355882],[-71.67819,8.352681],[-71.677467,8.351218],[-71.676969,8.348493],[-71.676705,8.346387],[-71.676953,8.345057],[-71.676858,8.344599],[-71.679318,8.342206],[-71.680211,8.340622],[-71.678835,8.337787],[-71.677208,8.335502],[-71.675737,8.33214],[-71.675222,8.330905],[-71.67524,8.32976],[-71.675263,8.329759],[-71.676617,8.328156],[-71.677375,8.325129],[-71.676834,8.320646],[-71.675864,8.31683],[-71.674774,8.312466],[-71.675139,8.309051],[-71.676908,8.306131],[-71.677515,8.30441],[-71.677595,8.302807],[-71.677326,8.300634],[-71.675327,8.30058],[-71.672032,8.299207],[-71.669033,8.297466],[-71.665597,8.295614],[-71.662532,8.294285],[-71.65854,8.291842],[-71.656135,8.289845],[-71.654518,8.28862],[-71.653347,8.288628],[-71.64853,8.289533],[-71.643452,8.289226],[-71.637841,8.288373],[-71.63205,8.288048],[-71.62851,8.287776],[-71.624768,8.288009],[-71.622558,8.287429],[-71.619861,8.286075],[-71.618197,8.284759],[-71.615903,8.282005],[-71.613037,8.279621],[-71.610432,8.278266],[-71.608539,8.277227],[-71.606809,8.27614],[-71.602815,8.273352],[-71.599256,8.27047],[-71.596734,8.267946],[-71.593513,8.267259],[-71.590085,8.266482],[-71.586612,8.265797],[-71.584191,8.264623],[-71.582073,8.263951],[-71.580645,8.263458],[-71.580352,8.264215],[-71.579428,8.266694],[-71.57838,8.267869],[-71.576514,8.27024],[-71.575298,8.273499],[-71.574192,8.276163],[-71.571882,8.277644],[-71.57005,8.278321],[-71.570501,8.280332],[-71.572123,8.282313],[-71.573903,8.283766],[-71.576359,8.286747],[-71.577325,8.290015],[-71.578218,8.292825],[-71.579935,8.295217],[-71.58071,8.300614],[-71.579653,8.303735],[-71.578425,8.305415],[-71.575411,8.311022],[-71.576558,8.313899],[-71.577951,8.31595],[-71.581322,8.318124],[-71.584297,8.319728],[-71.586214,8.324271],[-71.586811,8.327288],[-71.586443,8.330155],[-71.58642,8.330201],[-71.58537,8.332931],[-71.584459,8.335821],[-71.583201,8.3386],[-71.581309,8.344174],[-71.579765,8.350023],[-71.579614,8.352452],[-71.578747,8.354815],[-71.577349,8.357089],[-71.576202,8.358773],[-71.575628,8.359616],[-71.574384,8.3604],[-71.573179,8.360248],[-71.573015,8.36042],[-71.571842,8.360156],[-71.568795,8.360696],[-71.56547,8.360915],[-71.562977,8.361314],[-71.559888,8.362586],[-71.558554,8.36392],[-71.555859,8.365465],[-71.554245,8.366181],[-71.552656,8.367264],[-71.552108,8.368549],[-71.55297,8.37031],[-71.553537,8.373103],[-71.55348,8.375784],[-71.553678,8.378786],[-71.552785,8.380623],[-71.55021,8.383405],[-71.547868,8.386575],[-71.549052,8.387923],[-71.549614,8.389548],[-71.551934,8.391807],[-71.554968,8.393583],[-71.556686,8.395501],[-71.560302,8.398282],[-71.562093,8.401208],[-71.56224,8.402926],[-71.562272,8.405011],[-71.563164,8.408078],[-71.563912,8.410183],[-71.582252,8.44716],[-71.582378,8.447414],[-71.581619,8.44815],[-71.580214,8.449118],[-71.579569,8.449555],[-71.57911,8.450268],[-71.578171,8.451875],[-71.576049,8.452731],[-71.574505,8.453516],[-71.572573,8.455334],[-71.57147,8.456758],[-71.570923,8.458273],[-71.57082,8.461206],[-71.570601,8.463681],[-71.570907,8.464894],[-71.572192,8.468166],[-71.573081,8.470568],[-71.572955,8.473318],[-71.572159,8.476185],[-71.571567,8.477884],[-71.57012,8.479952],[-71.570037,8.480305],[-71.570007,8.480433],[-71.571191,8.48162],[-71.571433,8.484117],[-71.57251,8.487068],[-71.57432,8.488986],[-71.576385,8.490719],[-71.576946,8.492183],[-71.577657,8.496121],[-71.57843,8.498341],[-71.579826,8.50042],[-71.581594,8.502933],[-71.582731,8.503822],[-71.582573,8.504785],[-71.582136,8.505222],[-71.581885,8.505888],[-71.582611,8.507993],[-71.583383,8.509937],[-71.583575,8.51154],[-71.583786,8.512273],[-71.583398,8.513191],[-71.583565,8.514496],[-71.584123,8.515112],[-71.584344,8.515474],[-71.584363,8.515482]]]},"properties":{"Municipio":"Antonio Pinto Salinas","Municipios_code":"VE1403","Ciudad":"Mérida","Pais":"Venezuela (República Bolivariana de)","area_sqkm":356.7961789,"Municipios_ref_name":"Antonio Pinto Salinas","center_lat":8.4091305,"center_lon":-71.62510115,"stroke-width":2,"stroke":"#000000"}},{"type":"Feature","geometry":{"type":"Polygon","coordinates":[[[-70.910974,8.302432],[-70.915544,8.299616],[-70.917943,8.297231],[-70.926821,8.288401],[-70.932455,8.295151],[-70.93124,8.298089],[-70.936631,8.305082],[-70.958144,8.312098],[-70.962789,8.313655],[-70.965238,8.316901],[-70.97672,8.316354],[-70.975515,8.323483],[-70.98212,8.327784],[-70.992393,8.333626],[-71.000971,8.345849],[-71.00805,8.343502],[-71.015377,8.342886],[-71.021981,8.346201],[-71.026623,8.346279],[-71.028339,8.34902],[-71.042014,8.346291],[-71.050098,8.356534],[-71.059653,8.369266],[-71.068701,8.372869],[-71.082703,8.374449],[-71.083332,8.373425],[-71.084066,8.37173],[-71.08648,8.372491],[-71.08822,8.371591],[-71.090198,8.368279],[-71.093957,8.368057],[-71.096574,8.368541],[-71.101595,8.370661],[-71.105852,8.371233],[-71.108828,8.373868],[-71.112005,8.376179],[-71.115285,8.380529],[-71.119807,8.385959],[-71.122097,8.386243],[-71.127448,8.383127],[-71.13165,8.381659],[-71.135319,8.381575],[-71.136948,8.380975],[-71.136968,8.377947],[-71.136703,8.375864],[-71.136724,8.372972],[-71.138379,8.369665],[-71.140842,8.366459],[-71.144364,8.364428],[-71.145829,8.365115],[-71.149424,8.364689],[-71.152096,8.36437],[-71.154819,8.364325],[-71.157423,8.363983],[-71.15925,8.362783],[-71.162009,8.360673],[-71.164614,8.35907],[-71.166978,8.356829],[-71.16914,8.353583],[-71.170636,8.351929],[-71.170087,8.349438],[-71.167965,8.346744],[-71.167385,8.345148],[-71.166964,8.34199],[-71.166409,8.339132],[-71.166471,8.335897],[-71.16846,8.33474],[-71.171756,8.333033],[-71.17406,8.331389],[-71.17499,8.33041],[-71.175928,8.329867],[-71.178385,8.330492],[-71.180042,8.326936],[-71.181609,8.324557],[-71.183267,8.322016],[-71.183705,8.317771],[-71.18595,8.309952],[-71.186962,8.305402],[-71.186336,8.303117],[-71.183975,8.300624],[-71.184164,8.296863],[-71.18554,8.29389],[-71.186447,8.290349],[-71.186851,8.28725],[-71.189138,8.283143],[-71.19043,8.278842],[-71.191764,8.276328],[-71.193717,8.273188],[-71.194814,8.270127],[-71.197177,8.266569],[-71.19946,8.264227],[-71.202458,8.261716],[-71.205489,8.260145],[-71.207397,8.257257],[-71.208296,8.255046],[-71.209603,8.254229],[-71.210727,8.253527],[-71.211498,8.252258],[-71.212929,8.250154],[-71.215621,8.247188],[-71.218142,8.245371],[-71.217973,8.242737],[-71.216815,8.238282],[-71.216262,8.234278],[-71.216708,8.230812],[-71.219412,8.224821],[-71.222424,8.22153],[-71.225115,8.21845],[-71.226807,8.216963],[-71.229681,8.215829],[-71.235274,8.214157],[-71.237366,8.213307],[-71.238426,8.21098],[-71.239194,8.205401],[-71.240877,8.201049],[-71.242735,8.19791],[-71.24347,8.195472],[-71.24786,8.191569],[-71.253901,8.182513],[-71.258145,8.177947],[-71.261214,8.173693],[-71.263962,8.167564],[-71.267885,8.163253],[-71.270285,8.16107],[-71.268128,8.158254],[-71.265196,8.15217],[-71.262499,8.148467],[-71.259236,8.143694],[-71.255838,8.139334],[-71.253153,8.136685],[-71.250653,8.134102],[-71.248684,8.131513],[-71.248332,8.128927],[-71.248795,8.126928],[-71.249783,8.12451],[-71.250381,8.122234],[-71.250428,8.120262],[-71.248537,8.118383],[-71.246739,8.116571],[-71.245446,8.116586],[-71.242478,8.11747],[-71.240637,8.115956],[-71.238336,8.11259],[-71.236771,8.111005],[-71.23553,8.109461],[-71.233782,8.107992],[-71.232388,8.107253],[-71.230333,8.105146],[-71.228904,8.103352],[-71.227817,8.103182],[-71.227536,8.10275],[-71.227755,8.101739],[-71.229482,8.101328],[-71.230143,8.098456],[-71.230445,8.096619],[-71.231581,8.09287],[-71.231827,8.090139],[-71.231922,8.088259],[-71.231812,8.086725],[-71.232804,8.084536],[-71.233363,8.082971],[-71.232926,8.081005],[-71.232956,8.077498],[-71.232225,8.074046],[-71.232438,8.072485],[-71.234459,8.06939],[-71.234514,8.066112],[-71.235525,8.063624],[-71.237089,8.061038],[-71.237356,8.060141],[-71.237259,8.055513],[-71.237455,8.054457],[-71.239334,8.053265],[-71.241613,8.052688],[-71.243314,8.049941],[-71.24442,8.047727],[-71.246289,8.045482],[-71.247268,8.044279],[-71.24862,8.043323],[-71.250254,8.040897],[-71.252004,8.040441],[-71.254586,8.038118],[-71.256538,8.037224],[-71.25821,8.036036],[-71.259567,8.035584],[-71.260771,8.033874],[-71.263089,8.032654],[-71.264296,8.033236],[-71.265252,8.034095],[-71.265603,8.034504],[-71.266405,8.034036],[-71.266293,8.032272],[-71.266114,8.030647],[-71.266076,8.029319],[-71.268134,8.027621],[-71.268855,8.026031],[-71.26945,8.023502],[-71.270022,8.020974],[-71.271307,8.0183],[-71.272961,8.015393],[-71.274085,8.012721],[-71.274428,8.010425],[-71.27505,8.008218],[-71.275978,8.006603],[-71.276122,8.005019],[-71.277234,8.003333],[-71.277441,8.001245],[-71.278352,8.000089],[-71.278552,7.999399],[-71.27808,7.99851],[-71.277727,7.997873],[-71.278645,7.997449],[-71.279008,7.996895],[-71.279445,7.996039],[-71.280489,7.994804],[-71.281808,7.99396],[-71.282918,7.993528],[-71.283429,7.99275],[-71.283597,7.991442],[-71.284502,7.990459],[-71.28497,7.989038],[-71.285323,7.987547],[-71.285952,7.986242],[-71.286765,7.98512],[-71.28712,7.983377],[-71.286547,7.98248],[-71.286372,7.980482],[-71.286499,7.978209],[-71.286508,7.976212],[-71.28672,7.975295],[-71.2876,7.974633],[-71.287859,7.973601],[-71.287099,7.973231],[-71.286666,7.97215],[-71.28589,7.970402],[-71.285456,7.969459],[-71.286244,7.968774],[-71.287536,7.968871],[-71.2895,7.968283],[-71.290614,7.966887],[-71.290421,7.963902],[-71.290383,7.962043],[-71.291314,7.960394],[-71.29315,7.957693],[-71.293236,7.954227],[-71.293151,7.95262],[-71.293508,7.950418],[-71.293654,7.948766],[-71.293013,7.947776],[-71.292882,7.946215],[-71.293587,7.943693],[-71.293896,7.941606],[-71.29372,7.93986],[-71.291928,7.938407],[-71.289866,7.9353],[-71.28884,7.932954],[-71.288137,7.930448],[-71.288541,7.927994],[-71.289819,7.925979],[-71.290865,7.924331],[-71.291568,7.922222],[-71.290813,7.920934],[-71.290703,7.920294],[-71.290521,7.919234],[-71.29039,7.917604],[-71.290024,7.916379],[-71.289868,7.915857],[-71.289523,7.915394],[-71.289318,7.91512],[-71.288924,7.913998],[-71.287756,7.914589],[-71.286363,7.913081],[-71.285231,7.910903],[-71.283694,7.910224],[-71.283091,7.909055],[-71.282772,7.908484],[-71.282777,7.907483],[-71.282833,7.907393],[-71.282854,7.906616],[-71.28229,7.905045],[-71.281093,7.905162],[-71.279814,7.906818],[-71.278028,7.907407],[-71.275546,7.906748],[-71.273063,7.907122],[-71.272346,7.908078],[-71.271621,7.9097],[-71.270373,7.910645],[-71.269998,7.909345],[-71.270001,7.907371],[-71.269468,7.906189],[-71.268664,7.905265],[-71.26691,7.906289],[-71.26605,7.908097],[-71.265862,7.910029],[-71.266415,7.911096],[-71.26764,7.91224],[-71.267115,7.913559],[-71.266525,7.915086],[-71.267214,7.917068],[-71.266942,7.918336],[-71.265692,7.91811],[-71.264879,7.916819],[-71.26411,7.917524],[-71.262541,7.917511],[-71.260924,7.917385],[-71.260282,7.918615],[-71.260682,7.918997],[-71.261025,7.919907],[-71.261419,7.921046],[-71.259601,7.922301],[-71.258085,7.923664],[-71.256707,7.922867],[-71.255993,7.923961],[-71.255693,7.925046],[-71.255373,7.926223],[-71.254485,7.926747],[-71.253867,7.925888],[-71.253295,7.925074],[-71.252626,7.925042],[-71.252611,7.926488],[-71.252433,7.927869],[-71.251754,7.929512],[-71.249191,7.930439],[-71.247501,7.931209],[-71.246147,7.933624],[-71.245131,7.935711],[-71.244638,7.937442],[-71.243978,7.938902],[-71.241565,7.939321],[-71.239202,7.939922],[-71.237717,7.940573],[-71.237477,7.941198],[-71.238178,7.941619],[-71.238717,7.944132],[-71.238662,7.945854],[-71.238267,7.94678],[-71.237223,7.947537],[-71.23632,7.94533],[-71.234633,7.944126],[-71.23319,7.942459],[-71.232139,7.94294],[-71.231674,7.944854],[-71.231462,7.946786],[-71.230942,7.948358],[-71.230716,7.949625],[-71.231799,7.949579],[-71.232513,7.949518],[-71.232476,7.950987],[-71.232857,7.952609],[-71.23424,7.952579],[-71.234874,7.953094],[-71.235685,7.955325],[-71.235922,7.956697],[-71.235006,7.958071],[-71.233589,7.957665],[-71.231985,7.957079],[-71.230923,7.958088],[-71.23003,7.959438],[-71.228704,7.959994],[-71.228399,7.958692],[-71.22741,7.957772],[-71.226105,7.959315],[-71.2247,7.961524],[-71.220067,7.965937],[-71.214831,7.969145],[-71.210962,7.971545],[-71.207388,7.972745],[-71.204139,7.975016],[-71.199795,7.975751],[-71.196861,7.977718],[-71.193816,7.980903],[-71.191321,7.982861],[-71.188001,7.985088],[-71.184289,7.988379],[-71.181782,7.99091],[-71.181161,7.993126],[-71.17893,7.99556],[-71.176587,7.994989],[-71.173799,7.995117],[-71.171055,7.995175],[-71.168731,7.996797],[-71.169072,7.999359],[-71.169701,8.000537],[-71.170152,8.001949],[-71.170836,8.003424],[-71.171947,8.00537],[-71.169987,8.006429],[-71.169242,8.007113],[-71.167973,8.008085],[-71.167707,8.01041],[-71.167563,8.012021],[-71.165354,8.012351],[-71.163814,8.012641],[-71.162758,8.014756],[-71.160645,8.012444],[-71.158321,8.0128],[-71.155744,8.014104],[-71.154501,8.015237],[-71.153488,8.016318],[-71.152294,8.018436],[-71.15102,8.020166],[-71.149275,8.020577],[-71.147127,8.020538],[-71.144943,8.020018],[-71.14259,8.022005],[-71.141128,8.023579],[-71.139617,8.02318],[-71.136967,8.022511],[-71.135722,8.022588],[-71.134941,8.024627],[-71.134272,8.026526],[-71.133162,8.02832],[-71.132499,8.029508],[-71.13123,8.030832],[-71.131038,8.031032],[-71.1309,8.031177],[-71.130185,8.033054],[-71.130138,8.033089],[-71.130057,8.03315],[-71.129425,8.033626],[-71.129051,8.033908],[-71.128454,8.034978],[-71.128296,8.035294],[-71.127815,8.036257],[-71.126671,8.038534],[-71.125553,8.03909],[-71.123216,8.038941],[-71.121575,8.03889],[-71.120845,8.03737],[-71.11999,8.035532],[-71.119397,8.035294],[-71.117728,8.034624],[-71.117339,8.035294],[-71.11662,8.036533],[-71.11523,8.039161],[-71.11412,8.038179],[-71.111951,8.037337],[-71.109473,8.037054],[-71.108783,8.038104],[-71.111349,8.04006],[-71.111462,8.040907],[-71.11052,8.042032],[-71.1078,8.044119],[-71.106635,8.043689],[-71.104742,8.042817],[-71.103817,8.043689],[-71.103723,8.045482],[-71.103435,8.046912],[-71.103337,8.049486],[-71.102625,8.051524],[-71.10288,8.054341],[-71.102058,8.055669],[-71.099742,8.057333],[-71.097224,8.058222],[-71.095216,8.059235],[-71.094578,8.061454],[-71.095021,8.063463],[-71.095313,8.064994],[-71.09432,8.068737],[-71.095168,8.070323],[-71.094837,8.071915],[-71.094402,8.0739],[-71.0932,8.072942],[-71.091027,8.070081],[-71.089187,8.070424],[-71.087036,8.072176],[-71.084462,8.072675],[-71.082787,8.07313],[-71.081536,8.074859],[-71.080628,8.076465],[-71.079768,8.077152],[-71.078697,8.077752],[-71.076842,8.078395],[-71.074803,8.079088],[-71.074363,8.082794],[-71.07347,8.084033],[-71.070424,8.087],[-71.069465,8.089343],[-71.070402,8.090766],[-71.068574,8.09065],[-71.067066,8.091353],[-71.065362,8.092474],[-71.062954,8.096022],[-71.061598,8.097203],[-71.060661,8.09858],[-71.060358,8.099391],[-71.059146,8.09988],[-71.059272,8.101254],[-71.057898,8.101747],[-71.056799,8.1012],[-71.056325,8.101648],[-71.056568,8.103088],[-71.056687,8.105082],[-71.056826,8.10602],[-71.055835,8.106136],[-71.054681,8.106164],[-71.053605,8.106581],[-71.05344,8.108306],[-71.052507,8.109799],[-71.051361,8.110194],[-71.048828,8.110509],[-71.047958,8.111769],[-71.046666,8.113729],[-71.045011,8.115974],[-71.045643,8.117198],[-71.045931,8.118568],[-71.045896,8.119969],[-71.046335,8.12184],[-71.046857,8.124261],[-71.045885,8.125111],[-71.044822,8.125114],[-71.044303,8.125586],[-71.045047,8.126738],[-71.045417,8.12767],[-71.044555,8.131136],[-71.043356,8.131211],[-71.04345,8.132242],[-71.04438,8.133389],[-71.045673,8.134299],[-71.046762,8.135374],[-71.047478,8.138157],[-71.046437,8.140891],[-71.047098,8.144272],[-71.046006,8.144964],[-71.045313,8.145922],[-71.044908,8.145906],[-71.04491,8.145921],[-71.044965,8.146324],[-71.044149,8.147777],[-71.043111,8.147881],[-71.042677,8.148344],[-71.042696,8.15004],[-71.042218,8.150779],[-71.042581,8.152265],[-71.042937,8.153155],[-71.041136,8.155376],[-71.039971,8.156604],[-71.037897,8.157017],[-71.036988,8.158403],[-71.036642,8.16063],[-71.035345,8.162433],[-71.033236,8.163878],[-71.030594,8.165146],[-71.027746,8.1666],[-71.024949,8.168534],[-71.023279,8.170043],[-71.021911,8.171641],[-71.020593,8.173674],[-71.018945,8.175091],[-71.018194,8.176154],[-71.018317,8.179017],[-71.018402,8.180483],[-71.016649,8.180687],[-71.014644,8.181053],[-71.013913,8.181772],[-71.012702,8.183001],[-71.013554,8.184939],[-71.0144,8.186328],[-71.013347,8.187211],[-71.012622,8.188503],[-71.012865,8.189669],[-71.012466,8.191209],[-71.012613,8.19201],[-71.012074,8.193414],[-71.011231,8.194616],[-71.010595,8.195632],[-71.009462,8.197639],[-71.009429,8.1989],[-71.009974,8.200131],[-71.01084,8.201107],[-71.012455,8.203083],[-71.013741,8.204627],[-71.015593,8.20715],[-71.017335,8.210201],[-71.018837,8.212407],[-71.020873,8.214883],[-71.022696,8.216902],[-71.022135,8.218468],[-71.021141,8.220519],[-71.021631,8.221018],[-71.023464,8.221776],[-71.024192,8.222845],[-71.025099,8.22343],[-71.026861,8.224029],[-71.027032,8.224921],[-71.026974,8.225999],[-71.02623,8.227681],[-71.025433,8.228744],[-71.024025,8.230984],[-71.023663,8.231699],[-71.023841,8.233209],[-71.024778,8.23439],[-71.026017,8.235752],[-71.026407,8.237718],[-71.027255,8.239175],[-71.028144,8.240311],[-71.028926,8.242113],[-71.030142,8.243429],[-71.030083,8.243425],[-71.030008,8.24342],[-71.018331,8.24261],[-71.014426,8.244024],[-71.011146,8.247778],[-71.010469,8.248553],[-71.007846,8.251555],[-71.001627,8.258865],[-71.001023,8.259575],[-70.994928,8.264895],[-70.984672,8.266941],[-70.975144,8.267028],[-70.969269,8.26126],[-70.966555,8.249382],[-70.966011,8.248553],[-70.963614,8.244896],[-70.960189,8.242866],[-70.950665,8.244925],[-70.943437,8.248553],[-70.941637,8.249457],[-70.935794,8.258479],[-70.926277,8.263496],[-70.910161,8.266676],[-70.908698,8.267637],[-70.906751,8.271302],[-70.910679,8.279749],[-70.911424,8.285431],[-70.909967,8.289351],[-70.907779,8.294244],[-70.90828,8.299675],[-70.910974,8.302432]]]},"properties":{"Municipio":"Aricagua","Municipios_code":"VE1404","Ciudad":"Mérida","Pais":"Venezuela (República Bolivariana de)","area_sqkm":943.67904833,"Municipios_ref_name":"Aricagua","center_lat":8.14543484,"center_lon":-71.15304553,"stroke-width":2,"stroke":"#000000"}},{"type":"Feature","geometry":{"type":"Polygon","coordinates":[[[-71.178385,8.330492],[-71.181425,8.331473],[-71.183756,8.332857],[-71.18614,8.336005],[-71.188369,8.338193],[-71.191749,8.34018],[-71.195492,8.341815],[-71.198176,8.344981],[-71.202096,8.346109],[-71.206151,8.348449],[-71.207749,8.351565],[-71.211226,8.35653],[-71.213716,8.359149],[-71.21718,8.360605],[-71.223654,8.361254],[-71.227149,8.361815],[-71.231066,8.361337],[-71.232384,8.362851],[-71.234383,8.363666],[-71.237015,8.362315],[-71.241291,8.358505],[-71.243939,8.355364],[-71.247221,8.351455],[-71.251255,8.349713],[-71.256745,8.349552],[-71.259155,8.350039],[-71.262081,8.351091],[-71.26635,8.35102],[-71.269547,8.34897],[-71.272288,8.34725],[-71.27321,8.344413],[-71.274956,8.34115],[-71.276618,8.337017],[-71.279013,8.333972],[-71.283132,8.333192],[-71.286376,8.332541],[-71.290676,8.331551],[-71.294798,8.332376],[-71.297817,8.332118],[-71.29971,8.330779],[-71.302448,8.328164],[-71.30628,8.32594],[-71.308282,8.323211],[-71.309746,8.32191],[-71.311963,8.319888],[-71.312479,8.31853],[-71.314393,8.318277],[-71.317677,8.318626],[-71.320865,8.32065],[-71.32433,8.322647],[-71.325885,8.325264],[-71.329609,8.323682],[-71.332864,8.321557],[-71.336052,8.319455],[-71.338378,8.31686],[-71.341246,8.315266],[-71.344489,8.314012],[-71.345572,8.313815],[-71.345917,8.313719],[-71.346261,8.311492],[-71.346892,8.308161],[-71.348534,8.30232],[-71.348654,8.29879],[-71.349077,8.295393],[-71.349242,8.291747],[-71.349997,8.289103],[-71.353249,8.286702],[-71.356017,8.284422],[-71.359655,8.281489],[-71.363682,8.27814],[-71.366314,8.276045],[-71.369139,8.278645],[-71.372435,8.282042],[-71.375612,8.285142],[-71.379849,8.287977],[-71.384932,8.290114],[-71.388333,8.292502],[-71.392214,8.292591],[-71.396861,8.293037],[-71.398225,8.295083],[-71.401114,8.299195],[-71.404678,8.30371],[-71.407444,8.305211],[-71.411082,8.308122],[-71.416199,8.309158],[-71.418813,8.309492],[-71.422117,8.307618],[-71.42386,8.306424],[-71.424843,8.30575],[-71.427154,8.303888],[-71.430651,8.302699],[-71.432883,8.300057],[-71.435423,8.296015],[-71.439668,8.289775],[-71.443605,8.286839],[-71.44544,8.283814],[-71.44667,8.282355],[-71.448234,8.27986],[-71.449351,8.276661],[-71.450693,8.273024],[-71.452142,8.270553],[-71.451888,8.268609],[-71.452013,8.265514],[-71.454694,8.263716],[-71.457847,8.264799],[-71.463528,8.266652],[-71.466227,8.266412],[-71.469461,8.264515],[-71.472962,8.263738],[-71.476035,8.263906],[-71.48073,8.264441],[-71.483255,8.265143],[-71.485584,8.266741],[-71.488975,8.264429],[-71.491558,8.262219],[-71.494404,8.258792],[-71.494231,8.255907],[-71.494201,8.251508],[-71.495503,8.248398],[-71.495658,8.245898],[-71.49706,8.24336],[-71.499921,8.241004],[-71.502964,8.239159],[-71.504751,8.237422],[-71.507145,8.238253],[-71.509533,8.238077],[-71.512156,8.238815],[-71.514896,8.239735],[-71.515405,8.243349],[-71.516117,8.246503],[-71.519694,8.24886],[-71.522557,8.250947],[-71.524344,8.253544],[-71.524845,8.256151],[-71.525377,8.259879],[-71.525697,8.262876],[-71.526057,8.265049],[-71.527715,8.268883],[-71.529545,8.270931],[-71.533375,8.273355],[-71.535819,8.274483],[-71.537304,8.273442],[-71.538718,8.271967],[-71.54214,8.271944],[-71.544306,8.27289],[-71.545831,8.274093],[-71.549512,8.274961],[-71.55271,8.27558],[-71.556244,8.275189],[-71.558109,8.275794],[-71.562896,8.27686],[-71.57005,8.278321],[-71.571882,8.277644],[-71.574192,8.276163],[-71.575298,8.273499],[-71.576514,8.27024],[-71.57838,8.267869],[-71.579428,8.266694],[-71.580352,8.264215],[-71.580645,8.263458],[-71.579529,8.261519],[-71.579725,8.257008],[-71.579671,8.25275],[-71.580819,8.24956],[-71.583374,8.247115],[-71.585149,8.244859],[-71.585174,8.242043],[-71.584964,8.238404],[-71.585033,8.235244],[-71.584843,8.23117],[-71.583944,8.227536],[-71.584448,8.224213],[-71.586194,8.221271],[-71.586535,8.21756],[-71.586867,8.21584],[-71.588644,8.213905],[-71.591572,8.212259],[-71.593787,8.210458],[-71.604816,8.208023],[-71.608309,8.205251],[-71.609785,8.202975],[-71.611104,8.201202],[-71.61452,8.200353],[-71.616023,8.198603],[-71.618674,8.196867],[-71.622019,8.195745],[-71.623041,8.194112],[-71.624336,8.192226],[-71.626104,8.192214],[-71.626803,8.190537],[-71.628691,8.188029],[-71.631944,8.186976],[-71.63294,8.185092],[-71.635418,8.181686],[-71.636784,8.180051],[-71.634974,8.177546],[-71.631914,8.173538],[-71.62803,8.169902],[-71.626171,8.167031],[-71.624416,8.162465],[-71.621935,8.159346],[-71.620904,8.156537],[-71.62111,8.153215],[-71.621481,8.150695],[-71.622683,8.148534],[-71.623997,8.146167],[-71.626144,8.144458],[-71.628704,8.142837],[-71.630925,8.142066],[-71.632546,8.140842],[-71.634266,8.137396],[-71.63613,8.134773],[-71.636548,8.132343],[-71.63666,8.128817],[-71.637146,8.126181],[-71.635817,8.123352],[-71.629895,8.120509],[-71.625722,8.118317],[-71.623001,8.116619],[-71.618357,8.115804],[-71.614133,8.115834],[-71.609926,8.115153],[-71.605791,8.11477],[-71.603569,8.115632],[-71.601963,8.115758],[-71.599503,8.11534],[-71.596258,8.111059],[-71.593224,8.107417],[-71.590984,8.105646],[-71.587675,8.102121],[-71.58642,8.099977],[-71.585106,8.095979],[-71.58414,8.092551],[-71.58408,8.09056],[-71.585419,8.088399],[-71.585744,8.085741],[-71.585201,8.083661],[-71.583254,8.081202],[-71.581788,8.078419],[-71.580167,8.076553],[-71.578965,8.075348],[-71.57664,8.074402],[-71.575682,8.072165],[-71.574671,8.06883],[-71.572079,8.065802],[-71.570388,8.063685],[-71.56994,8.06204],[-71.567694,8.059376],[-71.565702,8.056826],[-71.564129,8.055165],[-71.562801,8.05245],[-71.561842,8.050121],[-71.561397,8.048888],[-71.56173,8.04726],[-71.562664,8.046246],[-71.563578,8.045439],[-71.563961,8.044452],[-71.56586,8.043477],[-71.565997,8.043407],[-71.567392,8.04271],[-71.568225,8.042197],[-71.568969,8.041738],[-71.57009,8.041158],[-71.571171,8.040316],[-71.571574,8.040003],[-71.571605,8.039871],[-71.571653,8.039648],[-71.571695,8.039405],[-71.571258,8.039322],[-71.570367,8.037909],[-71.570179,8.034461],[-71.570171,8.031897],[-71.569187,8.029246],[-71.567848,8.025976],[-71.566781,8.024916],[-71.566769,8.021114],[-71.567899,8.013861],[-71.569217,8.010411],[-71.570537,8.007402],[-71.570527,8.004042],[-71.569014,8.002011],[-71.566792,7.999892],[-71.564012,7.996922],[-71.56215,7.995819],[-71.560177,7.994002],[-71.558511,7.992181],[-71.557762,7.989838],[-71.557197,7.985958],[-71.556144,7.983925],[-71.553255,7.982732],[-71.551066,7.980099],[-71.549385,7.977256],[-71.548246,7.976451],[-71.546507,7.976779],[-71.542517,7.977645],[-71.539748,7.977679],[-71.537402,7.97873],[-71.535557,7.978854],[-71.535464,7.978746],[-71.534517,7.977642],[-71.534515,7.977639],[-71.531196,7.974917],[-71.528814,7.973207],[-71.528066,7.970966],[-71.52855,7.968812],[-71.528627,7.966868],[-71.527882,7.964831],[-71.525503,7.963428],[-71.523023,7.962128],[-71.521672,7.960814],[-71.519706,7.959508],[-71.516685,7.956066],[-71.513997,7.954461],[-71.511817,7.952543],[-71.511632,7.946306],[-71.511261,7.941503],[-71.51046,7.935273],[-71.511226,7.93107],[-71.510455,7.92709],[-71.508649,7.922407],[-71.508788,7.917393],[-71.509656,7.913189],[-71.51065,7.910722],[-71.51104,7.909183],[-71.510996,7.90591],[-71.510235,7.902112],[-71.510117,7.901522],[-71.510075,7.898351],[-71.510245,7.89569],[-71.510922,7.892511],[-71.509051,7.890692],[-71.509714,7.889844],[-71.509796,7.889739],[-71.508574,7.889393],[-71.506843,7.888316],[-71.504036,7.886111],[-71.502267,7.885456],[-71.50025,7.884709],[-71.498267,7.882763],[-71.495014,7.879571],[-71.492838,7.876212],[-71.492533,7.872057],[-71.492413,7.867811],[-71.490933,7.863537],[-71.489996,7.861674],[-71.488464,7.858547],[-71.486234,7.85684],[-71.482848,7.855749],[-71.480455,7.854616],[-71.474626,7.853308],[-71.47127,7.855797],[-71.467902,7.861316],[-71.465811,7.864613],[-71.462812,7.87011],[-71.458838,7.876522],[-71.454276,7.880705],[-71.451449,7.883425],[-71.448758,7.886903],[-71.447824,7.889516],[-71.448226,7.892433],[-71.44763,7.896837],[-71.446294,7.901445],[-71.44464,7.905157],[-71.442069,7.907488],[-71.439022,7.907935],[-71.436786,7.907674],[-71.435402,7.9076],[-71.43434,7.907803],[-71.43089,7.905517],[-71.426126,7.903181],[-71.421754,7.900754],[-71.41798,7.898835],[-71.414826,7.897422],[-71.413584,7.896614],[-71.411789,7.895781],[-71.411846,7.893302],[-71.411858,7.890709],[-71.411394,7.886369],[-71.411318,7.88272],[-71.411153,7.878289],[-71.411285,7.87464],[-71.409165,7.869262],[-71.405756,7.86312],[-71.403649,7.85992],[-71.401575,7.859637],[-71.399725,7.860618],[-71.397291,7.863178],[-71.394162,7.866609],[-71.391521,7.869031],[-71.389235,7.869504],[-71.387576,7.86897],[-71.385668,7.867654],[-71.3839,7.86588],[-71.382457,7.863854],[-71.379193,7.861317],[-71.376986,7.859885],[-71.373744,7.857599],[-71.373607,7.85734],[-71.372761,7.855736],[-71.373671,7.853467],[-71.373824,7.853099],[-71.374978,7.850327],[-71.375449,7.848241],[-71.374911,7.847232],[-71.373832,7.848075],[-71.372562,7.848368],[-71.370809,7.848453],[-71.369211,7.849503],[-71.368655,7.849994],[-71.367243,7.851239],[-71.363941,7.851983],[-71.359631,7.851392],[-71.355705,7.852455],[-71.354845,7.853737],[-71.353933,7.856464],[-71.352162,7.86029],[-71.350864,7.861502],[-71.347357,7.861694],[-71.344562,7.862578],[-71.341482,7.865067],[-71.337774,7.868702],[-71.334264,7.870911],[-71.334257,7.870915],[-71.334152,7.871009],[-71.332937,7.872103],[-71.332139,7.874969],[-71.330979,7.876341],[-71.328526,7.878052],[-71.32528,7.881413],[-71.321315,7.885666],[-71.320046,7.88589],[-71.31874,7.883888],[-71.317476,7.882965],[-71.314502,7.882425],[-71.309888,7.882635],[-71.307924,7.883293],[-71.305911,7.884616],[-71.303418,7.889655],[-71.302025,7.891486],[-71.298396,7.893123],[-71.295828,7.894558],[-71.294022,7.895882],[-71.294406,7.89772],[-71.294763,7.900109],[-71.294429,7.902472],[-71.293401,7.905154],[-71.292345,7.908661],[-71.290949,7.911295],[-71.288997,7.91395],[-71.289,7.913959],[-71.288924,7.913998],[-71.289318,7.91512],[-71.289523,7.915394],[-71.289868,7.915857],[-71.290024,7.916379],[-71.29039,7.917604],[-71.290521,7.919234],[-71.290703,7.920294],[-71.290813,7.920934],[-71.291568,7.922222],[-71.290865,7.924331],[-71.289819,7.925979],[-71.288541,7.927994],[-71.288137,7.930448],[-71.28884,7.932954],[-71.289866,7.9353],[-71.291928,7.938407],[-71.29372,7.93986],[-71.293896,7.941606],[-71.293587,7.943693],[-71.292882,7.946215],[-71.293013,7.947776],[-71.293654,7.948766],[-71.293508,7.950418],[-71.293151,7.95262],[-71.293236,7.954227],[-71.29315,7.957693],[-71.291314,7.960394],[-71.290383,7.962043],[-71.290421,7.963902],[-71.290614,7.966887],[-71.2895,7.968283],[-71.287536,7.968871],[-71.286244,7.968774],[-71.285456,7.969459],[-71.28589,7.970402],[-71.286666,7.97215],[-71.287099,7.973231],[-71.287859,7.973601],[-71.2876,7.974633],[-71.28672,7.975295],[-71.286508,7.976212],[-71.286499,7.978209],[-71.286372,7.980482],[-71.286547,7.98248],[-71.28712,7.983377],[-71.286765,7.98512],[-71.285952,7.986242],[-71.285323,7.987547],[-71.28497,7.989038],[-71.284502,7.990459],[-71.283597,7.991442],[-71.283429,7.99275],[-71.282918,7.993528],[-71.281808,7.99396],[-71.280489,7.994804],[-71.279445,7.996039],[-71.279008,7.996895],[-71.278645,7.997449],[-71.277727,7.997873],[-71.27808,7.99851],[-71.278552,7.999399],[-71.278352,8.000089],[-71.277441,8.001245],[-71.277234,8.003333],[-71.276122,8.005019],[-71.275978,8.006603],[-71.27505,8.008218],[-71.274428,8.010425],[-71.274085,8.012721],[-71.272961,8.015393],[-71.271307,8.0183],[-71.270022,8.020974],[-71.26945,8.023502],[-71.268855,8.026031],[-71.268134,8.027621],[-71.266076,8.029319],[-71.266114,8.030647],[-71.266293,8.032272],[-71.266405,8.034036],[-71.265603,8.034504],[-71.265252,8.034095],[-71.264296,8.033236],[-71.263089,8.032654],[-71.260771,8.033874],[-71.259567,8.035584],[-71.25821,8.036036],[-71.256538,8.037224],[-71.254586,8.038118],[-71.252004,8.040441],[-71.250254,8.040897],[-71.24862,8.043323],[-71.247268,8.044279],[-71.246289,8.045482],[-71.24442,8.047727],[-71.243314,8.049941],[-71.241613,8.052688],[-71.239334,8.053265],[-71.237455,8.054457],[-71.237259,8.055513],[-71.237356,8.060141],[-71.237089,8.061038],[-71.235525,8.063624],[-71.234514,8.066112],[-71.234459,8.06939],[-71.232438,8.072485],[-71.232225,8.074046],[-71.232956,8.077498],[-71.232926,8.081005],[-71.233363,8.082971],[-71.232804,8.084536],[-71.231812,8.086725],[-71.231922,8.088259],[-71.231827,8.090139],[-71.231581,8.09287],[-71.230445,8.096619],[-71.230143,8.098456],[-71.229482,8.101328],[-71.227755,8.101739],[-71.227536,8.10275],[-71.227817,8.103182],[-71.228904,8.103352],[-71.230333,8.105146],[-71.232388,8.107253],[-71.233782,8.107992],[-71.23553,8.109461],[-71.236771,8.111005],[-71.238336,8.11259],[-71.240637,8.115956],[-71.242478,8.11747],[-71.245446,8.116586],[-71.246739,8.116571],[-71.248537,8.118383],[-71.250428,8.120262],[-71.250381,8.122234],[-71.249783,8.12451],[-71.248795,8.126928],[-71.248332,8.128927],[-71.248684,8.131513],[-71.250653,8.134102],[-71.253153,8.136685],[-71.255838,8.139334],[-71.259236,8.143694],[-71.262499,8.148467],[-71.265196,8.15217],[-71.268128,8.158254],[-71.270285,8.16107],[-71.267885,8.163253],[-71.263962,8.167564],[-71.261214,8.173693],[-71.258145,8.177947],[-71.253901,8.182513],[-71.24786,8.191569],[-71.24347,8.195472],[-71.242735,8.19791],[-71.240877,8.201049],[-71.239194,8.205401],[-71.238426,8.21098],[-71.237366,8.213307],[-71.235274,8.214157],[-71.229681,8.215829],[-71.226807,8.216963],[-71.225115,8.21845],[-71.222424,8.22153],[-71.219412,8.224821],[-71.216708,8.230812],[-71.216262,8.234278],[-71.216815,8.238282],[-71.217973,8.242737],[-71.218142,8.245371],[-71.215621,8.247188],[-71.212929,8.250154],[-71.211498,8.252258],[-71.210727,8.253527],[-71.209603,8.254229],[-71.208296,8.255046],[-71.207397,8.257257],[-71.205489,8.260145],[-71.202458,8.261716],[-71.19946,8.264227],[-71.197177,8.266569],[-71.194814,8.270127],[-71.193717,8.273188],[-71.191764,8.276328],[-71.19043,8.278842],[-71.189138,8.283143],[-71.186851,8.28725],[-71.186447,8.290349],[-71.18554,8.29389],[-71.184164,8.296863],[-71.183975,8.300624],[-71.186336,8.303117],[-71.186962,8.305402],[-71.18595,8.309952],[-71.183705,8.317771],[-71.183267,8.322016],[-71.181609,8.324557],[-71.180042,8.326936],[-71.178385,8.330492]]]},"properties":{"Municipio":"Arzobispo Chacón","Municipios_code":"VE1405","Ciudad":"Mérida","Pais":"Venezuela (República Bolivariana de)","area_sqkm":1668.0413844,"Municipios_ref_name":"Arzobispo Chacon","center_lat":8.105396,"center_lon":-71.41066307,"stroke-width":2,"stroke":"#000000"}},{"type":"Feature","geometry":{"type":"Polygon","coordinates":[[[-71.145829,8.365115],[-71.147294,8.367155],[-71.14733,8.367935],[-71.148521,8.370186],[-71.149511,8.371408],[-71.151214,8.372481],[-71.153643,8.374184],[-71.154864,8.375471],[-71.15712,8.376397],[-71.159169,8.377441],[-71.160386,8.378476],[-71.161715,8.380634],[-71.163693,8.381634],[-71.165144,8.382802],[-71.166038,8.383843],[-71.167097,8.386417],[-71.16878,8.387719],[-71.170706,8.386885],[-71.17173,8.387395],[-71.172803,8.388088],[-71.173327,8.389043],[-71.174304,8.392261],[-71.174431,8.394392],[-71.17563,8.395702],[-71.176924,8.397172],[-71.178346,8.399304],[-71.180406,8.401059],[-71.181685,8.402965],[-71.183912,8.402216],[-71.184494,8.40395],[-71.184229,8.406065],[-71.185584,8.408404],[-71.18705,8.409068],[-71.189104,8.409034],[-71.191095,8.41079],[-71.192215,8.412904],[-71.191768,8.415182],[-71.192549,8.416316],[-71.194396,8.419084],[-71.196286,8.421667],[-71.196679,8.424504],[-71.196976,8.427091],[-71.19918,8.427651],[-71.200521,8.429165],[-71.200187,8.431327],[-71.2009,8.432508],[-71.202435,8.433216],[-71.204322,8.434194],[-71.206151,8.43453],[-71.208021,8.435921],[-71.209178,8.438793],[-71.210057,8.441714],[-71.210985,8.444726],[-71.212899,8.445978],[-71.215712,8.447101],[-71.218711,8.448358],[-71.221058,8.449213],[-71.223561,8.449791],[-71.224915,8.450639],[-71.227422,8.451469],[-71.228156,8.45258],[-71.229109,8.454331],[-71.229577,8.456089],[-71.231071,8.457027],[-71.235235,8.456154],[-71.235864,8.456465],[-71.2358,8.45814],[-71.234541,8.460226],[-71.233742,8.462097],[-71.232949,8.465803],[-71.2311,8.467049],[-71.230313,8.469677],[-71.23011,8.472754],[-71.229787,8.475512],[-71.228514,8.476726],[-71.225492,8.479644],[-71.224656,8.480736],[-71.221197,8.483775],[-71.218855,8.485948],[-71.217502,8.486498],[-71.215805,8.487192],[-71.215151,8.488213],[-71.21498,8.490326],[-71.215152,8.492341],[-71.21433,8.494373],[-71.214019,8.496443],[-71.214547,8.499003],[-71.216497,8.500965],[-71.217972,8.500826],[-71.21969,8.502724],[-71.220972,8.504812],[-71.22113,8.507356],[-71.220789,8.510435],[-71.221071,8.512127],[-71.221304,8.513637],[-71.218807,8.514803],[-71.217649,8.516038],[-71.216869,8.51768],[-71.216779,8.519218],[-71.216235,8.521199],[-71.216562,8.522822],[-71.217506,8.525421],[-71.218032,8.527866],[-71.219034,8.531175],[-71.219433,8.532935],[-71.220121,8.535378],[-71.221452,8.537627],[-71.223245,8.539867],[-71.223946,8.541736],[-71.224643,8.543376],[-71.225155,8.543596],[-71.22676,8.545697],[-71.227366,8.546013],[-71.22777,8.546304],[-71.227745,8.546617],[-71.227549,8.547239],[-71.227069,8.547638],[-71.22676,8.548091],[-71.226617,8.548442],[-71.226611,8.548716],[-71.226703,8.549115],[-71.226593,8.54949],[-71.226665,8.551002],[-71.226665,8.55177],[-71.226447,8.552189],[-71.226297,8.552495],[-71.226229,8.552759],[-71.226213,8.552865],[-71.225711,8.553381],[-71.22423,8.554575],[-71.223556,8.555155],[-71.223184,8.555316],[-71.222875,8.555574],[-71.222541,8.555901],[-71.222385,8.556053],[-71.222091,8.55614],[-71.221827,8.556268],[-71.221597,8.556535],[-71.221334,8.556916],[-71.221297,8.556947],[-71.220426,8.55745],[-71.220169,8.557442],[-71.219939,8.557496],[-71.219734,8.557634],[-71.219537,8.557825],[-71.21932,8.557832],[-71.21911,8.557793],[-71.218181,8.558387],[-71.217863,8.558561],[-71.217512,8.558643],[-71.216999,8.55875],[-71.217338,8.559508],[-71.217839,8.560463],[-71.218522,8.561208],[-71.218944,8.562967],[-71.21911,8.564593],[-71.21893,8.566293],[-71.218667,8.568522],[-71.218214,8.570411],[-71.217618,8.572072],[-71.216676,8.573716],[-71.216571,8.575713],[-71.216832,8.577521],[-71.21683,8.58016],[-71.217685,8.585673],[-71.218631,8.58974],[-71.21918,8.593538],[-71.219936,8.597332],[-71.220752,8.599108],[-71.221056,8.60213],[-71.22227,8.606972],[-71.223205,8.610397],[-71.223046,8.613289],[-71.221689,8.615009],[-71.21913,8.620809],[-71.218737,8.623545],[-71.219087,8.627852],[-71.220451,8.630719],[-71.225683,8.636778],[-71.227494,8.640073],[-71.227876,8.642177],[-71.228206,8.645336],[-71.228545,8.648977],[-71.229042,8.652432],[-71.228219,8.654327],[-71.225486,8.656643],[-71.223579,8.659978],[-71.221956,8.662368],[-71.22089,8.66334],[-71.220891,8.663363],[-71.220797,8.665725],[-71.220528,8.667588],[-71.218294,8.670788],[-71.213622,8.676509],[-71.210623,8.678745],[-71.209973,8.680362],[-71.209785,8.68083],[-71.2095,8.684549],[-71.209104,8.69166],[-71.207733,8.693622],[-71.205581,8.696477],[-71.201043,8.698024],[-71.195994,8.700227],[-71.192571,8.701284],[-71.188785,8.702559],[-71.188237,8.703536],[-71.188754,8.707919],[-71.186229,8.711471],[-71.181782,8.717849],[-71.179979,8.720831],[-71.178686,8.723135],[-71.181314,8.721596],[-71.185692,8.720099],[-71.190071,8.719404],[-71.197619,8.716032],[-71.20195,8.713665],[-71.206804,8.712727],[-71.209389,8.711304],[-71.212118,8.710105],[-71.213377,8.709039],[-71.216029,8.708369],[-71.221705,8.706377],[-71.225013,8.704475],[-71.230059,8.703005],[-71.234171,8.702683],[-71.237337,8.703053],[-71.241215,8.702577],[-71.246826,8.700725],[-71.250432,8.698035],[-71.251719,8.694724],[-71.253536,8.691466],[-71.256682,8.689545],[-71.260332,8.685961],[-71.263517,8.683031],[-71.265818,8.680538],[-71.269729,8.678046],[-71.271014,8.677094],[-71.271398,8.676854],[-71.272834,8.677959],[-71.274643,8.67919],[-71.276899,8.680799],[-71.27834,8.681262],[-71.281806,8.68011],[-71.284138,8.679541],[-71.286739,8.678735],[-71.289092,8.679653],[-71.291077,8.679849],[-71.293978,8.679057],[-71.299848,8.679029],[-71.301928,8.679313],[-71.305624,8.679736],[-71.308183,8.67987],[-71.309801,8.680099],[-71.310729,8.678721],[-71.312907,8.676805],[-71.314097,8.676542],[-71.315952,8.675413],[-71.316943,8.674652],[-71.318251,8.672897],[-71.320297,8.670412],[-71.322141,8.667268],[-71.322651,8.66581],[-71.323295,8.664991],[-71.324345,8.663083],[-71.324368,8.663082],[-71.329357,8.662466],[-71.331557,8.662818],[-71.334288,8.664468],[-71.33582,8.664855],[-71.338582,8.66428],[-71.339905,8.663225],[-71.342647,8.662857],[-71.345622,8.662553],[-71.347856,8.662171],[-71.350548,8.661551],[-71.35311,8.661438],[-71.354289,8.66151],[-71.356312,8.663631],[-71.357229,8.66429],[-71.358973,8.664453],[-71.362895,8.664515],[-71.366726,8.663798],[-71.368991,8.663697],[-71.374049,8.664273],[-71.375537,8.665304],[-71.376331,8.666773],[-71.378078,8.667543],[-71.379382,8.667015],[-71.379633,8.665365],[-71.380059,8.663714],[-71.380832,8.661975],[-71.382221,8.661186],[-71.383095,8.661527],[-71.383991,8.661202],[-71.384903,8.659214],[-71.385898,8.657936],[-71.386519,8.656434],[-71.387173,8.655574],[-71.388218,8.655854],[-71.389173,8.655012],[-71.389414,8.654251],[-71.389061,8.652514],[-71.389795,8.649543],[-71.390983,8.647413],[-71.39249,8.64507],[-71.39396,8.643233],[-71.395245,8.641399],[-71.396618,8.639357],[-71.39862,8.637557],[-71.399323,8.636834],[-71.398372,8.635245],[-71.397227,8.634485],[-71.396968,8.632861],[-71.3968,8.629814],[-71.396978,8.628068],[-71.396683,8.625711],[-71.39557,8.624148],[-71.3948,8.622372],[-71.394346,8.620109],[-71.394341,8.618527],[-71.394659,8.615586],[-71.395431,8.613439],[-71.396362,8.612483],[-71.397707,8.611474],[-71.399325,8.610184],[-71.401276,8.608178],[-71.40139,8.608084],[-71.400818,8.605755],[-71.401704,8.603561],[-71.401523,8.601065],[-71.40129,8.598294],[-71.402558,8.59552],[-71.40368,8.592244],[-71.404893,8.588943],[-71.404691,8.585255],[-71.404143,8.582727],[-71.403988,8.58201],[-71.40331,8.57755],[-71.402006,8.574246],[-71.399436,8.571218],[-71.396592,8.568309],[-71.393781,8.566018],[-71.392089,8.56435],[-71.3887,8.560625],[-71.385983,8.558401],[-71.384192,8.556299],[-71.382512,8.552659],[-71.381687,8.551641],[-71.379844,8.551902],[-71.377509,8.553158],[-71.375769,8.554036],[-71.365219,8.550667],[-71.355706,8.547629],[-71.352838,8.554132],[-71.351639,8.555552],[-71.350782,8.558089],[-71.350402,8.55883],[-71.349429,8.560016],[-71.348655,8.559318],[-71.345585,8.558041],[-71.344378,8.557694],[-71.343282,8.555741],[-71.341342,8.554352],[-71.339461,8.552389],[-71.338349,8.550849],[-71.33735,8.544543],[-71.33713,8.541673],[-71.336888,8.539659],[-71.335048,8.534668],[-71.333065,8.53211],[-71.330802,8.530819],[-71.32952,8.528776],[-71.328754,8.527207],[-71.329091,8.526651],[-71.328615,8.52448],[-71.328074,8.522494],[-71.32786,8.520823],[-71.327918,8.518759],[-71.327259,8.516706],[-71.326025,8.513378],[-71.324667,8.510946],[-71.323529,8.509177],[-71.322987,8.507191],[-71.323195,8.505811],[-71.32312,8.504161],[-71.322533,8.502199],[-71.322048,8.500831],[-71.321287,8.49956],[-71.321154,8.49853],[-71.320678,8.499043],[-71.32025,8.499646],[-71.319657,8.500069],[-71.318593,8.499973],[-71.316945,8.499473],[-71.315716,8.497797],[-71.31362,8.496755],[-71.310951,8.49602],[-71.309745,8.495697],[-71.308365,8.494642],[-71.306964,8.493749],[-71.303893,8.492402],[-71.303183,8.491359],[-71.303765,8.490271],[-71.305784,8.488127],[-71.306035,8.485256],[-71.305794,8.483288],[-71.305758,8.482508],[-71.30591,8.481978],[-71.306919,8.481548],[-71.306859,8.479348],[-71.30687,8.477283],[-71.307768,8.474447],[-71.307921,8.472541],[-71.308375,8.470721],[-71.308742,8.469224],[-71.309032,8.46727],[-71.308666,8.464753],[-71.308563,8.461407],[-71.308002,8.45958],[-71.307892,8.458573],[-71.30783,8.458593],[-71.307695,8.45782],[-71.30819,8.4571],[-71.309906,8.456177],[-71.311291,8.454754],[-71.312976,8.453372],[-71.313924,8.452095],[-71.314385,8.450711],[-71.31423,8.448351],[-71.314598,8.446923],[-71.31573,8.44562],[-71.316886,8.444316],[-71.318087,8.437552],[-71.319889,8.434838],[-71.321548,8.433297],[-71.321872,8.431961],[-71.322863,8.430499],[-71.324489,8.429715],[-71.327896,8.427799],[-71.329957,8.426801],[-71.33247,8.425244],[-71.334543,8.422273],[-71.335112,8.420428],[-71.334249,8.417186],[-71.333022,8.412895],[-71.332767,8.411478],[-71.333444,8.409173],[-71.334454,8.407458],[-71.335854,8.405669],[-71.337892,8.404694],[-71.339516,8.403817],[-71.34117,8.403331],[-71.343267,8.403088],[-71.345058,8.402507],[-71.346814,8.401262],[-71.349198,8.400235],[-71.351561,8.400745],[-71.352608,8.401209],[-71.35386,8.401555],[-71.354902,8.400344],[-71.356081,8.399086],[-71.356318,8.396742],[-71.355181,8.393689],[-71.35341,8.391357],[-71.349819,8.390592],[-71.347083,8.389905],[-71.345504,8.389382],[-71.344568,8.388618],[-71.34349,8.386343],[-71.343122,8.385042],[-71.343446,8.383706],[-71.343757,8.381659],[-71.344162,8.37968],[-71.344166,8.377203],[-71.343329,8.374097],[-71.342106,8.371389],[-71.341656,8.369379],[-71.343496,8.366228],[-71.346486,8.362921],[-71.349705,8.359472],[-71.353231,8.35643],[-71.356048,8.353699],[-71.359247,8.350434],[-71.362206,8.347998],[-71.365332,8.344482],[-71.367651,8.342424],[-71.368334,8.340532],[-71.367843,8.337421],[-71.365794,8.335002],[-71.365124,8.332283],[-71.364399,8.330346],[-71.363392,8.326566],[-71.361663,8.322921],[-71.359689,8.320035],[-71.35703,8.317936],[-71.354353,8.316159],[-71.349924,8.316649],[-71.346978,8.31554],[-71.345572,8.313815],[-71.344489,8.314012],[-71.341246,8.315266],[-71.338378,8.31686],[-71.336052,8.319455],[-71.332864,8.321557],[-71.329609,8.323682],[-71.325885,8.325264],[-71.32433,8.322647],[-71.320865,8.32065],[-71.317677,8.318626],[-71.314393,8.318277],[-71.312479,8.31853],[-71.311963,8.319888],[-71.309746,8.32191],[-71.308282,8.323211],[-71.30628,8.32594],[-71.302448,8.328164],[-71.29971,8.330779],[-71.297817,8.332118],[-71.294798,8.332376],[-71.290676,8.331551],[-71.286376,8.332541],[-71.283132,8.333192],[-71.279013,8.333972],[-71.276618,8.337017],[-71.274956,8.34115],[-71.27321,8.344413],[-71.272288,8.34725],[-71.269547,8.34897],[-71.26635,8.35102],[-71.262081,8.351091],[-71.259155,8.350039],[-71.256745,8.349552],[-71.251255,8.349713],[-71.247221,8.351455],[-71.243939,8.355364],[-71.241291,8.358505],[-71.237015,8.362315],[-71.234383,8.363666],[-71.232384,8.362851],[-71.231066,8.361337],[-71.227149,8.361815],[-71.223654,8.361254],[-71.21718,8.360605],[-71.213716,8.359149],[-71.211226,8.35653],[-71.207749,8.351565],[-71.206151,8.348449],[-71.202096,8.346109],[-71.198176,8.344981],[-71.195492,8.341815],[-71.191749,8.34018],[-71.188369,8.338193],[-71.18614,8.336005],[-71.183756,8.332857],[-71.181425,8.331473],[-71.178385,8.330492],[-71.175928,8.329867],[-71.17499,8.33041],[-71.17406,8.331389],[-71.171756,8.333033],[-71.16846,8.33474],[-71.166471,8.335897],[-71.166409,8.339132],[-71.166964,8.34199],[-71.167385,8.345148],[-71.167965,8.346744],[-71.170087,8.349438],[-71.170636,8.351929],[-71.16914,8.353583],[-71.166978,8.356829],[-71.164614,8.35907],[-71.162009,8.360673],[-71.15925,8.362783],[-71.157423,8.363983],[-71.154819,8.364325],[-71.152096,8.36437],[-71.149424,8.364689],[-71.145829,8.365115]]]},"properties":{"Municipio":"Campo Elías","Municipios_code":"VE1406","Ciudad":"Mérida","Pais":"Venezuela (República Bolivariana de)","area_sqkm":616.4721148,"Municipios_ref_name":"Campo Elias","center_lat":8.5182195,"center_lon":-71.27229113,"stroke-width":2,"stroke":"#000000"}},{"type":"Feature","geometry":{"type":"Polygon","coordinates":[[[-71.035382,8.893255],[-71.03739,8.89336],[-71.041947,8.893188],[-71.04486,8.89352],[-71.04887,8.893569],[-71.053865,8.893408],[-71.057842,8.893114],[-71.060247,8.893437],[-71.061341,8.895445],[-71.06152,8.897708],[-71.062094,8.89925],[-71.064334,8.901066],[-71.067703,8.901224],[-71.070974,8.901202],[-71.073614,8.900052],[-71.076087,8.899548],[-71.077393,8.900886],[-71.078094,8.902081],[-71.079351,8.903329],[-71.080838,8.904593],[-71.084364,8.903006],[-71.085702,8.900609],[-71.087702,8.898859],[-71.090239,8.8973],[-71.093714,8.894729],[-71.09666,8.892998],[-71.099353,8.890472],[-71.102447,8.887477],[-71.104046,8.885348],[-71.105449,8.88366],[-71.107587,8.881882],[-71.110148,8.881193],[-71.111842,8.881649],[-71.115513,8.879486],[-71.117886,8.879465],[-71.121745,8.880709],[-71.125125,8.882081],[-71.127215,8.883488],[-71.130549,8.885686],[-71.134493,8.887454],[-71.13699,8.888598],[-71.140411,8.88896],[-71.143182,8.888379],[-71.14575,8.886337],[-71.147739,8.886602],[-71.147375,8.888376],[-71.146952,8.89132],[-71.148222,8.894651],[-71.150362,8.896996],[-71.150616,8.90267],[-71.150717,8.905392],[-71.153159,8.907821],[-71.154393,8.908267],[-71.156537,8.909948],[-71.157538,8.911912],[-71.157582,8.915874],[-71.157942,8.917994],[-71.159155,8.920113],[-71.164154,8.920874],[-71.16579,8.92097],[-71.166772,8.921565],[-71.169057,8.922723],[-71.170857,8.923871],[-71.173848,8.923772],[-71.175912,8.923444],[-71.178045,8.924055],[-71.179283,8.924804],[-71.184381,8.926097],[-71.186784,8.926426],[-71.189825,8.926532],[-71.193453,8.927083],[-71.196264,8.92809],[-71.198601,8.927663],[-71.201154,8.92567],[-71.203636,8.925515],[-71.204429,8.925908],[-71.206233,8.926252],[-71.207736,8.926535],[-71.210035,8.927302],[-71.211569,8.926942],[-71.212876,8.926748],[-71.215367,8.926937],[-71.215758,8.926927],[-71.217166,8.927074],[-71.218,8.927283],[-71.21884,8.926802],[-71.219245,8.926425],[-71.220106,8.925852],[-71.221053,8.925965],[-71.221944,8.926631],[-71.222602,8.927165],[-71.223733,8.928238],[-71.225243,8.929714],[-71.227093,8.930056],[-71.227396,8.930209],[-71.228197,8.930923],[-71.230232,8.931284],[-71.230811,8.931453],[-71.231014,8.932205],[-71.231018,8.932366],[-71.231364,8.933275],[-71.23176,8.934412],[-71.23184,8.935787],[-71.232266,8.937153],[-71.232666,8.93751],[-71.233063,8.937729],[-71.232737,8.939436],[-71.232744,8.939734],[-71.233206,8.940777],[-71.233256,8.940891],[-71.233147,8.942982],[-71.232941,8.943974],[-71.232259,8.945254],[-71.232246,8.945668],[-71.232221,8.946494],[-71.23256,8.947174],[-71.233353,8.948508],[-71.234409,8.949353],[-71.235463,8.95006],[-71.235881,8.950569],[-71.235899,8.950556],[-71.249726,8.941107],[-71.250572,8.940529],[-71.250596,8.940512],[-71.268993,8.928366],[-71.270565,8.927328],[-71.308464,8.902305],[-71.308729,8.902257],[-71.308411,8.903059],[-71.308264,8.904965],[-71.308949,8.906969],[-71.310676,8.909319],[-71.312487,8.911254],[-71.314944,8.913245],[-71.316011,8.913659],[-71.317916,8.914538],[-71.319733,8.915647],[-71.322112,8.917204],[-71.324668,8.918413],[-71.327087,8.919648],[-71.329824,8.920694],[-71.332148,8.920578],[-71.333416,8.920713],[-71.333995,8.920885],[-71.335029,8.920795],[-71.337233,8.920498],[-71.339434,8.920018],[-71.340792,8.920036],[-71.342189,8.919641],[-71.342443,8.918536],[-71.342452,8.917825],[-71.342942,8.917035],[-71.34429,8.916504],[-71.345406,8.915908],[-71.345786,8.915327],[-71.347124,8.914337],[-71.348254,8.914452],[-71.3492,8.914547],[-71.350293,8.915121],[-71.35095,8.915727],[-71.350951,8.915728],[-71.351632,8.914875],[-71.352022,8.914407],[-71.352768,8.913512],[-71.352694,8.913308],[-71.352089,8.913048],[-71.352885,8.911627],[-71.353015,8.911395],[-71.353943,8.910219],[-71.354844,8.909076],[-71.355948,8.907211],[-71.356603,8.904877],[-71.356865,8.902483],[-71.357586,8.900904],[-71.357963,8.89938],[-71.358363,8.897006],[-71.359428,8.894478],[-71.359056,8.893409],[-71.357567,8.89191],[-71.356448,8.890423],[-71.355475,8.888314],[-71.354835,8.887574],[-71.354421,8.885772],[-71.354496,8.883246],[-71.35469,8.880877],[-71.354949,8.879287],[-71.355195,8.878087],[-71.355881,8.876968],[-71.356706,8.874973],[-71.357293,8.873604],[-71.357405,8.872569],[-71.357267,8.870737],[-71.356969,8.868955],[-71.356587,8.866578],[-71.35641,8.864999],[-71.356359,8.862958],[-71.356265,8.861974],[-71.355916,8.860905],[-71.355853,8.859323],[-71.355404,8.857935],[-71.355499,8.856188],[-71.35533,8.854059],[-71.355413,8.852749],[-71.354767,8.850838],[-71.354079,8.849112],[-71.353529,8.848277],[-71.353125,8.846865],[-71.353077,8.845856],[-71.353044,8.844549],[-71.351846,8.844488],[-71.349892,8.844585],[-71.349008,8.845112],[-71.347854,8.845899],[-71.346486,8.84644],[-71.345118,8.846016],[-71.344043,8.845355],[-71.343349,8.844295],[-71.342517,8.843238],[-71.341582,8.842665],[-71.339648,8.842692],[-71.338224,8.842798],[-71.337522,8.842311],[-71.336222,8.840968],[-71.335063,8.839713],[-71.334226,8.838425],[-71.333748,8.836808],[-71.332646,8.835093],[-71.331933,8.83417],[-71.333004,8.832812],[-71.333141,8.831867],[-71.333198,8.830443],[-71.333745,8.829305],[-71.334474,8.828093],[-71.335374,8.826348],[-71.335598,8.824255],[-71.335627,8.823565],[-71.336185,8.821945],[-71.337414,8.820467],[-71.338292,8.81877],[-71.338325,8.816428],[-71.337675,8.815275],[-71.336543,8.814179],[-71.335322,8.813178],[-71.334594,8.810742],[-71.33372,8.809846],[-71.333796,8.808284],[-71.331787,8.807097],[-71.331516,8.805451],[-71.330292,8.803418],[-71.329537,8.801739],[-71.328856,8.799347],[-71.328673,8.796621],[-71.326525,8.796332],[-71.325486,8.793422],[-71.324166,8.792148],[-71.322359,8.791689],[-71.320569,8.790955],[-71.318882,8.789759],[-71.317254,8.788148],[-71.315077,8.785726],[-71.313085,8.784285],[-71.312268,8.782907],[-71.311236,8.782084],[-71.310151,8.781056],[-71.308316,8.780346],[-71.305712,8.780184],[-71.30431,8.779348],[-71.302906,8.778397],[-71.300937,8.776956],[-71.298854,8.774646],[-71.296867,8.773412],[-71.295398,8.771705],[-71.294059,8.77057],[-71.292934,8.769749],[-71.291877,8.767964],[-71.290893,8.767047],[-71.289923,8.766135],[-71.288814,8.764426],[-71.287955,8.762572],[-71.287508,8.759836],[-71.285004,8.758464],[-71.2814,8.758039],[-71.278516,8.754663],[-71.275637,8.753049],[-71.271963,8.751],[-71.268126,8.749711],[-71.265713,8.748267],[-71.262796,8.747731],[-71.260254,8.74581],[-71.258436,8.744235],[-71.253439,8.741055],[-71.248984,8.739074],[-71.24637,8.737865],[-71.243479,8.734213],[-71.239881,8.731566],[-71.23753,8.729891],[-71.23421,8.728954],[-71.230522,8.72805],[-71.227637,8.726985],[-71.224186,8.723074],[-71.222459,8.719846],[-71.220262,8.718717],[-71.217047,8.715784],[-71.213377,8.709039],[-71.212118,8.710105],[-71.209389,8.711304],[-71.206804,8.712727],[-71.20195,8.713665],[-71.197619,8.716032],[-71.190071,8.719404],[-71.185692,8.720099],[-71.181314,8.721596],[-71.178686,8.723135],[-71.177164,8.724643],[-71.175132,8.727661],[-71.174957,8.728026],[-71.173691,8.728863],[-71.170748,8.729793],[-71.164738,8.735458],[-71.160906,8.736756],[-71.156624,8.736852],[-71.1522,8.735121],[-71.14794,8.733499],[-71.144219,8.733831],[-71.141313,8.73531],[-71.139454,8.737125],[-71.136706,8.739286],[-71.135716,8.742566],[-71.132775,8.746062],[-71.129364,8.746775],[-71.126444,8.747773],[-71.124326,8.749389],[-71.118359,8.752556],[-71.114705,8.75607],[-71.112161,8.75976],[-71.109979,8.762409],[-71.108835,8.765922],[-71.106305,8.768512],[-71.102747,8.771382],[-71.0999,8.774118],[-71.095477,8.773256],[-71.092246,8.77385],[-71.089558,8.775711],[-71.085573,8.781389],[-71.083465,8.783394],[-71.081518,8.787044],[-71.080858,8.789765],[-71.079152,8.79137],[-71.077414,8.792633],[-71.07504,8.79744],[-71.072969,8.798345],[-71.07001,8.797144],[-71.067568,8.796295],[-71.064033,8.797539],[-71.058967,8.801664],[-71.057196,8.805837],[-71.055917,8.807842],[-71.053993,8.808216],[-71.052094,8.809528],[-71.050554,8.811266],[-71.048173,8.81179],[-71.044434,8.811527],[-71.042161,8.810971],[-71.039637,8.811293],[-71.036784,8.813044],[-71.033238,8.815571],[-71.032125,8.81693],[-71.031402,8.81908],[-71.0307,8.822765],[-71.030123,8.828461],[-71.028201,8.836279],[-71.027291,8.8473],[-71.026525,8.852841],[-71.027146,8.856076],[-71.026695,8.860511],[-71.025341,8.864763],[-71.025363,8.86719],[-71.027584,8.869145],[-71.031,8.87102],[-71.032015,8.873512],[-71.030904,8.874986],[-71.028915,8.876323],[-71.027569,8.878445],[-71.02804,8.880425],[-71.027806,8.882745],[-71.027683,8.884924],[-71.029866,8.888002],[-71.035382,8.893255]]]},"properties":{"Municipio":"Caracciolo Parra Olmedo","Municipios_code":"VE1407","Ciudad":"Mérida","Pais":"Venezuela (República Bolivariana de)","area_sqkm":589.07403514,"Municipios_ref_name":"Caracciolo Parra Olmedo","center_lat":8.829874,"center_lon":-71.18162356,"stroke-width":2,"stroke":"#000000"}},{"type":"Feature","geometry":{"type":"Polygon","coordinates":[[[-70.549838,9.005528],[-70.549903,9.005565],[-70.553339,9.00746],[-70.555031,9.008328],[-70.556799,9.008621],[-70.558636,9.008911],[-70.560632,9.009082],[-70.562252,9.009837],[-70.563972,9.010865],[-70.565313,9.011583],[-70.567106,9.011943],[-70.568878,9.011547],[-70.570988,9.010888],[-70.573853,9.010712],[-70.574689,9.010779],[-70.576848,9.011017],[-70.577394,9.010954],[-70.579054,9.010766],[-70.582559,9.01037],[-70.584859,9.00886],[-70.587041,9.007427],[-70.587499,9.007001],[-70.595771,8.999324],[-70.59865,8.996712],[-70.599664,8.994072],[-70.602372,8.991015],[-70.60506,8.989284],[-70.605974,8.987439],[-70.606973,8.985861],[-70.60842,8.984023],[-70.608892,8.982083],[-70.609349,8.981117],[-70.610892,8.97875],[-70.61137,8.976369],[-70.613366,8.973389],[-70.613664,8.971182],[-70.613694,8.969059],[-70.61365,8.965874],[-70.613575,8.9649],[-70.612711,8.963207],[-70.612828,8.961262],[-70.613463,8.960298],[-70.614718,8.959431],[-70.616231,8.959187],[-70.618203,8.957889],[-70.619633,8.957201],[-70.620791,8.956952],[-70.621151,8.956604],[-70.62437,8.955057],[-70.625636,8.953483],[-70.626277,8.952077],[-70.62718,8.951028],[-70.628709,8.949634],[-70.630852,8.94878],[-70.63264,8.947921],[-70.633197,8.94616],[-70.633238,8.94324],[-70.634256,8.940335],[-70.63597,8.938413],[-70.638832,8.93695],[-70.640007,8.935463],[-70.640468,8.934231],[-70.640493,8.932462],[-70.640342,8.930602],[-70.640005,8.929359],[-70.638252,8.927742],[-70.638279,8.925796],[-70.638227,8.92323],[-70.637951,8.917653],[-70.638516,8.915361],[-70.639691,8.913874],[-70.641765,8.911603],[-70.64483,8.908285],[-70.64574,8.906706],[-70.646303,8.904591],[-70.646594,8.902824],[-70.648299,8.901522],[-70.650456,8.899606],[-70.651628,8.898384],[-70.653775,8.897265],[-70.657509,8.896876],[-70.661435,8.895427],[-70.663759,8.89431],[-70.664469,8.89432],[-70.666849,8.895504],[-70.671326,8.899106],[-70.67212,8.899471],[-70.674073,8.89941],[-70.674973,8.898538],[-70.676336,8.898504],[-70.678221,8.897115],[-70.680442,8.89697],[-70.682655,8.897443],[-70.684235,8.898704],[-70.686394,8.900565],[-70.688135,8.90259],[-70.691777,8.904776],[-70.695593,8.906156],[-70.698732,8.90713],[-70.700269,8.909341],[-70.700864,8.91216],[-70.70172,8.913828],[-70.703829,8.913941],[-70.706283,8.915635],[-70.708686,8.915262],[-70.712055,8.914441],[-70.716984,8.912659],[-70.720026,8.913289],[-70.72277,8.912498],[-70.725918,8.910738],[-70.728766,8.910796],[-70.730212,8.911491],[-70.731736,8.91122],[-70.733636,8.911358],[-70.735383,8.910441],[-70.736911,8.908837],[-70.741291,8.905867],[-70.739611,8.90329],[-70.739835,8.901082],[-70.74123,8.898215],[-70.743919,8.896828],[-70.745216,8.895204],[-70.747096,8.892286],[-70.74999,8.89062],[-70.752212,8.890524],[-70.756409,8.89222],[-70.757052,8.892219],[-70.763038,8.890992],[-70.76425,8.890803],[-70.765001,8.889962],[-70.766604,8.887629],[-70.767289,8.886322],[-70.767383,8.883434],[-70.767045,8.881479],[-70.766843,8.880268],[-70.767729,8.877751],[-70.767873,8.875794],[-70.768363,8.873091],[-70.769546,8.871318],[-70.771285,8.86973],[-70.773216,8.86721],[-70.775045,8.865342],[-70.777974,8.864217],[-70.78102,8.864488],[-70.782587,8.863273],[-70.785191,8.85982],[-70.787264,8.857858],[-70.790601,8.856545],[-70.794292,8.856722],[-70.795426,8.856439],[-70.799181,8.85466],[-70.800244,8.854098],[-70.802265,8.85372],[-70.804451,8.853248],[-70.807193,8.852962],[-70.809146,8.852212],[-70.812144,8.851457],[-70.809572,8.849345],[-70.809315,8.847601],[-70.809331,8.845464],[-70.809577,8.843232],[-70.810123,8.840882],[-70.812006,8.838193],[-70.812425,8.836741],[-70.812804,8.83414],[-70.812513,8.831547],[-70.810761,8.828764],[-70.808492,8.827091],[-70.805306,8.824487],[-70.802683,8.82229],[-70.79987,8.819819],[-70.797498,8.81902],[-70.796422,8.818183],[-70.795611,8.816492],[-70.794419,8.815633],[-70.793372,8.813624],[-70.794201,8.813361],[-70.79536,8.813508],[-70.797031,8.813832],[-70.798808,8.813443],[-70.80109,8.812773],[-70.802488,8.811814],[-70.803576,8.810215],[-70.804776,8.806662],[-70.805656,8.805088],[-70.80739,8.80332],[-70.807547,8.801342],[-70.807137,8.798544],[-70.807733,8.79486],[-70.808782,8.792136],[-70.808572,8.790346],[-70.80776,8.78861],[-70.807123,8.787721],[-70.806494,8.785775],[-70.805537,8.781995],[-70.804623,8.779548],[-70.803061,8.778693],[-70.802372,8.776558],[-70.801364,8.774136],[-70.800897,8.772576],[-70.800952,8.770832],[-70.801351,8.76882],[-70.802546,8.767229],[-70.80279,8.766266],[-70.802415,8.764965],[-70.801696,8.763933],[-70.801041,8.761679],[-70.801261,8.759409],[-70.801851,8.758264],[-70.792681,8.758957],[-70.786774,8.764366],[-70.784999,8.766478],[-70.78377,8.767987],[-70.782653,8.770826],[-70.780566,8.772161],[-70.777375,8.773992],[-70.775725,8.775114],[-70.773633,8.777782],[-70.770099,8.779938],[-70.76856,8.780761],[-70.766176,8.78072],[-70.763135,8.780113],[-70.760497,8.780145],[-70.757296,8.781286],[-70.753313,8.782781],[-70.749434,8.783424],[-70.749171,8.782807],[-70.749751,8.78126],[-70.749445,8.779242],[-70.747323,8.77474],[-70.745576,8.772302],[-70.745442,8.771017],[-70.746439,8.769465],[-70.746747,8.768359],[-70.74753,8.766396],[-70.749142,8.762516],[-70.749844,8.75975],[-70.749449,8.757986],[-70.748435,8.758319],[-70.747426,8.75732],[-70.746268,8.755634],[-70.74523,8.754198],[-70.742877,8.753066],[-70.742666,8.752965],[-70.74054,8.753151],[-70.738578,8.753496],[-70.737213,8.753301],[-70.736792,8.753241],[-70.734219,8.751272],[-70.733369,8.750041],[-70.734133,8.748681],[-70.734133,8.748681],[-70.73414,8.748669],[-70.733846,8.748488],[-70.733636,8.74877],[-70.729648,8.75104],[-70.727405,8.752478],[-70.725376,8.752923],[-70.723513,8.752171],[-70.720938,8.7532],[-70.718218,8.755174],[-70.715689,8.757559],[-70.714025,8.760505],[-70.711319,8.763375],[-70.705872,8.765712],[-70.70498,8.768105],[-70.703769,8.771356],[-70.704028,8.77154],[-70.703626,8.772522],[-70.70319,8.773587],[-70.700547,8.774905],[-70.698181,8.776127],[-70.695063,8.778279],[-70.692675,8.781581],[-70.692632,8.78164],[-70.690749,8.78435],[-70.689138,8.78669],[-70.68811,8.789368],[-70.686857,8.792462],[-70.686039,8.795252],[-70.684973,8.798505],[-70.682678,8.801542],[-70.679901,8.803229],[-70.678489,8.804946],[-70.675869,8.806264],[-70.671397,8.807626],[-70.665998,8.810585],[-70.664365,8.812994],[-70.662658,8.815105],[-70.66252,8.816877],[-70.663938,8.818998],[-70.66392,8.82102],[-70.663133,8.822707],[-70.661463,8.824082],[-70.661446,8.824236],[-70.66107,8.827488],[-70.659401,8.830679],[-70.657074,8.831464],[-70.655516,8.832631],[-70.654293,8.834576],[-70.650881,8.835627],[-70.649481,8.836447],[-70.648016,8.837659],[-70.645709,8.839915],[-70.64448,8.841469],[-70.641856,8.844189],[-70.639785,8.845086],[-70.637585,8.845088],[-70.635822,8.84481],[-70.633575,8.844721],[-70.631211,8.844519],[-70.629783,8.84334],[-70.628117,8.841682],[-70.626426,8.839932],[-70.625313,8.838084],[-70.624349,8.837038],[-70.622126,8.836949],[-70.62009,8.837041],[-70.615835,8.835619],[-70.613677,8.8353],[-70.612148,8.835202],[-70.612019,8.835939],[-70.61201,8.836996],[-70.611706,8.838448],[-70.61098,8.839513],[-70.609702,8.840884],[-70.608527,8.843012],[-70.607208,8.844728],[-70.60661,8.84501],[-70.605202,8.845256],[-70.603021,8.846615],[-70.600531,8.847333],[-70.597613,8.847252],[-70.594531,8.847035],[-70.591505,8.845805],[-70.587801,8.844147],[-70.585281,8.84266],[-70.583754,8.842723],[-70.583346,8.843371],[-70.583133,8.844729],[-70.58211,8.846143],[-70.580476,8.846851],[-70.578012,8.847776],[-70.576445,8.850023],[-70.576176,8.850259],[-70.574752,8.851513],[-70.573697,8.852214],[-70.570629,8.854709],[-70.568985,8.856428],[-70.568025,8.857335],[-70.567601,8.858489],[-70.567835,8.858693],[-70.568929,8.859095],[-70.569771,8.859705],[-70.571271,8.86109],[-70.572171,8.862574],[-70.572347,8.863629],[-70.57261,8.865924],[-70.573427,8.868144],[-70.575591,8.868992],[-70.576279,8.870156],[-70.577533,8.872164],[-70.57796,8.874664],[-70.577414,8.877015],[-70.576851,8.878239],[-70.576303,8.880475],[-70.576767,8.882239],[-70.577703,8.884711],[-70.577382,8.888277],[-70.577057,8.889935],[-70.577244,8.891772],[-70.577883,8.894499],[-70.578579,8.89633],[-70.578266,8.897115],[-70.577826,8.900521],[-70.577808,8.900912],[-70.576994,8.902346],[-70.576314,8.903434],[-70.575622,8.905326],[-70.575215,8.907744],[-70.574506,8.90835],[-70.573454,8.90935],[-70.572521,8.910532],[-70.571046,8.910986],[-70.569967,8.911688],[-70.56864,8.912875],[-70.567737,8.91454],[-70.566218,8.916925],[-70.564852,8.918664],[-70.563472,8.921047],[-70.563314,8.921306],[-70.562679,8.922343],[-70.561273,8.92452],[-70.560439,8.926184],[-70.558879,8.927213],[-70.558293,8.927478],[-70.557268,8.927944],[-70.555427,8.92877],[-70.554606,8.929721],[-70.552412,8.931952],[-70.549499,8.933962],[-70.547042,8.935461],[-70.547831,8.937359],[-70.548956,8.938335],[-70.549092,8.938433],[-70.550172,8.939217],[-70.55219,8.941148],[-70.55336,8.943685],[-70.553199,8.947226],[-70.552844,8.950034],[-70.552636,8.95087],[-70.552331,8.952097],[-70.552665,8.953943],[-70.553219,8.955499],[-70.55337,8.956238],[-70.553688,8.957797],[-70.553715,8.957929],[-70.554099,8.958936],[-70.554134,8.961487],[-70.554394,8.962601],[-70.554601,8.963481],[-70.555371,8.965655],[-70.555114,8.967199],[-70.554169,8.969209],[-70.55402,8.969212],[-70.553733,8.971296],[-70.548427,8.976233],[-70.547329,8.980044],[-70.547343,8.9837],[-70.546858,8.988098],[-70.546753,8.991641],[-70.543646,8.999116],[-70.543832,9.000292],[-70.544971,9.002382],[-70.546203,9.003355],[-70.54776,9.004342],[-70.549838,9.005528]]]},"properties":{"Municipio":"Cardenal Quintero","Municipios_code":"VE1408","Ciudad":"Mérida","Pais":"Venezuela (República Bolivariana de)","area_sqkm":356.52599335,"Municipios_ref_name":"Cardenal Quintero","center_lat":8.87925369,"center_lon":-70.6719013,"stroke-width":2,"stroke":"#000000"}},{"type":"Feature","geometry":{"type":"Polygon","coordinates":[[[-71.580645,8.263458],[-71.582073,8.263951],[-71.584191,8.264623],[-71.586612,8.265797],[-71.590085,8.266482],[-71.593513,8.267259],[-71.596734,8.267946],[-71.599256,8.27047],[-71.602815,8.273352],[-71.606809,8.27614],[-71.608539,8.277227],[-71.610432,8.278266],[-71.613037,8.279621],[-71.615903,8.282005],[-71.618197,8.284759],[-71.619861,8.286075],[-71.622558,8.287429],[-71.624768,8.288009],[-71.62851,8.287776],[-71.63205,8.288048],[-71.637841,8.288373],[-71.643452,8.289226],[-71.64853,8.289533],[-71.653347,8.288628],[-71.654518,8.28862],[-71.656135,8.289845],[-71.65854,8.291842],[-71.662532,8.294285],[-71.665597,8.295614],[-71.669033,8.297466],[-71.672032,8.299207],[-71.675327,8.30058],[-71.677326,8.300634],[-71.678284,8.299711],[-71.679407,8.299405],[-71.681375,8.298292],[-71.683407,8.296767],[-71.685918,8.29462],[-71.688986,8.29343],[-71.689937,8.292499],[-71.690423,8.292023],[-71.691055,8.290622],[-71.692459,8.287956],[-71.693741,8.284422],[-71.694608,8.280615],[-71.695683,8.276968],[-71.695974,8.272982],[-71.697827,8.269009],[-71.700907,8.266261],[-71.703137,8.263521],[-71.705527,8.260734],[-71.708603,8.257552],[-71.710917,8.256665],[-71.713979,8.257696],[-71.717276,8.259297],[-71.721256,8.260298],[-71.722859,8.259668],[-71.726271,8.258316],[-71.729087,8.257173],[-71.731494,8.256606],[-71.733665,8.25524],[-71.736314,8.253114],[-71.741881,8.248358],[-71.74542,8.245676],[-71.748627,8.241669],[-71.751456,8.239314],[-71.752596,8.238275],[-71.754713,8.235787],[-71.755705,8.233421],[-71.756677,8.231468],[-71.758711,8.230172],[-71.760631,8.229059],[-71.763011,8.227828],[-71.7665,8.227665],[-71.770512,8.226811],[-71.775975,8.226495],[-71.78006,8.226213],[-71.783111,8.225778],[-71.785748,8.228277],[-71.787804,8.229749],[-71.790221,8.227534],[-71.791011,8.222812],[-71.791484,8.218712],[-71.793395,8.213456],[-71.79565,8.211104],[-71.798973,8.207371],[-71.799694,8.205557],[-71.798096,8.200877],[-71.8012,8.198427],[-71.804436,8.195289],[-71.805152,8.192995],[-71.8061,8.190813],[-71.808549,8.186881],[-71.80933,8.184059],[-71.810444,8.179679],[-71.81235,8.176781],[-71.815311,8.17376],[-71.817762,8.170102],[-71.818288,8.168974],[-71.818982,8.167484],[-71.819036,8.165675],[-71.819071,8.165254],[-71.819207,8.163608],[-71.819225,8.163385],[-71.820683,8.161726],[-71.822896,8.160038],[-71.823762,8.158928],[-71.823919,8.158726],[-71.824086,8.158406],[-71.824035,8.158398],[-71.824232,8.157017],[-71.824312,8.156459],[-71.824333,8.156411],[-71.823903,8.155462],[-71.822681,8.152974],[-71.821369,8.150663],[-71.820577,8.149948],[-71.818632,8.149312],[-71.817047,8.147971],[-71.815911,8.145927],[-71.815568,8.144419],[-71.815672,8.142474],[-71.815505,8.141145],[-71.814283,8.138746],[-71.813768,8.136618],[-71.813692,8.135024],[-71.813974,8.132903],[-71.814435,8.130606],[-71.814007,8.128745],[-71.813481,8.127944],[-71.812598,8.127494],[-71.809947,8.126586],[-71.808713,8.125691],[-71.807929,8.124003],[-71.80689,8.120897],[-71.805573,8.119292],[-71.803268,8.119184],[-71.797604,8.118252],[-71.795036,8.117964],[-71.793703,8.118484],[-71.791398,8.118552],[-71.78928,8.117384],[-71.787964,8.11569],[-71.787085,8.114798],[-71.785581,8.114431],[-71.784613,8.113626],[-71.783911,8.112735],[-71.78312,8.111844],[-71.783042,8.110604],[-71.78314,8.109366],[-71.783415,8.108218],[-71.78342,8.10751],[-71.782802,8.10724],[-71.781746,8.106346],[-71.780782,8.104833],[-71.780168,8.104032],[-71.779835,8.101374],[-71.778958,8.100128],[-71.777104,8.099227],[-71.775774,8.099304],[-71.773999,8.099642],[-71.772143,8.099007],[-71.770559,8.097666],[-71.769861,8.096244],[-71.768281,8.094372],[-71.766175,8.091788],[-71.765215,8.089833],[-71.765497,8.0878],[-71.765948,8.08683],[-71.766575,8.086039],[-71.766411,8.084357],[-71.764736,8.08328],[-71.7643,8.082303],[-71.764395,8.081761],[-71.764579,8.080713],[-71.765206,8.079922],[-71.765664,8.078068],[-71.765584,8.076917],[-71.764167,8.076816],[-71.762138,8.075648],[-71.760195,8.074835],[-71.758603,8.074378],[-71.758077,8.073666],[-71.758619,8.072343],[-71.759073,8.070931],[-71.759431,8.070492],[-71.758909,8.069249],[-71.759008,8.068011],[-71.759105,8.06695],[-71.759071,8.066893],[-71.757793,8.064814],[-71.756827,8.063656],[-71.756136,8.061526],[-71.755447,8.059041],[-71.754749,8.057619],[-71.752983,8.056808],[-71.752018,8.055649],[-71.750519,8.054662],[-71.749465,8.053591],[-71.748666,8.053761],[-71.747252,8.053218],[-71.74602,8.052145],[-71.745501,8.050636],[-71.744357,8.049653],[-71.742675,8.049373],[-71.740994,8.049093],[-71.74012,8.047581],[-71.738538,8.045885],[-71.736506,8.04516],[-71.734383,8.044698],[-71.732531,8.04362],[-71.731032,8.042634],[-71.729089,8.04182],[-71.727321,8.041362],[-71.726087,8.040555],[-71.724937,8.040279],[-71.724049,8.040537],[-71.722989,8.040085],[-71.722197,8.039459],[-71.721672,8.038658],[-71.721222,8.03945],[-71.720864,8.039889],[-71.720334,8.039708],[-71.719449,8.039611],[-71.719176,8.040494],[-71.718375,8.040929],[-71.717491,8.040567],[-71.716164,8.040379],[-71.715356,8.04161],[-71.714462,8.042487],[-71.714372,8.042494],[-71.712245,8.042645],[-71.711269,8.042902],[-71.710293,8.043118],[-71.70896,8.043412],[-71.707722,8.043136],[-71.706226,8.041884],[-71.704456,8.041602],[-71.70322,8.040972],[-71.7027,8.03964],[-71.703332,8.038141],[-71.704406,8.036823],[-71.706185,8.036043],[-71.705845,8.03427],[-71.706657,8.032507],[-71.706671,8.030738],[-71.705895,8.028076],[-71.704043,8.026998],[-71.703431,8.026019],[-71.701658,8.026091],[-71.700062,8.026254],[-71.698637,8.027126],[-71.697397,8.027027],[-71.69669,8.026844],[-71.695812,8.026646],[-71.695278,8.025939],[-71.694742,8.024879],[-71.693409,8.023556],[-71.691985,8.022055],[-71.690828,8.020643],[-71.690555,8.018521],[-71.690017,8.016754],[-71.688861,8.015518],[-71.68735,8.014106],[-71.685221,8.013314],[-71.68327,8.012787],[-71.682116,8.01217],[-71.680069,8.009522],[-71.678823,8.007932],[-71.677492,8.007404],[-71.676517,8.007052],[-71.675184,8.005905],[-71.673765,8.005466],[-71.671992,8.005469],[-71.670395,8.004764],[-71.668179,8.004768],[-71.66694,8.005124],[-71.666676,8.005743],[-71.667567,8.007156],[-71.667925,8.008217],[-71.667574,8.009278],[-71.666601,8.009722],[-71.666073,8.010872],[-71.664835,8.011582],[-71.663776,8.012822],[-71.662981,8.013707],[-71.662097,8.014328],[-71.661392,8.01539],[-71.660687,8.016452],[-71.660161,8.018398],[-71.659101,8.019196],[-71.657065,8.01973],[-71.655299,8.021589],[-71.65442,8.02389],[-71.653095,8.02513],[-71.651507,8.027166],[-71.650446,8.028052],[-71.649208,8.028673],[-71.648056,8.028587],[-71.646816,8.028942],[-71.645845,8.030094],[-71.643813,8.031689],[-71.641957,8.03355],[-71.640369,8.035763],[-71.639224,8.037887],[-71.638164,8.038861],[-71.636125,8.038599],[-71.634697,8.039001],[-71.633912,8.039222],[-71.632318,8.039755],[-71.630722,8.039227],[-71.628948,8.038788],[-71.627002,8.039852],[-71.625854,8.04118],[-71.623467,8.042776],[-71.621874,8.043486],[-71.621702,8.045166],[-71.62144,8.046316],[-71.61932,8.048442],[-71.616136,8.050304],[-71.614097,8.050395],[-71.61135,8.050577],[-71.609493,8.051729],[-71.607107,8.053855],[-71.605425,8.054388],[-71.604011,8.055629],[-71.602952,8.057045],[-71.60189,8.0574],[-71.600025,8.056077],[-71.598068,8.053693],[-71.595048,8.051664],[-71.592831,8.051049],[-71.590432,8.049549],[-71.588033,8.047608],[-71.585191,8.045756],[-71.583947,8.044431],[-71.580574,8.042845],[-71.578002,8.04223],[-71.575251,8.040996],[-71.57312,8.039673],[-71.571782,8.039422],[-71.571695,8.039405],[-71.571653,8.039648],[-71.571605,8.039871],[-71.571574,8.040003],[-71.571171,8.040316],[-71.57009,8.041158],[-71.568969,8.041738],[-71.568225,8.042197],[-71.567392,8.04271],[-71.565997,8.043407],[-71.56586,8.043477],[-71.563961,8.044452],[-71.563578,8.045439],[-71.562664,8.046246],[-71.56173,8.04726],[-71.561397,8.048888],[-71.561842,8.050121],[-71.562801,8.05245],[-71.564129,8.055165],[-71.565702,8.056826],[-71.567694,8.059376],[-71.56994,8.06204],[-71.570388,8.063685],[-71.572079,8.065802],[-71.574671,8.06883],[-71.575682,8.072165],[-71.57664,8.074402],[-71.578965,8.075348],[-71.580167,8.076553],[-71.581788,8.078419],[-71.583254,8.081202],[-71.585201,8.083661],[-71.585744,8.085741],[-71.585419,8.088399],[-71.58408,8.09056],[-71.58414,8.092551],[-71.585106,8.095979],[-71.58642,8.099977],[-71.587675,8.102121],[-71.590984,8.105646],[-71.593224,8.107417],[-71.596258,8.111059],[-71.599503,8.11534],[-71.601963,8.115758],[-71.603569,8.115632],[-71.605791,8.11477],[-71.609926,8.115153],[-71.614133,8.115834],[-71.618357,8.115804],[-71.623001,8.116619],[-71.625722,8.118317],[-71.629895,8.120509],[-71.635817,8.123352],[-71.637146,8.126181],[-71.63666,8.128817],[-71.636548,8.132343],[-71.63613,8.134773],[-71.634266,8.137396],[-71.632546,8.140842],[-71.630925,8.142066],[-71.628704,8.142837],[-71.626144,8.144458],[-71.623997,8.146167],[-71.622683,8.148534],[-71.621481,8.150695],[-71.62111,8.153215],[-71.620904,8.156537],[-71.621935,8.159346],[-71.624416,8.162465],[-71.626171,8.167031],[-71.62803,8.169902],[-71.631914,8.173538],[-71.634974,8.177546],[-71.636784,8.180051],[-71.635418,8.181686],[-71.63294,8.185092],[-71.631944,8.186976],[-71.628691,8.188029],[-71.626803,8.190537],[-71.626104,8.192214],[-71.624336,8.192226],[-71.623041,8.194112],[-71.622019,8.195745],[-71.618674,8.196867],[-71.616023,8.198603],[-71.61452,8.200353],[-71.611104,8.201202],[-71.609785,8.202975],[-71.608309,8.205251],[-71.604816,8.208023],[-71.593787,8.210458],[-71.591572,8.212259],[-71.588644,8.213905],[-71.586867,8.21584],[-71.586535,8.21756],[-71.586194,8.221271],[-71.584448,8.224213],[-71.583944,8.227536],[-71.584843,8.23117],[-71.585033,8.235244],[-71.584964,8.238404],[-71.585174,8.242043],[-71.585149,8.244859],[-71.583374,8.247115],[-71.580819,8.24956],[-71.579671,8.25275],[-71.579725,8.257008],[-71.579529,8.261519],[-71.580645,8.263458]]]},"properties":{"Municipio":"Guaraque","Municipios_code":"VE1409","Ciudad":"Mérida","Pais":"Venezuela (República Bolivariana de)","area_sqkm":536.4074116,"Municipios_ref_name":"Guaraque","center_lat":8.15183455,"center_lon":-71.72167385,"stroke-width":2,"stroke":"#000000"}},{"type":"Feature","geometry":{"type":"Polygon","coordinates":[[[-70.800736,9.079953],[-70.800808,9.08001],[-70.801306,9.07925],[-70.802359,9.077648],[-70.803454,9.076255],[-70.803754,9.075965],[-70.804021,9.075643],[-70.805577,9.074508],[-70.807429,9.074234],[-70.809165,9.075062],[-70.814119,9.077797],[-70.817407,9.079291],[-70.818564,9.079912],[-70.822245,9.082462],[-70.824353,9.084621],[-70.825814,9.085703],[-70.826497,9.086209],[-70.827548,9.086987],[-70.829654,9.087838],[-70.831831,9.087564],[-70.834979,9.087889],[-70.837016,9.08773],[-70.839563,9.08826],[-70.841114,9.089477],[-70.842619,9.089662],[-70.844579,9.08907],[-70.84461,9.089228],[-70.845084,9.089837],[-70.846363,9.091777],[-70.846503,9.091659],[-70.847435,9.092855],[-70.847912,9.094105],[-70.848732,9.096252],[-70.84989,9.099259],[-70.850052,9.101576],[-70.851233,9.104422],[-70.853201,9.107567],[-70.856305,9.113994],[-70.858065,9.118721],[-70.858922,9.121613],[-70.859292,9.124045],[-70.860097,9.125849],[-70.860265,9.126226],[-70.86133,9.127879],[-70.862095,9.130725],[-70.863369,9.13263],[-70.864017,9.134191],[-70.864203,9.135476],[-70.86499,9.136304],[-70.865338,9.13667],[-70.866149,9.138231],[-70.867237,9.13892],[-70.866913,9.140939],[-70.866752,9.143233],[-70.867724,9.14484],[-70.868627,9.145712],[-70.868118,9.147065],[-70.867123,9.148694],[-70.867332,9.150506],[-70.868003,9.151516],[-70.87106,9.151725],[-70.874153,9.151501],[-70.87451,9.151475],[-70.878122,9.150514],[-70.88009,9.150631],[-70.881248,9.151526],[-70.883748,9.151941],[-70.885045,9.153158],[-70.886226,9.153641],[-70.888195,9.153435],[-70.889862,9.153873],[-70.890465,9.15447],[-70.890951,9.155778],[-70.890975,9.157498],[-70.891577,9.159036],[-70.892666,9.160482],[-70.892874,9.162295],[-70.892556,9.163195],[-70.892388,9.163671],[-70.891254,9.163946],[-70.89056,9.165092],[-70.891417,9.167502],[-70.892321,9.16998],[-70.893826,9.172551],[-70.895286,9.174433],[-70.896907,9.176407],[-70.897394,9.177348],[-70.897764,9.178496],[-70.897733,9.17857],[-70.896445,9.181616],[-70.896495,9.181715],[-70.897303,9.183337],[-70.897789,9.18499],[-70.897888,9.18555],[-70.898114,9.186825],[-70.8983,9.188684],[-70.898248,9.188939],[-70.89738,9.191291],[-70.898218,9.193632],[-70.898539,9.192821],[-70.90281,9.189348],[-70.937038,9.161514],[-70.949756,9.151172],[-70.949509,9.151025],[-70.948728,9.150644],[-70.948214,9.150393],[-70.946459,9.149387],[-70.945482,9.149369],[-70.944847,9.149975],[-70.944403,9.149966],[-70.942544,9.149665],[-70.94168,9.148588],[-70.94148,9.148336],[-70.939927,9.146374],[-70.939692,9.146076],[-70.937791,9.143654],[-70.936999,9.143285],[-70.935054,9.142805],[-70.93302,9.142413],[-70.931507,9.14256],[-70.93081,9.141928],[-70.930561,9.141128],[-70.929724,9.138815],[-70.928602,9.137291],[-70.926944,9.135934],[-70.926583,9.136192],[-70.924319,9.134116],[-70.923478,9.131979],[-70.922432,9.131075],[-70.920886,9.130437],[-70.919726,9.129746],[-70.918339,9.129477],[-70.916765,9.130968],[-70.914658,9.132802],[-70.912992,9.135232],[-70.91049,9.134497],[-70.907596,9.132545],[-70.904794,9.12995],[-70.901506,9.128342],[-70.89882,9.127285],[-70.895832,9.124507],[-70.894095,9.121683],[-70.89215,9.119479],[-70.890784,9.118836],[-70.889255,9.117688],[-70.887958,9.115874],[-70.885804,9.113762],[-70.884299,9.1111],[-70.883141,9.108208],[-70.881798,9.106303],[-70.879922,9.105177],[-70.878116,9.104373],[-70.875454,9.10343],[-70.869341,9.099961],[-70.867812,9.098468],[-70.866562,9.097205],[-70.865751,9.095736],[-70.865265,9.093877],[-70.864709,9.090573],[-70.863505,9.086281],[-70.862277,9.083068],[-70.860957,9.080061],[-70.859244,9.077972],[-70.856998,9.076662],[-70.853734,9.07386],[-70.85216,9.071771],[-70.852021,9.069018],[-70.852159,9.066815],[-70.851696,9.061951],[-70.850561,9.058462],[-70.848361,9.056097],[-70.846486,9.055384],[-70.843917,9.055887],[-70.841949,9.056092],[-70.83894,9.056112],[-70.837042,9.057349],[-70.835236,9.058839],[-70.832643,9.059158],[-70.829194,9.060072],[-70.825721,9.059266],[-70.823128,9.058461],[-70.820837,9.056508],[-70.819262,9.054809],[-70.818522,9.054441],[-70.81723,9.056123],[-70.81556,9.058793],[-70.812916,9.061916],[-70.811333,9.064232],[-70.806013,9.065534],[-70.803002,9.066807],[-70.802175,9.067811],[-70.800075,9.070363],[-70.798155,9.072695],[-70.797327,9.073952],[-70.797001,9.074448],[-70.795873,9.076157],[-70.795934,9.076193],[-70.800736,9.079953]]]},"properties":{"Municipio":"Julio Cesar Sala","Municipios_code":"VE1410","Ciudad":"Mérida","Pais":"Venezuela (República Bolivariana de)","area_sqkm":62.74628246,"Municipios_ref_name":"Julio Cesar Sala","center_lat":9.1228642,"center_lon":-70.87696701,"stroke-width":2,"stroke":"#000000"}},{"type":"Feature","geometry":{"type":"Polygon","coordinates":[[[-70.866562,9.097205],[-70.867812,9.098468],[-70.869341,9.099961],[-70.875454,9.10343],[-70.878116,9.104373],[-70.879922,9.105177],[-70.881798,9.106303],[-70.883141,9.108208],[-70.884299,9.1111],[-70.885804,9.113762],[-70.887958,9.115874],[-70.889255,9.117688],[-70.890784,9.118836],[-70.89215,9.119479],[-70.894095,9.121683],[-70.895832,9.124507],[-70.89882,9.127285],[-70.901506,9.128342],[-70.904794,9.12995],[-70.907596,9.132545],[-70.91049,9.134497],[-70.912992,9.135232],[-70.914658,9.132802],[-70.916765,9.130968],[-70.918339,9.129477],[-70.930354,9.127512],[-70.931192,9.129161],[-70.934565,9.131409],[-70.935363,9.131424],[-70.936695,9.13145],[-70.938665,9.130781],[-70.939217,9.129909],[-70.939927,9.129922],[-70.941255,9.130125],[-70.94332,9.129105],[-70.944332,9.127534],[-70.946158,9.125273],[-70.946876,9.124933],[-70.948215,9.124606],[-70.94975,9.123487],[-70.95129,9.122103],[-70.952663,9.120275],[-70.954193,9.119333],[-70.954564,9.118633],[-70.954846,9.117932],[-70.954865,9.117049],[-70.954354,9.116067],[-70.95447,9.114833],[-70.954761,9.11369],[-70.955767,9.112384],[-70.957786,9.109419],[-70.958714,9.107581],[-70.959828,9.105394],[-70.960301,9.104078],[-70.96034,9.102312],[-70.960454,9.101166],[-70.961085,9.100736],[-70.961645,9.099511],[-70.96176,9.098276],[-70.961456,9.095973],[-70.961568,9.094915],[-70.963121,9.092913],[-70.963131,9.092472],[-70.962699,9.091934],[-70.962539,9.091135],[-70.96273,9.090521],[-70.964235,9.090726],[-70.964679,9.090735],[-70.964868,9.090209],[-70.964282,9.088607],[-70.964656,9.087731],[-70.965208,9.086858],[-70.966655,9.085649],[-70.967207,9.084777],[-70.967138,9.083892],[-70.967262,9.082304],[-70.967825,9.080902],[-70.968613,9.077383],[-70.968744,9.075442],[-70.968165,9.073488],[-70.968369,9.070083],[-70.970917,9.072472],[-70.972608,9.075639],[-70.97416,9.078415],[-70.975272,9.08149],[-70.978491,9.084314],[-70.979464,9.086333],[-70.979905,9.088857],[-70.981457,9.09106],[-70.982847,9.092735],[-70.984051,9.093791],[-70.985302,9.095283],[-70.986159,9.096614],[-70.986414,9.097371],[-70.987434,9.099001],[-70.988337,9.099758],[-70.988036,9.100905],[-70.988801,9.101915],[-70.992112,9.102169],[-70.993501,9.10256],[-70.994091,9.102671],[-70.99533,9.102904],[-70.996997,9.103548],[-70.997577,9.104947],[-70.997648,9.105131],[-70.998342,9.106921],[-70.99885,9.108038],[-70.999393,9.109374],[-70.999904,9.110393],[-71.000165,9.11018],[-71.029564,9.086274],[-71.029798,9.086512],[-71.031394,9.087272],[-71.032211,9.089067],[-71.032648,9.090573],[-71.032881,9.0922],[-71.033252,9.093018],[-71.033733,9.094409],[-71.034227,9.095476],[-71.035045,9.096535],[-71.03601,9.097842],[-71.037359,9.098863],[-71.037597,9.098813],[-71.038993,9.098517],[-71.039328,9.098899],[-71.039916,9.099159],[-71.040338,9.099331],[-71.041467,9.100749],[-71.042261,9.101762],[-71.044044,9.102563],[-71.045425,9.103077],[-71.046755,9.10343],[-71.0469,9.103539],[-71.048239,9.102304],[-71.049349,9.10128],[-71.052217,9.098635],[-71.055719,9.095405],[-71.057665,9.09361],[-71.057631,9.089999],[-71.057429,9.087518],[-71.056934,9.082649],[-71.05685,9.080281],[-71.057083,9.077426],[-71.056891,9.075543],[-71.054673,9.073069],[-71.052574,9.070755],[-71.050275,9.06895],[-71.04755,9.068117],[-71.045625,9.068008],[-71.043087,9.067287],[-71.04241,9.066998],[-71.041951,9.065809],[-71.041393,9.06423],[-71.041896,9.06236],[-71.040964,9.060534],[-71.039142,9.058192],[-71.038269,9.055698],[-71.038091,9.053263],[-71.038589,9.051025],[-71.039193,9.048232],[-71.039295,9.045885],[-71.039271,9.04439],[-71.039777,9.044107],[-71.041093,9.045283],[-71.042521,9.047676],[-71.044978,9.049226],[-71.048301,9.054144],[-71.050294,9.057036],[-71.052467,9.058176],[-71.056205,9.058671],[-71.059447,9.058553],[-71.06313,9.058475],[-71.068526,9.058255],[-71.071696,9.057932],[-71.073308,9.057286],[-71.07457,9.05798],[-71.077136,9.059045],[-71.080562,9.058832],[-71.082935,9.057991],[-71.087754,9.056469],[-71.088293,9.056208],[-71.090789,9.054998],[-71.091637,9.054732],[-71.092794,9.054368],[-71.095652,9.053313],[-71.09583,9.053225],[-71.096013,9.053135],[-71.0964,9.052944],[-71.097136,9.052564],[-71.097043,9.052442],[-71.096568,9.051822],[-71.096554,9.051804],[-71.095867,9.050872],[-71.094863,9.050335],[-71.0943,9.048503],[-71.092309,9.047177],[-71.092292,9.047157],[-71.091482,9.046223],[-71.090853,9.046003],[-71.089216,9.046465],[-71.087949,9.045472],[-71.087925,9.04544],[-71.086457,9.043493],[-71.085653,9.042494],[-71.084886,9.040872],[-71.083902,9.040197],[-71.083367,9.038572],[-71.081921,9.037996],[-71.079977,9.036692],[-71.078238,9.035177],[-71.074694,9.033759],[-71.072168,9.033751],[-71.069837,9.032935],[-71.068479,9.032036],[-71.06759,9.028553],[-71.066063,9.027242],[-71.064816,9.024593],[-71.064652,9.023031],[-71.062387,9.021916],[-71.060216,9.022385],[-71.057227,9.022338],[-71.053857,9.023148],[-71.051944,9.022303],[-71.050357,9.020119],[-71.04754,9.017907],[-71.044271,9.017749],[-71.041757,9.017028],[-71.038967,9.016403],[-71.035851,9.015668],[-71.03355,9.013724],[-71.031461,9.012076],[-71.029351,9.010498],[-71.027686,9.007763],[-71.0271,9.00584],[-71.025532,9.003471],[-71.023971,9.001447],[-71.022875,8.999532],[-71.021286,8.997163],[-71.023472,8.996161],[-71.024226,8.994285],[-71.023207,8.987578],[-71.021249,8.983554],[-71.019714,8.982223],[-71.017332,8.98112],[-71.016064,8.980285],[-71.016909,8.975909],[-71.017947,8.974323],[-71.019076,8.971864],[-71.019988,8.969891],[-71.02142,8.968386],[-71.024135,8.966616],[-71.025931,8.964917],[-71.026232,8.962503],[-71.02666,8.95972],[-71.028454,8.956349],[-71.030034,8.953533],[-71.03033,8.95096],[-71.031623,8.948609],[-71.03422,8.945926],[-71.035669,8.943366],[-71.036028,8.940562],[-71.035691,8.939266],[-71.036092,8.936323],[-71.03703,8.935243],[-71.03684,8.932591],[-71.035754,8.929277],[-71.034148,8.922977],[-71.033299,8.919014],[-71.032494,8.915005],[-71.031554,8.912718],[-71.030997,8.911771],[-71.031086,8.90918],[-71.033103,8.905551],[-71.035108,8.902311],[-71.036248,8.900263],[-71.036808,8.898072],[-71.036299,8.895543],[-71.035615,8.894165],[-71.035382,8.893255],[-71.029866,8.888002],[-71.027683,8.884924],[-71.027806,8.882745],[-71.02804,8.880425],[-71.027569,8.878445],[-71.028915,8.876323],[-71.030904,8.874986],[-71.032015,8.873512],[-71.031,8.87102],[-71.027584,8.869145],[-71.025363,8.86719],[-71.025341,8.864763],[-71.026695,8.860511],[-71.027146,8.856076],[-71.026525,8.852841],[-71.027291,8.8473],[-71.028201,8.836279],[-71.030123,8.828461],[-71.0307,8.822765],[-71.031402,8.81908],[-71.032125,8.81693],[-71.033238,8.815571],[-71.03171,8.811191],[-71.031411,8.808748],[-71.0297,8.806894],[-71.02658,8.806545],[-71.024486,8.807451],[-71.02321,8.808746],[-71.021682,8.808467],[-71.019718,8.808246],[-71.017192,8.806873],[-71.013713,8.80603],[-71.011019,8.806906],[-71.00819,8.809481],[-71.006375,8.812143],[-71.004165,8.811356],[-71.00204,8.81053],[-71.001142,8.810863],[-70.9993,8.813046],[-70.998277,8.814277],[-70.995571,8.816011],[-70.993601,8.815806],[-70.990753,8.817266],[-70.98895,8.819012],[-70.98711,8.818208],[-70.985052,8.816717],[-70.981999,8.815262],[-70.979659,8.813476],[-70.977562,8.811021],[-70.976052,8.809064],[-70.974673,8.808116],[-70.97423,8.807914],[-70.973178,8.808224],[-70.972272,8.80849],[-70.968398,8.809481],[-70.965373,8.811518],[-70.963707,8.813078],[-70.962526,8.814655],[-70.961368,8.81614],[-70.961165,8.818118],[-70.961505,8.819217],[-70.9622,8.819277],[-70.958952,8.822638],[-70.954864,8.824395],[-70.949705,8.827742],[-70.944728,8.829673],[-70.940992,8.832316],[-70.938846,8.837621],[-70.93514,8.844407],[-70.932844,8.845676],[-70.931174,8.847007],[-70.92902,8.846918],[-70.926646,8.846029],[-70.923856,8.843628],[-70.922479,8.842841],[-70.920405,8.843441],[-70.918236,8.843881],[-70.916844,8.845254],[-70.91553,8.847223],[-70.9137,8.848693],[-70.911359,8.850078],[-70.910883,8.850796],[-70.910708,8.85305],[-70.910489,8.855557],[-70.910637,8.857784],[-70.911386,8.859935],[-70.913483,8.860897],[-70.91496,8.862212],[-70.91641,8.863228],[-70.917446,8.864456],[-70.917569,8.86496],[-70.916606,8.865569],[-70.913967,8.867118],[-70.909034,8.870143],[-70.906517,8.872173],[-70.904397,8.874383],[-70.902246,8.87611],[-70.902085,8.877767],[-70.902267,8.879166],[-70.901499,8.880508],[-70.899512,8.882325],[-70.899276,8.883615],[-70.898389,8.884728],[-70.89631,8.886707],[-70.89451,8.888659],[-70.892955,8.889988],[-70.890418,8.889032],[-70.887645,8.887733],[-70.886041,8.88727],[-70.88449,8.887312],[-70.88194,8.88863],[-70.880278,8.890535],[-70.878865,8.892092],[-70.877301,8.8928],[-70.875867,8.892864],[-70.875068,8.893632],[-70.874925,8.896714],[-70.87491,8.901316],[-70.87507,8.907159],[-70.872745,8.912463],[-70.869535,8.916878],[-70.867929,8.919174],[-70.867737,8.923953],[-70.868136,8.926431],[-70.869844,8.931749],[-70.870857,8.937042],[-70.872942,8.938903],[-70.874411,8.941205],[-70.874895,8.944278],[-70.875469,8.948775],[-70.874859,8.95301],[-70.874444,8.954739],[-70.874929,8.957813],[-70.87587,8.960467],[-70.876786,8.962983],[-70.877699,8.965293],[-70.879616,8.968141],[-70.883016,8.971086],[-70.885751,8.972822],[-70.888416,8.974604],[-70.890533,8.978484],[-70.892756,8.98172],[-70.894183,8.984321],[-70.895015,8.987344],[-70.89621,8.989949],[-70.897448,8.9923],[-70.897792,8.993652],[-70.897767,8.995122],[-70.897353,8.996897],[-70.898213,8.999878],[-70.899232,9.001095],[-70.900806,9.002886],[-70.901825,9.005227],[-70.902404,9.007361],[-70.903053,9.010575],[-70.904303,9.013191],[-70.905392,9.014936],[-70.905624,9.01684],[-70.905138,9.020052],[-70.90493,9.021222],[-70.904375,9.024227],[-70.903474,9.028654],[-70.904053,9.031958],[-70.904979,9.03368],[-70.905442,9.034345],[-70.905905,9.035149],[-70.906369,9.036732],[-70.906994,9.03843],[-70.90674,9.040679],[-70.906393,9.042468],[-70.906718,9.0449],[-70.907435,9.046071],[-70.909775,9.051969],[-70.914035,9.056193],[-70.916442,9.057594],[-70.920192,9.057711],[-70.922854,9.058103],[-70.925309,9.058564],[-70.928712,9.059988],[-70.930148,9.061252],[-70.931468,9.063708],[-70.931932,9.066094],[-70.931122,9.068801],[-70.930081,9.070888],[-70.929688,9.071966],[-70.9308,9.073963],[-70.931911,9.075868],[-70.931819,9.077038],[-70.930569,9.077381],[-70.929204,9.077472],[-70.926611,9.077792],[-70.923162,9.078248],[-70.91999,9.078154],[-70.916703,9.079185],[-70.9133,9.079894],[-70.908532,9.082253],[-70.906009,9.083101],[-70.903995,9.083833],[-70.902861,9.085163],[-70.901241,9.086332],[-70.899458,9.085689],[-70.897838,9.085848],[-70.897583,9.086743],[-70.897074,9.087063],[-70.896866,9.087591],[-70.896032,9.087682],[-70.894434,9.087842],[-70.891541,9.088987],[-70.890383,9.089789],[-70.888786,9.090453],[-70.886471,9.091415],[-70.884897,9.090657],[-70.882397,9.089989],[-70.881054,9.090034],[-70.878322,9.091501],[-70.876679,9.092968],[-70.875475,9.094964],[-70.873554,9.096591],[-70.871054,9.09675],[-70.868367,9.096564],[-70.866562,9.097205]]]},"properties":{"Municipio":"Justo Briceño","Municipios_code":"VE1411","Ciudad":"Mérida","Pais":"Venezuela (República Bolivariana de)","area_sqkm":502.53631759,"Municipios_ref_name":"Justo Briceno","center_lat":8.9704885,"center_lon":-70.951019,"stroke-width":2,"stroke":"#000000"}},{"type":"Feature","geometry":{"type":"Polygon","coordinates":[[[-70.97423,8.807914],[-70.974673,8.808116],[-70.976052,8.809064],[-70.977562,8.811021],[-70.979659,8.813476],[-70.981999,8.815262],[-70.985052,8.816717],[-70.98711,8.818208],[-70.98895,8.819012],[-70.990753,8.817266],[-70.993601,8.815806],[-70.995571,8.816011],[-70.998277,8.814277],[-70.9993,8.813046],[-71.001142,8.810863],[-71.00204,8.81053],[-71.004165,8.811356],[-71.006375,8.812143],[-71.00819,8.809481],[-71.011019,8.806906],[-71.013713,8.80603],[-71.017192,8.806873],[-71.019718,8.808246],[-71.021682,8.808467],[-71.02321,8.808746],[-71.024486,8.807451],[-71.02658,8.806545],[-71.0297,8.806894],[-71.031411,8.808748],[-71.03171,8.811191],[-71.033238,8.815571],[-71.036784,8.813044],[-71.039637,8.811293],[-71.042161,8.810971],[-71.044434,8.811527],[-71.048173,8.81179],[-71.050554,8.811266],[-71.052094,8.809528],[-71.053993,8.808216],[-71.055917,8.807842],[-71.057196,8.805837],[-71.058967,8.801664],[-71.064033,8.797539],[-71.067568,8.796295],[-71.07001,8.797144],[-71.072969,8.798345],[-71.07504,8.79744],[-71.077414,8.792633],[-71.079152,8.79137],[-71.080858,8.789765],[-71.081518,8.787044],[-71.083465,8.783394],[-71.085573,8.781389],[-71.089558,8.775711],[-71.092246,8.77385],[-71.095477,8.773256],[-71.0999,8.774118],[-71.102747,8.771382],[-71.106305,8.768512],[-71.108835,8.765922],[-71.109979,8.762409],[-71.112161,8.75976],[-71.114705,8.75607],[-71.118359,8.752556],[-71.124326,8.749389],[-71.126444,8.747773],[-71.129364,8.746775],[-71.132775,8.746062],[-71.135716,8.742566],[-71.136706,8.739286],[-71.139454,8.737125],[-71.141313,8.73531],[-71.144219,8.733831],[-71.14794,8.733499],[-71.1522,8.735121],[-71.156624,8.736852],[-71.160906,8.736756],[-71.164738,8.735458],[-71.170748,8.729793],[-71.173691,8.728863],[-71.174957,8.728026],[-71.175132,8.727661],[-71.177164,8.724643],[-71.178686,8.723135],[-71.179979,8.720831],[-71.181782,8.717849],[-71.186229,8.711471],[-71.188754,8.707919],[-71.188237,8.703536],[-71.188785,8.702559],[-71.192571,8.701284],[-71.195994,8.700227],[-71.201043,8.698024],[-71.205581,8.696477],[-71.207733,8.693622],[-71.209104,8.69166],[-71.2095,8.684549],[-71.209785,8.68083],[-71.209973,8.680362],[-71.210623,8.678745],[-71.213622,8.676509],[-71.218294,8.670788],[-71.220528,8.667588],[-71.220797,8.665725],[-71.220891,8.663363],[-71.22089,8.66334],[-71.221956,8.662368],[-71.223579,8.659978],[-71.225486,8.656643],[-71.228219,8.654327],[-71.229042,8.652432],[-71.228545,8.648977],[-71.228206,8.645336],[-71.227876,8.642177],[-71.227494,8.640073],[-71.225683,8.636778],[-71.220451,8.630719],[-71.219087,8.627852],[-71.218737,8.623545],[-71.21913,8.620809],[-71.221689,8.615009],[-71.223046,8.613289],[-71.223205,8.610397],[-71.22227,8.606972],[-71.221056,8.60213],[-71.220752,8.599108],[-71.219936,8.597332],[-71.21918,8.593538],[-71.218631,8.58974],[-71.217685,8.585673],[-71.21683,8.58016],[-71.216832,8.577521],[-71.216571,8.575713],[-71.216676,8.573716],[-71.217618,8.572072],[-71.218214,8.570411],[-71.218667,8.568522],[-71.21893,8.566293],[-71.21911,8.564593],[-71.218944,8.562967],[-71.218522,8.561208],[-71.217839,8.560463],[-71.217338,8.559508],[-71.216999,8.55875],[-71.217512,8.558643],[-71.217863,8.558561],[-71.218181,8.558387],[-71.21911,8.557793],[-71.21932,8.557832],[-71.219537,8.557825],[-71.219734,8.557634],[-71.219939,8.557496],[-71.220169,8.557442],[-71.220426,8.55745],[-71.221297,8.556947],[-71.221334,8.556916],[-71.221597,8.556535],[-71.221827,8.556268],[-71.222091,8.55614],[-71.222385,8.556053],[-71.222541,8.555901],[-71.222875,8.555574],[-71.223184,8.555316],[-71.223556,8.555155],[-71.22423,8.554575],[-71.225711,8.553381],[-71.226213,8.552865],[-71.226229,8.552759],[-71.226297,8.552495],[-71.226447,8.552189],[-71.226665,8.55177],[-71.226665,8.551002],[-71.226593,8.54949],[-71.226703,8.549115],[-71.226611,8.548716],[-71.226617,8.548442],[-71.22676,8.548091],[-71.227069,8.547638],[-71.227549,8.547239],[-71.227745,8.546617],[-71.22777,8.546304],[-71.227366,8.546013],[-71.22676,8.545697],[-71.225155,8.543596],[-71.224643,8.543376],[-71.223946,8.541736],[-71.223245,8.539867],[-71.221452,8.537627],[-71.220121,8.535378],[-71.219433,8.532935],[-71.219034,8.531175],[-71.218032,8.527866],[-71.217506,8.525421],[-71.216562,8.522822],[-71.216235,8.521199],[-71.216779,8.519218],[-71.216869,8.51768],[-71.217649,8.516038],[-71.218807,8.514803],[-71.221304,8.513637],[-71.221071,8.512127],[-71.220789,8.510435],[-71.22113,8.507356],[-71.220972,8.504812],[-71.21969,8.502724],[-71.217972,8.500826],[-71.216497,8.500965],[-71.214547,8.499003],[-71.214019,8.496443],[-71.21433,8.494373],[-71.215152,8.492341],[-71.21498,8.490326],[-71.215151,8.488213],[-71.215805,8.487192],[-71.217502,8.486498],[-71.218855,8.485948],[-71.221197,8.483775],[-71.224656,8.480736],[-71.225492,8.479644],[-71.228514,8.476726],[-71.229787,8.475512],[-71.23011,8.472754],[-71.230313,8.469677],[-71.2311,8.467049],[-71.232949,8.465803],[-71.233742,8.462097],[-71.234541,8.460226],[-71.2358,8.45814],[-71.235864,8.456465],[-71.235235,8.456154],[-71.231071,8.457027],[-71.229577,8.456089],[-71.229109,8.454331],[-71.228156,8.45258],[-71.227422,8.451469],[-71.224915,8.450639],[-71.223561,8.449791],[-71.221058,8.449213],[-71.218711,8.448358],[-71.215712,8.447101],[-71.212899,8.445978],[-71.210985,8.444726],[-71.210057,8.441714],[-71.209178,8.438793],[-71.208021,8.435921],[-71.206151,8.43453],[-71.204322,8.434194],[-71.202435,8.433216],[-71.2009,8.432508],[-71.200187,8.431327],[-71.200521,8.429165],[-71.19918,8.427651],[-71.196976,8.427091],[-71.196679,8.424504],[-71.196286,8.421667],[-71.194396,8.419084],[-71.192549,8.416316],[-71.191768,8.415182],[-71.192215,8.412904],[-71.191095,8.41079],[-71.189104,8.409034],[-71.18705,8.409068],[-71.185584,8.408404],[-71.184229,8.406065],[-71.184494,8.40395],[-71.183912,8.402216],[-71.181685,8.402965],[-71.180406,8.401059],[-71.178346,8.399304],[-71.176924,8.397172],[-71.17563,8.395702],[-71.174431,8.394392],[-71.174304,8.392261],[-71.173327,8.389043],[-71.172803,8.388088],[-71.17173,8.387395],[-71.170706,8.386885],[-71.16878,8.387719],[-71.167097,8.386417],[-71.166038,8.383843],[-71.165144,8.382802],[-71.163693,8.381634],[-71.161715,8.380634],[-71.160386,8.378476],[-71.159169,8.377441],[-71.15712,8.376397],[-71.154864,8.375471],[-71.153643,8.374184],[-71.151214,8.372481],[-71.149511,8.371408],[-71.148521,8.370186],[-71.14733,8.367935],[-71.147294,8.367155],[-71.145829,8.365115],[-71.144364,8.364428],[-71.140842,8.366459],[-71.138379,8.369665],[-71.136724,8.372972],[-71.136703,8.375864],[-71.136968,8.377947],[-71.136948,8.380975],[-71.135319,8.381575],[-71.13165,8.381659],[-71.127448,8.383127],[-71.122097,8.386243],[-71.119807,8.385959],[-71.115285,8.380529],[-71.112005,8.376179],[-71.108828,8.373868],[-71.105852,8.371233],[-71.101595,8.370661],[-71.096574,8.368541],[-71.093957,8.368057],[-71.090198,8.368279],[-71.08822,8.371591],[-71.08648,8.372491],[-71.084066,8.37173],[-71.083332,8.373425],[-71.082703,8.374449],[-71.068701,8.372869],[-71.059653,8.369266],[-71.050098,8.356534],[-71.042014,8.346291],[-71.028339,8.34902],[-71.026623,8.346279],[-71.021981,8.346201],[-71.015377,8.342886],[-71.00805,8.343502],[-71.000971,8.345849],[-70.992393,8.333626],[-70.98212,8.327784],[-70.975515,8.323483],[-70.97672,8.316354],[-70.965238,8.316901],[-70.962789,8.313655],[-70.958144,8.312098],[-70.936631,8.305082],[-70.93124,8.298089],[-70.932455,8.295151],[-70.926821,8.288401],[-70.917943,8.297231],[-70.915544,8.299616],[-70.910974,8.302432],[-70.905353,8.319428],[-70.906855,8.323235],[-70.906826,8.328554],[-70.909475,8.331609],[-70.909454,8.335408],[-70.909439,8.338067],[-70.90864,8.344902],[-70.90745,8.353635],[-70.907419,8.359333],[-70.905494,8.363123],[-70.90167,8.366142],[-70.89936,8.37069],[-70.897052,8.374858],[-70.895512,8.37789],[-70.89132,8.378248],[-70.878737,8.381221],[-70.873389,8.384233],[-70.869924,8.391054],[-70.865692,8.39863],[-70.862124,8.402322],[-70.856056,8.411059],[-70.851481,8.41244],[-70.850888,8.414199],[-70.851016,8.414326],[-70.853078,8.415636],[-70.853336,8.417433],[-70.854128,8.419943],[-70.853296,8.420681],[-70.850868,8.420616],[-70.849321,8.421931],[-70.849352,8.42587],[-70.852061,8.42718],[-70.854837,8.428034],[-70.856829,8.428647],[-70.857959,8.428866],[-70.860949,8.429447],[-70.86338,8.430341],[-70.863867,8.430824],[-70.866364,8.430682],[-70.868495,8.431992],[-70.869866,8.43487],[-70.872642,8.434842],[-70.874195,8.436245],[-70.876144,8.439145],[-70.8767,8.439697],[-70.877234,8.440364],[-70.879849,8.441189],[-70.881631,8.440795],[-70.883944,8.44086],[-70.886418,8.440649],[-70.888637,8.43977],[-70.88899,8.442349],[-70.887189,8.444011],[-70.88643,8.445901],[-70.889532,8.446818],[-70.894529,8.447201],[-70.896961,8.448649],[-70.899001,8.450673],[-70.901177,8.451544],[-70.903494,8.452831],[-70.906136,8.454807],[-70.906534,8.456811],[-70.906049,8.457457],[-70.906099,8.458816],[-70.905984,8.459254],[-70.90541,8.461214],[-70.905276,8.463449],[-70.907063,8.465796],[-70.907646,8.467983],[-70.909198,8.468994],[-70.912437,8.468827],[-70.916049,8.470296],[-70.918459,8.472526],[-70.920062,8.475219],[-70.921273,8.478557],[-70.92299,8.481088],[-70.924895,8.484057],[-70.926036,8.487349],[-70.92884,8.489233],[-70.931577,8.492223],[-70.93211,8.492775],[-70.935306,8.494128],[-70.938319,8.496772],[-70.938789,8.499628],[-70.939236,8.502783],[-70.941162,8.505337],[-70.94269,8.505956],[-70.94597,8.511033],[-70.948713,8.512145],[-70.953076,8.520216],[-70.961343,8.526935],[-70.968842,8.537778],[-70.970658,8.538806],[-70.974245,8.540681],[-70.977721,8.544029],[-70.978998,8.54598],[-70.981274,8.549399],[-70.984165,8.550541],[-70.988991,8.556161],[-70.995975,8.5652],[-70.999036,8.568502],[-71.002021,8.568115],[-71.006476,8.569304],[-71.012333,8.570081],[-71.018035,8.571295],[-71.021743,8.57206],[-71.025527,8.573192],[-71.034144,8.574611],[-71.041075,8.576149],[-71.065307,8.580362],[-71.082488,8.584277],[-71.089142,8.587149],[-71.093861,8.590397],[-71.096295,8.592307],[-71.097316,8.594033],[-71.097528,8.597058],[-71.099449,8.6001],[-71.099614,8.60168],[-71.100201,8.603689],[-71.101566,8.605181],[-71.102967,8.606052],[-71.104045,8.606998],[-71.104159,8.60828],[-71.103723,8.609847],[-71.104801,8.612215],[-71.105978,8.613526],[-71.107037,8.614724],[-71.108042,8.615395],[-71.108039,8.615758],[-71.108034,8.616313],[-71.105953,8.617632],[-71.103887,8.619776],[-71.102713,8.621447],[-71.102605,8.62333],[-71.103186,8.626325],[-71.104443,8.628277],[-71.106591,8.629663],[-71.109425,8.630603],[-71.110538,8.632236],[-71.111031,8.634108],[-71.110615,8.635537],[-71.108419,8.636835],[-71.107118,8.63782],[-71.106833,8.640096],[-71.106094,8.641553],[-71.104059,8.642803],[-71.098969,8.646535],[-71.095841,8.648858],[-71.094795,8.651283],[-71.093407,8.653921],[-71.09239,8.656736],[-71.090546,8.659749],[-71.088366,8.662101],[-71.085646,8.663306],[-71.08493,8.666487],[-71.083384,8.669645],[-71.08228,8.672951],[-71.080769,8.674871],[-71.078136,8.677051],[-71.077126,8.678774],[-71.076771,8.681716],[-71.073953,8.686307],[-71.070924,8.690743],[-71.068456,8.694705],[-71.066549,8.698973],[-71.065371,8.702097],[-71.064658,8.705393],[-71.063015,8.709195],[-71.060604,8.711895],[-71.057396,8.714916],[-71.055496,8.717763],[-71.054221,8.719906],[-71.05274,8.722947],[-71.051094,8.72581],[-71.049254,8.728359],[-71.04732,8.730015],[-71.043222,8.734137],[-71.040877,8.735072],[-71.039111,8.736152],[-71.037512,8.737449],[-71.036295,8.739253],[-71.03412,8.742153],[-71.032905,8.744821],[-71.030585,8.748298],[-71.029005,8.75109],[-71.026857,8.754127],[-71.024527,8.755658],[-71.023615,8.756782],[-71.022949,8.75932],[-71.02102,8.76116],[-71.01856,8.762946],[-71.01661,8.764879],[-71.015683,8.767126],[-71.014948,8.768017],[-71.007774,8.770093],[-71.004707,8.771621],[-71.003345,8.774796],[-71.002317,8.77755],[-71.002096,8.777036],[-70.998745,8.779013],[-70.996236,8.780622],[-70.994335,8.781777],[-70.991684,8.781691],[-70.989986,8.783506],[-70.989367,8.785199],[-70.987507,8.789406],[-70.985064,8.790118],[-70.982515,8.791154],[-70.98084,8.791407],[-70.979484,8.793098],[-70.977545,8.794553],[-70.975167,8.798361],[-70.974211,8.801143],[-70.974783,8.804249],[-70.974835,8.806083],[-70.97423,8.807914]]]},"properties":{"Municipio":"Libertador","Municipios_code":"VE1412","Ciudad":"Mérida","Pais":"Venezuela (República Bolivariana de)","area_sqkm":1132.13172242,"Municipios_ref_name":"Libertador","center_lat":8.553978,"center_lon":-71.10604346,"stroke-width":2,"stroke":"#000000"}},{"type":"Feature","geometry":{"type":"Polygon","coordinates":[[[-70.866562,9.097205],[-70.868367,9.096564],[-70.871054,9.09675],[-70.873554,9.096591],[-70.875475,9.094964],[-70.876679,9.092968],[-70.878322,9.091501],[-70.881054,9.090034],[-70.882397,9.089989],[-70.884897,9.090657],[-70.886471,9.091415],[-70.888786,9.090453],[-70.890383,9.089789],[-70.891541,9.088987],[-70.894434,9.087842],[-70.896032,9.087682],[-70.896866,9.087591],[-70.897074,9.087063],[-70.897583,9.086743],[-70.897838,9.085848],[-70.899458,9.085689],[-70.901241,9.086332],[-70.902861,9.085163],[-70.903995,9.083833],[-70.906009,9.083101],[-70.908532,9.082253],[-70.9133,9.079894],[-70.916703,9.079185],[-70.91999,9.078154],[-70.923162,9.078248],[-70.926611,9.077792],[-70.929204,9.077472],[-70.930569,9.077381],[-70.931819,9.077038],[-70.931911,9.075868],[-70.9308,9.073963],[-70.929688,9.071966],[-70.930081,9.070888],[-70.931122,9.068801],[-70.931932,9.066094],[-70.931468,9.063708],[-70.930148,9.061252],[-70.928712,9.059988],[-70.925309,9.058564],[-70.922854,9.058103],[-70.920192,9.057711],[-70.916442,9.057594],[-70.914035,9.056193],[-70.909775,9.051969],[-70.907435,9.046071],[-70.906718,9.0449],[-70.906393,9.042468],[-70.90674,9.040679],[-70.906994,9.03843],[-70.906369,9.036732],[-70.905905,9.035149],[-70.905442,9.034345],[-70.904979,9.03368],[-70.904053,9.031958],[-70.903474,9.028654],[-70.904375,9.024227],[-70.90493,9.021222],[-70.905138,9.020052],[-70.905624,9.01684],[-70.905392,9.014936],[-70.904303,9.013191],[-70.903053,9.010575],[-70.902404,9.007361],[-70.901825,9.005227],[-70.900806,9.002886],[-70.899232,9.001095],[-70.898213,8.999878],[-70.897353,8.996897],[-70.897767,8.995122],[-70.897792,8.993652],[-70.897448,8.9923],[-70.89621,8.989949],[-70.895015,8.987344],[-70.894183,8.984321],[-70.892756,8.98172],[-70.890533,8.978484],[-70.888416,8.974604],[-70.885751,8.972822],[-70.883016,8.971086],[-70.879616,8.968141],[-70.877699,8.965293],[-70.876786,8.962983],[-70.87587,8.960467],[-70.874929,8.957813],[-70.874444,8.954739],[-70.874859,8.95301],[-70.875469,8.948775],[-70.874895,8.944278],[-70.874411,8.941205],[-70.872942,8.938903],[-70.870857,8.937042],[-70.869844,8.931749],[-70.868136,8.926431],[-70.867737,8.923953],[-70.867929,8.919174],[-70.869535,8.916878],[-70.872745,8.912463],[-70.87507,8.907159],[-70.87491,8.901316],[-70.874925,8.896714],[-70.875068,8.893632],[-70.873432,8.892595],[-70.870946,8.890397],[-70.869967,8.888518],[-70.868159,8.885304],[-70.866486,8.883206],[-70.865092,8.881667],[-70.864114,8.881384],[-70.863275,8.881242],[-70.860896,8.881513],[-70.859357,8.881508],[-70.858379,8.881086],[-70.857823,8.879968],[-70.856987,8.878849],[-70.855869,8.878567],[-70.853491,8.878558],[-70.850697,8.877154],[-70.848604,8.875333],[-70.845956,8.872256],[-70.844989,8.868347],[-70.842203,8.864711],[-70.840529,8.863031],[-70.839131,8.863026],[-70.836194,8.862598],[-70.833539,8.861891],[-70.830186,8.860484],[-70.826554,8.858658],[-70.823903,8.856278],[-70.823352,8.853904],[-70.822939,8.85181],[-70.821966,8.849854],[-70.82085,8.849013],[-70.818893,8.848588],[-70.814975,8.848853],[-70.813571,8.850382],[-70.812144,8.851457],[-70.809146,8.852212],[-70.807193,8.852962],[-70.804451,8.853248],[-70.802265,8.85372],[-70.800244,8.854098],[-70.799181,8.85466],[-70.795426,8.856439],[-70.794292,8.856722],[-70.790601,8.856545],[-70.787264,8.857858],[-70.785191,8.85982],[-70.782587,8.863273],[-70.78102,8.864488],[-70.777974,8.864217],[-70.775045,8.865342],[-70.773216,8.86721],[-70.771285,8.86973],[-70.769546,8.871318],[-70.768363,8.873091],[-70.767873,8.875794],[-70.767729,8.877751],[-70.766843,8.880268],[-70.767045,8.881479],[-70.767383,8.883434],[-70.767289,8.886322],[-70.766604,8.887629],[-70.765001,8.889962],[-70.76425,8.890803],[-70.763038,8.890992],[-70.757052,8.892219],[-70.756409,8.89222],[-70.752212,8.890524],[-70.74999,8.89062],[-70.747096,8.892286],[-70.745216,8.895204],[-70.743919,8.896828],[-70.74123,8.898215],[-70.739835,8.901082],[-70.739611,8.90329],[-70.741291,8.905867],[-70.736911,8.908837],[-70.735383,8.910441],[-70.733636,8.911358],[-70.731736,8.91122],[-70.730462,8.912867],[-70.729564,8.918163],[-70.728634,8.922793],[-70.728275,8.925303],[-70.727482,8.928208],[-70.727104,8.930901],[-70.726992,8.932878],[-70.725028,8.934763],[-70.723989,8.938268],[-70.721981,8.938729],[-70.718253,8.938796],[-70.71573,8.938849],[-70.714513,8.94123],[-70.714141,8.944452],[-70.714037,8.946889],[-70.713768,8.947513],[-70.712244,8.947852],[-70.709308,8.946485],[-70.704736,8.945781],[-70.701842,8.945792],[-70.700618,8.947622],[-70.698931,8.951204],[-70.698065,8.953834],[-70.696881,8.955273],[-70.693064,8.955617],[-70.690371,8.956752],[-70.689218,8.958764],[-70.687047,8.960813],[-70.684507,8.961349],[-70.683064,8.962446],[-70.683196,8.965271],[-70.683494,8.966738],[-70.68165,8.967357],[-70.67936,8.967522],[-70.677443,8.968533],[-70.677222,8.96865],[-70.675187,8.970513],[-70.675057,8.970699],[-70.673757,8.972552],[-70.673677,8.972768],[-70.673427,8.973441],[-70.673183,8.974278],[-70.673198,8.974262],[-70.673382,8.975822],[-70.675029,8.979411],[-70.676748,8.981413],[-70.679334,8.982531],[-70.682774,8.988488],[-70.684449,8.99107],[-70.685141,8.992137],[-70.687177,8.995307],[-70.689211,8.996708],[-70.692993,8.997169],[-70.696702,8.997424],[-70.704567,8.997496],[-70.711271,9.007634],[-70.710491,9.008181],[-70.708638,9.012103],[-70.705836,9.014256],[-70.706108,9.014809],[-70.707178,9.016988],[-70.709237,9.018941],[-70.711135,9.021513],[-70.712987,9.023122],[-70.714792,9.02496],[-70.71588,9.025099],[-70.717847,9.025813],[-70.719166,9.026824],[-70.720277,9.02912],[-70.7207,9.02977],[-70.721457,9.030934],[-70.722799,9.032656],[-70.723261,9.033575],[-70.723539,9.035021],[-70.723562,9.035938],[-70.723816,9.037316],[-70.724881,9.037569],[-70.726268,9.042619],[-70.726734,9.045075],[-70.727008,9.04652],[-70.72902,9.051502],[-70.730038,9.055084],[-70.730187,9.056006],[-70.7302,9.056093],[-70.731821,9.056325],[-70.73365,9.056488],[-70.735942,9.055435],[-70.737933,9.055001],[-70.739206,9.054749],[-70.740317,9.055301],[-70.742053,9.056681],[-70.743558,9.057348],[-70.744993,9.057396],[-70.746429,9.05742],[-70.747887,9.057628],[-70.748998,9.057422],[-70.749924,9.05584],[-70.750596,9.054189],[-70.751546,9.052561],[-70.752865,9.052241],[-70.754416,9.052128],[-70.756153,9.051464],[-70.758376,9.050733],[-70.759464,9.049839],[-70.760552,9.049542],[-70.761663,9.04936],[-70.763353,9.048994],[-70.763955,9.049706],[-70.764279,9.050257],[-70.765321,9.051635],[-70.767311,9.05267],[-70.768885,9.053429],[-70.770945,9.053592],[-70.773793,9.053755],[-70.775043,9.054445],[-70.776223,9.056075],[-70.77877,9.058923],[-70.779592,9.0605],[-70.781154,9.063492],[-70.78189,9.065919],[-70.782001,9.066283],[-70.783028,9.069667],[-70.784579,9.07467],[-70.784301,9.076414],[-70.783143,9.077789],[-70.784046,9.078662],[-70.785991,9.077287],[-70.787728,9.073113],[-70.789093,9.072266],[-70.795873,9.076157],[-70.797001,9.074448],[-70.797327,9.073952],[-70.798155,9.072695],[-70.800075,9.070363],[-70.802175,9.067811],[-70.803002,9.066807],[-70.806013,9.065534],[-70.811333,9.064232],[-70.812916,9.061916],[-70.81556,9.058793],[-70.81723,9.056123],[-70.818522,9.054441],[-70.819262,9.054809],[-70.820837,9.056508],[-70.823128,9.058461],[-70.825721,9.059266],[-70.829194,9.060072],[-70.832643,9.059158],[-70.835236,9.058839],[-70.837042,9.057349],[-70.83894,9.056112],[-70.841949,9.056092],[-70.843917,9.055887],[-70.846486,9.055384],[-70.848361,9.056097],[-70.850561,9.058462],[-70.851696,9.061951],[-70.852159,9.066815],[-70.852021,9.069018],[-70.85216,9.071771],[-70.853734,9.07386],[-70.856998,9.076662],[-70.859244,9.077972],[-70.860957,9.080061],[-70.862277,9.083068],[-70.863505,9.086281],[-70.864709,9.090573],[-70.865265,9.093877],[-70.865751,9.095736],[-70.866562,9.097205]]]},"properties":{"Municipio":"Miranda","Municipios_code":"VE1413","Ciudad":"Mérida","Pais":"Venezuela (República Bolivariana de)","area_sqkm":420.04487302,"Municipios_ref_name":"Miranda","center_lat":8.97313169,"center_lon":-70.77987806,"stroke-width":2,"stroke":"#000000"}},{"type":"Feature","geometry":{"type":"Polygon","coordinates":[[[-71.350951,8.915728],[-71.351311,8.916522],[-71.35217,8.916894],[-71.353187,8.91708],[-71.353906,8.917387],[-71.354859,8.917826],[-71.356002,8.918605],[-71.356452,8.920315],[-71.357571,8.921049],[-71.358503,8.921581],[-71.360176,8.922395],[-71.36123,8.923291],[-71.362183,8.924899],[-71.363123,8.924697],[-71.363906,8.924726],[-71.364217,8.925316],[-71.364338,8.926781],[-71.365548,8.928545],[-71.366044,8.929222],[-71.367332,8.93032],[-71.368829,8.931481],[-71.369672,8.932175],[-71.370189,8.932738],[-71.36961,8.933689],[-71.369621,8.934262],[-71.369699,8.934719],[-71.369987,8.935309],[-71.370323,8.93599],[-71.370893,8.936873],[-71.371472,8.937021],[-71.372608,8.937411],[-71.373985,8.937223],[-71.374929,8.937203],[-71.376134,8.937614],[-71.377063,8.938031],[-71.377759,8.939048],[-71.377793,8.939027],[-71.379408,8.937977],[-71.394117,8.925769],[-71.417095,8.906603],[-71.418361,8.905547],[-71.420362,8.903878],[-71.501727,8.843416],[-71.5054,8.840686],[-71.536325,8.817702],[-71.53651,8.817564],[-71.597245,8.767926],[-71.597025,8.767367],[-71.596995,8.767301],[-71.596546,8.766327],[-71.595951,8.765016],[-71.595518,8.763059],[-71.595542,8.76283],[-71.595482,8.760644],[-71.59546,8.759818],[-71.595351,8.758071],[-71.595141,8.757102],[-71.594942,8.756185],[-71.59421,8.754206],[-71.593548,8.752181],[-71.59286,8.751145],[-71.592751,8.749237],[-71.592041,8.747694],[-71.591284,8.746681],[-71.590458,8.745437],[-71.58829,8.74534],[-71.585433,8.744482],[-71.583654,8.745442],[-71.581108,8.747872],[-71.578796,8.749521],[-71.576601,8.750642],[-71.573417,8.750909],[-71.569936,8.750049],[-71.567796,8.748687],[-71.564225,8.747298],[-71.560977,8.74614],[-71.557427,8.745716],[-71.552396,8.746277],[-71.54903,8.745578],[-71.545644,8.744511],[-71.542743,8.742917],[-71.540241,8.739554],[-71.538656,8.737802],[-71.536933,8.73566],[-71.535587,8.731472],[-71.534995,8.729332],[-71.531984,8.726565],[-71.531717,8.72376],[-71.529857,8.721433],[-71.528498,8.721061],[-71.52661,8.719906],[-71.524383,8.717049],[-71.520794,8.714625],[-71.518793,8.713079],[-71.5167,8.711418],[-71.511036,8.709658],[-71.510574,8.711455],[-71.508984,8.713294],[-71.508182,8.715454],[-71.507914,8.718483],[-71.507394,8.722087],[-71.505574,8.724341],[-71.5044,8.726019],[-71.503507,8.728775],[-71.502007,8.730179],[-71.499783,8.73309],[-71.498216,8.734814],[-71.497223,8.736678],[-71.49638,8.739397],[-71.494813,8.741264],[-71.49382,8.742985],[-71.491821,8.744712],[-71.490115,8.747294],[-71.487567,8.752739],[-71.486923,8.758278],[-71.485901,8.761249],[-71.482169,8.765092],[-71.480083,8.766206],[-71.477868,8.768422],[-71.475774,8.770039],[-71.474014,8.771235],[-71.472289,8.772132],[-71.470867,8.773112],[-71.467921,8.774708],[-71.465492,8.7759],[-71.463197,8.777729],[-71.461026,8.779876],[-71.460052,8.782011],[-71.458262,8.78378],[-71.457628,8.784921],[-71.457072,8.786379],[-71.456517,8.788011],[-71.457181,8.789732],[-71.455698,8.792042],[-71.45395,8.794818],[-71.45207,8.797827],[-71.451044,8.799924],[-71.450579,8.798978],[-71.449515,8.798024],[-71.447481,8.794624],[-71.445332,8.791251],[-71.442582,8.78936],[-71.438355,8.785749],[-71.433245,8.783468],[-71.428278,8.782877],[-71.425063,8.782397],[-71.419728,8.781107],[-71.415583,8.779508],[-71.412988,8.776582],[-71.409911,8.773739],[-71.407162,8.77423],[-71.404107,8.776057],[-71.400097,8.777523],[-71.396133,8.777453],[-71.391129,8.777184],[-71.386073,8.776733],[-71.378403,8.776677],[-71.370255,8.776039],[-71.363978,8.775553],[-71.358066,8.773386],[-71.353068,8.772543],[-71.345667,8.773853],[-71.334776,8.774666],[-71.330699,8.773843],[-71.326169,8.773285],[-71.320756,8.771085],[-71.316244,8.765344],[-71.312703,8.76391],[-71.309124,8.764378],[-71.301506,8.76693],[-71.295948,8.76585],[-71.292788,8.764062],[-71.288814,8.764426],[-71.289923,8.766135],[-71.290893,8.767047],[-71.291877,8.767964],[-71.292934,8.769749],[-71.294059,8.77057],[-71.295398,8.771705],[-71.296867,8.773412],[-71.298854,8.774646],[-71.300937,8.776956],[-71.302906,8.778397],[-71.30431,8.779348],[-71.305712,8.780184],[-71.308316,8.780346],[-71.310151,8.781056],[-71.311236,8.782084],[-71.312268,8.782907],[-71.313085,8.784285],[-71.315077,8.785726],[-71.317254,8.788148],[-71.318882,8.789759],[-71.320569,8.790955],[-71.322359,8.791689],[-71.324166,8.792148],[-71.325486,8.793422],[-71.326525,8.796332],[-71.328673,8.796621],[-71.328856,8.799347],[-71.329537,8.801739],[-71.330292,8.803418],[-71.331516,8.805451],[-71.331787,8.807097],[-71.333796,8.808284],[-71.33372,8.809846],[-71.334594,8.810742],[-71.335322,8.813178],[-71.336543,8.814179],[-71.337675,8.815275],[-71.338325,8.816428],[-71.338292,8.81877],[-71.337414,8.820467],[-71.336185,8.821945],[-71.335627,8.823565],[-71.335598,8.824255],[-71.335374,8.826348],[-71.334474,8.828093],[-71.333745,8.829305],[-71.333198,8.830443],[-71.333141,8.831867],[-71.333004,8.832812],[-71.331933,8.83417],[-71.332646,8.835093],[-71.333748,8.836808],[-71.334226,8.838425],[-71.335063,8.839713],[-71.336222,8.840968],[-71.337522,8.842311],[-71.338224,8.842798],[-71.339648,8.842692],[-71.341582,8.842665],[-71.342517,8.843238],[-71.343349,8.844295],[-71.344043,8.845355],[-71.345118,8.846016],[-71.346486,8.84644],[-71.347854,8.845899],[-71.349008,8.845112],[-71.349892,8.844585],[-71.351846,8.844488],[-71.353044,8.844549],[-71.353077,8.845856],[-71.353125,8.846865],[-71.353529,8.848277],[-71.354079,8.849112],[-71.354767,8.850838],[-71.355413,8.852749],[-71.35533,8.854059],[-71.355499,8.856188],[-71.355404,8.857935],[-71.355853,8.859323],[-71.355916,8.860905],[-71.356265,8.861974],[-71.356359,8.862958],[-71.35641,8.864999],[-71.356587,8.866578],[-71.356969,8.868955],[-71.357267,8.870737],[-71.357405,8.872569],[-71.357293,8.873604],[-71.356706,8.874973],[-71.355881,8.876968],[-71.355195,8.878087],[-71.354949,8.879287],[-71.35469,8.880877],[-71.354496,8.883246],[-71.354421,8.885772],[-71.354835,8.887574],[-71.355475,8.888314],[-71.356448,8.890423],[-71.357567,8.89191],[-71.359056,8.893409],[-71.359428,8.894478],[-71.358363,8.897006],[-71.357963,8.89938],[-71.357586,8.900904],[-71.356865,8.902483],[-71.356603,8.904877],[-71.355948,8.907211],[-71.354844,8.909076],[-71.353943,8.910219],[-71.353015,8.911395],[-71.352885,8.911627],[-71.352089,8.913048],[-71.352694,8.913308],[-71.352768,8.913512],[-71.352022,8.914407],[-71.351632,8.914875],[-71.350951,8.915728]]]},"properties":{"Municipio":"Obispo Ramos de Lora","Municipios_code":"VE1414","Ciudad":"Mérida","Pais":"Venezuela (República Bolivariana de)","area_sqkm":323.40551854,"Municipios_ref_name":"Obispo Ramos de Lora","center_lat":8.8253015,"center_lon":-71.43079271,"stroke-width":2,"stroke":"#000000"}},{"type":"Feature","geometry":{"type":"Polygon","coordinates":[[[-71.374911,7.847232],[-71.375449,7.848241],[-71.374978,7.850327],[-71.373824,7.853099],[-71.373671,7.853467],[-71.372761,7.855736],[-71.373607,7.85734],[-71.373744,7.857599],[-71.376986,7.859885],[-71.379193,7.861317],[-71.382457,7.863854],[-71.3839,7.86588],[-71.385668,7.867654],[-71.387576,7.86897],[-71.389235,7.869504],[-71.391521,7.869031],[-71.394162,7.866609],[-71.397291,7.863178],[-71.399725,7.860618],[-71.401575,7.859637],[-71.403649,7.85992],[-71.405756,7.86312],[-71.409165,7.869262],[-71.411285,7.87464],[-71.411153,7.878289],[-71.411318,7.88272],[-71.411394,7.886369],[-71.411858,7.890709],[-71.411846,7.893302],[-71.411789,7.895781],[-71.413584,7.896614],[-71.414826,7.897422],[-71.41798,7.898835],[-71.421754,7.900754],[-71.426126,7.903181],[-71.43089,7.905517],[-71.43434,7.907803],[-71.435402,7.9076],[-71.436786,7.907674],[-71.439022,7.907935],[-71.442069,7.907488],[-71.44464,7.905157],[-71.446294,7.901445],[-71.44763,7.896837],[-71.448226,7.892433],[-71.447824,7.889516],[-71.448758,7.886903],[-71.451449,7.883425],[-71.454276,7.880705],[-71.458838,7.876522],[-71.462812,7.87011],[-71.465811,7.864613],[-71.467902,7.861316],[-71.47127,7.855797],[-71.474626,7.853308],[-71.480455,7.854616],[-71.482848,7.855749],[-71.486234,7.85684],[-71.488464,7.858547],[-71.489996,7.861674],[-71.490933,7.863537],[-71.492413,7.867811],[-71.492533,7.872057],[-71.492838,7.876212],[-71.495014,7.879571],[-71.498267,7.882763],[-71.50025,7.884709],[-71.502267,7.885456],[-71.504036,7.886111],[-71.506843,7.888316],[-71.508574,7.889393],[-71.509796,7.889739],[-71.509858,7.889659],[-71.511572,7.887389],[-71.511023,7.884634],[-71.510274,7.88229],[-71.510552,7.880036],[-71.511039,7.878087],[-71.510087,7.875848],[-71.510113,7.875773],[-71.51034,7.87511],[-71.510352,7.874874],[-71.510449,7.874795],[-71.510581,7.87441],[-71.511905,7.873678],[-71.513749,7.873554],[-71.515075,7.872925],[-71.517005,7.87147],[-71.518609,7.868689],[-71.518581,7.866541],[-71.518543,7.863678],[-71.518928,7.86173],[-71.517259,7.8596],[-71.516205,7.857465],[-71.51638,7.855213],[-71.517584,7.853153],[-71.516429,7.85112],[-71.517238,7.85019],[-71.519069,7.849043],[-71.519663,7.8474],[-71.518931,7.846386],[-71.517882,7.844557],[-71.515988,7.842619],[-71.513665,7.841603],[-71.514251,7.840726],[-71.514131,7.840745],[-71.513255,7.840878],[-71.512953,7.840344],[-71.514188,7.83702],[-71.514116,7.833859],[-71.514274,7.831865],[-71.515052,7.830283],[-71.516564,7.828264],[-71.51865,7.826863],[-71.519449,7.823494],[-71.521077,7.821956],[-71.522796,7.820211],[-71.523184,7.818446],[-71.523158,7.816293],[-71.522642,7.814551],[-71.522399,7.813729],[-71.522832,7.811642],[-71.523012,7.808572],[-71.520417,7.806172],[-71.519024,7.804751],[-71.517592,7.803291],[-71.5172,7.801069],[-71.516258,7.799971],[-71.514444,7.797569],[-71.515931,7.793809],[-71.519413,7.790046],[-71.522392,7.787062],[-71.523671,7.782592],[-71.524103,7.77888],[-71.524442,7.773496],[-71.524667,7.769716],[-71.526476,7.767077],[-71.528744,7.763911],[-71.529408,7.762054],[-71.531537,7.759072],[-71.532796,7.756618],[-71.533619,7.754417],[-71.533962,7.753225],[-71.532745,7.75151],[-71.528361,7.74886],[-71.52485,7.74708],[-71.520488,7.74324],[-71.518328,7.738822],[-71.515755,7.734864],[-71.513735,7.732279],[-71.512929,7.729325],[-71.513315,7.725934],[-71.514734,7.722632],[-71.514754,7.719792],[-71.512208,7.719475],[-71.509501,7.718633],[-71.508213,7.715634],[-71.507682,7.712014],[-71.506626,7.710779],[-71.504699,7.709821],[-71.502354,7.710567],[-71.500048,7.709673],[-71.499547,7.709478],[-71.498062,7.706282],[-71.497992,7.70137],[-71.497875,7.696757],[-71.496731,7.689638],[-71.495461,7.685112],[-71.493788,7.680415],[-71.493021,7.678259],[-71.492957,7.678079],[-71.492608,7.673694],[-71.492636,7.672933],[-71.49287,7.666558],[-71.492545,7.66225],[-71.491062,7.662029],[-71.487295,7.662689],[-71.484553,7.663312],[-71.484847,7.665141],[-71.485784,7.666841],[-71.48538,7.66841],[-71.484542,7.67008],[-71.482856,7.668901],[-71.481272,7.668155],[-71.479644,7.667456],[-71.478863,7.667587],[-71.477655,7.667177],[-71.477861,7.668137],[-71.477938,7.669535],[-71.477016,7.670564],[-71.476771,7.672015],[-71.47688,7.673802],[-71.476799,7.675341],[-71.476023,7.677767],[-71.474833,7.678734],[-71.474574,7.678945],[-71.472338,7.678948],[-71.471133,7.678439],[-71.469756,7.677856],[-71.46788,7.676405],[-71.466059,7.675366],[-71.463596,7.675534],[-71.461759,7.677937],[-71.460594,7.680532],[-71.459946,7.683528],[-71.459787,7.685734],[-71.459612,7.687184],[-71.456172,7.689024],[-71.454525,7.689565],[-71.45215,7.690602],[-71.449218,7.690367],[-71.446392,7.691828],[-71.443604,7.692897],[-71.442631,7.695809],[-71.442929,7.697823],[-71.443719,7.700215],[-71.445062,7.702618],[-71.446703,7.7049],[-71.447731,7.706576],[-71.449235,7.70893],[-71.450366,7.711062],[-71.451459,7.712576],[-71.453106,7.715133],[-71.454395,7.717125],[-71.45637,7.718872],[-71.458234,7.719818],[-71.459433,7.720802],[-71.459922,7.722099],[-71.461525,7.722638],[-71.463234,7.722785],[-71.464525,7.723836],[-71.465461,7.725513],[-71.465338,7.72726],[-71.46483,7.729313],[-71.46463,7.731726],[-71.464675,7.733767],[-71.464505,7.735469],[-71.464168,7.736899],[-71.463923,7.73835],[-71.463612,7.739916],[-71.463462,7.74148],[-71.463592,7.743175],[-71.464521,7.744532],[-71.465625,7.745449],[-71.466072,7.746884],[-71.465105,7.747984],[-71.465387,7.749285],[-71.466566,7.750499],[-71.4674,7.750687],[-71.468562,7.751098],[-71.468922,7.751756],[-71.468065,7.752578],[-71.466829,7.752972],[-71.465252,7.753603],[-71.463832,7.755056],[-71.463742,7.756205],[-71.46348,7.757932],[-71.463151,7.758673],[-71.462337,7.759402],[-71.460644,7.760999],[-71.459304,7.762978],[-71.459148,7.764266],[-71.460124,7.765622],[-71.461923,7.76673],[-71.463036,7.76806],[-71.463631,7.768919],[-71.463105,7.770146],[-71.462359,7.770805],[-71.461249,7.771678],[-71.460956,7.773015],[-71.460597,7.774537],[-71.460089,7.775511],[-71.458654,7.777355],[-71.457749,7.778132],[-71.456529,7.779259],[-71.455523,7.780658],[-71.454657,7.782168],[-71.453974,7.783605],[-71.452634,7.784506],[-71.451066,7.78454],[-71.449629,7.785236],[-71.447431,7.786982],[-71.44537,7.789665],[-71.442913,7.79114],[-71.440878,7.792951],[-71.43943,7.794199],[-71.437613,7.793343],[-71.435742,7.792167],[-71.433745,7.792532],[-71.432102,7.794357],[-71.430731,7.79597],[-71.429801,7.795623],[-71.428531,7.795535],[-71.427505,7.797072],[-71.425939,7.798184],[-71.422555,7.799519],[-71.420891,7.80038],[-71.41877,7.802491],[-71.416957,7.803907],[-71.415571,7.804854],[-71.412974,7.806264],[-71.410451,7.807879],[-71.407326,7.809414],[-71.404864,7.811739],[-71.402395,7.813765],[-71.401066,7.81517],[-71.400256,7.817138],[-71.398697,7.817516],[-71.396821,7.818221],[-71.394901,7.81902],[-71.392964,7.820048],[-71.39035,7.821756],[-71.387946,7.823552],[-71.385675,7.825138],[-71.384187,7.826684],[-71.384014,7.828248],[-71.384419,7.82987],[-71.383784,7.832476],[-71.382775,7.834815],[-71.382383,7.836912],[-71.381629,7.838259],[-71.380136,7.838543],[-71.378229,7.839892],[-71.377007,7.840951],[-71.37639,7.842249],[-71.37602,7.844322],[-71.374732,7.8459],[-71.375559,7.84646],[-71.374943,7.847207],[-71.374911,7.847232]]]},"properties":{"Municipio":"Padre Noguera","Municipios_code":"VE1415","Ciudad":"Mérida","Pais":"Venezuela (República Bolivariana de)","area_sqkm":215.38066754,"Municipios_ref_name":"Padre Noguera","center_lat":7.78488827,"center_lon":-71.48668117,"stroke-width":2,"stroke":"#000000"}},{"type":"Feature","geometry":{"type":"Polygon","coordinates":[[[-70.576848,9.011017],[-70.576988,9.011032],[-70.578542,9.012708],[-70.578878,9.013891],[-70.579591,9.016073],[-70.579892,9.017626],[-70.58052,9.019306],[-70.580707,9.02093],[-70.580517,9.022335],[-70.580677,9.023822],[-70.581795,9.027163],[-70.581952,9.027338],[-70.582013,9.027418],[-70.583034,9.027209],[-70.583872,9.027045],[-70.585568,9.027002],[-70.588764,9.025654],[-70.59159,9.02419],[-70.59342,9.022426],[-70.595713,9.020684],[-70.598145,9.018944],[-70.600044,9.01718],[-70.601619,9.016104],[-70.604975,9.016041],[-70.608309,9.015289],[-70.61074,9.014076],[-70.611296,9.013572],[-70.613403,9.013598],[-70.616413,9.013534],[-70.618659,9.012872],[-70.619702,9.011084],[-70.620722,9.007873],[-70.622274,9.0062],[-70.625237,9.00586],[-70.628085,9.004488],[-70.629244,9.002241],[-70.630402,9.000476],[-70.632186,8.998367],[-70.635079,8.998417],[-70.63744,8.997985],[-70.640079,8.998539],[-70.640082,8.998538],[-70.640843,8.998196],[-70.641484,8.996926],[-70.641231,8.99532],[-70.640876,8.993095],[-70.642956,8.991117],[-70.64623,8.990068],[-70.649923,8.989196],[-70.651922,8.986323],[-70.655375,8.984881],[-70.657916,8.984438],[-70.659584,8.982809],[-70.663391,8.981777],[-70.664493,8.98112],[-70.665084,8.978677],[-70.667009,8.977207],[-70.669461,8.976925],[-70.671898,8.975656],[-70.673183,8.974278],[-70.673427,8.973441],[-70.673677,8.972768],[-70.673757,8.972552],[-70.675057,8.970699],[-70.675187,8.970513],[-70.677222,8.96865],[-70.677443,8.968533],[-70.67936,8.967522],[-70.68165,8.967357],[-70.683494,8.966738],[-70.683196,8.965271],[-70.683064,8.962446],[-70.684507,8.961349],[-70.687047,8.960813],[-70.689218,8.958764],[-70.690371,8.956752],[-70.693064,8.955617],[-70.696881,8.955273],[-70.698065,8.953834],[-70.698931,8.951204],[-70.700618,8.947622],[-70.701842,8.945792],[-70.704736,8.945781],[-70.709308,8.946485],[-70.712244,8.947852],[-70.713768,8.947513],[-70.714037,8.946889],[-70.714141,8.944452],[-70.714513,8.94123],[-70.71573,8.938849],[-70.718253,8.938796],[-70.721981,8.938729],[-70.723989,8.938268],[-70.725028,8.934763],[-70.726992,8.932878],[-70.727104,8.930901],[-70.727482,8.928208],[-70.728275,8.925303],[-70.728634,8.922793],[-70.729564,8.918163],[-70.730462,8.912867],[-70.731736,8.91122],[-70.730212,8.911491],[-70.728766,8.910796],[-70.725918,8.910738],[-70.72277,8.912498],[-70.720026,8.913289],[-70.716984,8.912659],[-70.712055,8.914441],[-70.708686,8.915262],[-70.706283,8.915635],[-70.703829,8.913941],[-70.70172,8.913828],[-70.700864,8.91216],[-70.700269,8.909341],[-70.698732,8.90713],[-70.695593,8.906156],[-70.691777,8.904776],[-70.688135,8.90259],[-70.686394,8.900565],[-70.684235,8.898704],[-70.682655,8.897443],[-70.680442,8.89697],[-70.678221,8.897115],[-70.676336,8.898504],[-70.674973,8.898538],[-70.674073,8.89941],[-70.67212,8.899471],[-70.671326,8.899106],[-70.666849,8.895504],[-70.664469,8.89432],[-70.663759,8.89431],[-70.661435,8.895427],[-70.657509,8.896876],[-70.653775,8.897265],[-70.651628,8.898384],[-70.650456,8.899606],[-70.648299,8.901522],[-70.646594,8.902824],[-70.646303,8.904591],[-70.64574,8.906706],[-70.64483,8.908285],[-70.641765,8.911603],[-70.639691,8.913874],[-70.638516,8.915361],[-70.637951,8.917653],[-70.638227,8.92323],[-70.638279,8.925796],[-70.638252,8.927742],[-70.640005,8.929359],[-70.640342,8.930602],[-70.640493,8.932462],[-70.640468,8.934231],[-70.640007,8.935463],[-70.638832,8.93695],[-70.63597,8.938413],[-70.634256,8.940335],[-70.633238,8.94324],[-70.633197,8.94616],[-70.63264,8.947921],[-70.630852,8.94878],[-70.628709,8.949634],[-70.62718,8.951028],[-70.626277,8.952077],[-70.625636,8.953483],[-70.62437,8.955057],[-70.621151,8.956604],[-70.620791,8.956952],[-70.619633,8.957201],[-70.618203,8.957889],[-70.616231,8.959187],[-70.614718,8.959431],[-70.613463,8.960298],[-70.612828,8.961262],[-70.612711,8.963207],[-70.613575,8.9649],[-70.61365,8.965874],[-70.613694,8.969059],[-70.613664,8.971182],[-70.613366,8.973389],[-70.61137,8.976369],[-70.610892,8.97875],[-70.609349,8.981117],[-70.608892,8.982083],[-70.60842,8.984023],[-70.606973,8.985861],[-70.605974,8.987439],[-70.60506,8.989284],[-70.602372,8.991015],[-70.599664,8.994072],[-70.59865,8.996712],[-70.595771,8.999324],[-70.587499,9.007001],[-70.587041,9.007427],[-70.584859,9.00886],[-70.582559,9.01037],[-70.579054,9.010766],[-70.577394,9.010954],[-70.576848,9.011017]]]},"properties":{"Municipio":"Pueblo Llano","Municipios_code":"VE1416","Ciudad":"Mérida","Pais":"Venezuela (República Bolivariana de)","area_sqkm":91.37033945,"Municipios_ref_name":"Pueblo Llano","center_lat":8.9610375,"center_lon":-70.64947951,"stroke-width":2,"stroke":"#000000"}},{"type":"Feature","geometry":{"type":"Polygon","coordinates":[[[-70.812144,8.851457],[-70.813571,8.850382],[-70.814975,8.848853],[-70.818893,8.848588],[-70.82085,8.849013],[-70.821966,8.849854],[-70.822939,8.85181],[-70.823352,8.853904],[-70.823903,8.856278],[-70.826554,8.858658],[-70.830186,8.860484],[-70.833539,8.861891],[-70.836194,8.862598],[-70.839131,8.863026],[-70.840529,8.863031],[-70.842203,8.864711],[-70.844989,8.868347],[-70.845956,8.872256],[-70.848604,8.875333],[-70.850697,8.877154],[-70.853491,8.878558],[-70.855869,8.878567],[-70.856987,8.878849],[-70.857823,8.879968],[-70.858379,8.881086],[-70.859357,8.881508],[-70.860896,8.881513],[-70.863275,8.881242],[-70.864114,8.881384],[-70.865092,8.881667],[-70.866486,8.883206],[-70.868159,8.885304],[-70.869967,8.888518],[-70.870946,8.890397],[-70.873432,8.892595],[-70.875068,8.893632],[-70.875867,8.892864],[-70.877301,8.8928],[-70.878865,8.892092],[-70.880278,8.890535],[-70.88194,8.88863],[-70.88449,8.887312],[-70.886041,8.88727],[-70.887645,8.887733],[-70.890418,8.889032],[-70.892955,8.889988],[-70.89451,8.888659],[-70.89631,8.886707],[-70.898389,8.884728],[-70.899276,8.883615],[-70.899512,8.882325],[-70.901499,8.880508],[-70.902267,8.879166],[-70.902085,8.877767],[-70.902246,8.87611],[-70.904397,8.874383],[-70.906517,8.872173],[-70.909034,8.870143],[-70.913967,8.867118],[-70.916606,8.865569],[-70.917569,8.86496],[-70.917446,8.864456],[-70.91641,8.863228],[-70.91496,8.862212],[-70.913483,8.860897],[-70.911386,8.859935],[-70.910637,8.857784],[-70.910489,8.855557],[-70.910708,8.85305],[-70.910883,8.850796],[-70.911359,8.850078],[-70.9137,8.848693],[-70.91553,8.847223],[-70.916844,8.845254],[-70.918236,8.843881],[-70.920405,8.843441],[-70.922479,8.842841],[-70.923856,8.843628],[-70.926646,8.846029],[-70.92902,8.846918],[-70.931174,8.847007],[-70.932844,8.845676],[-70.93514,8.844407],[-70.938846,8.837621],[-70.940992,8.832316],[-70.944728,8.829673],[-70.949705,8.827742],[-70.954864,8.824395],[-70.958952,8.822638],[-70.9622,8.819277],[-70.961505,8.819217],[-70.961165,8.818118],[-70.961368,8.81614],[-70.962526,8.814655],[-70.963707,8.813078],[-70.965373,8.811518],[-70.968398,8.809481],[-70.972272,8.80849],[-70.973178,8.808224],[-70.97423,8.807914],[-70.974835,8.806083],[-70.974783,8.804249],[-70.974211,8.801143],[-70.975167,8.798361],[-70.977545,8.794553],[-70.979484,8.793098],[-70.98084,8.791407],[-70.982515,8.791154],[-70.985064,8.790118],[-70.987507,8.789406],[-70.989367,8.785199],[-70.989986,8.783506],[-70.991684,8.781691],[-70.994335,8.781777],[-70.996236,8.780622],[-70.998745,8.779013],[-71.002096,8.777036],[-71.002317,8.77755],[-71.003345,8.774796],[-71.004707,8.771621],[-71.007774,8.770093],[-71.014948,8.768017],[-71.015683,8.767126],[-71.01661,8.764879],[-71.01856,8.762946],[-71.02102,8.76116],[-71.022949,8.75932],[-71.023615,8.756782],[-71.024527,8.755658],[-71.026857,8.754127],[-71.029005,8.75109],[-71.030585,8.748298],[-71.032905,8.744821],[-71.03412,8.742153],[-71.036295,8.739253],[-71.037512,8.737449],[-71.039111,8.736152],[-71.039876,8.733598],[-71.039896,8.732679],[-71.038439,8.730838],[-71.03677,8.729669],[-71.034504,8.727691],[-71.034462,8.725443],[-71.034673,8.721557],[-71.035324,8.718555],[-71.035846,8.7159],[-71.036152,8.713734],[-71.035346,8.709695],[-71.035207,8.707243],[-71.03391,8.703745],[-71.033109,8.700692],[-71.033378,8.698022],[-71.033669,8.695329],[-71.033223,8.693436],[-71.032073,8.690233],[-71.031932,8.687712],[-71.031131,8.685462],[-71.03015,8.683356],[-71.030279,8.680644],[-71.030126,8.679317],[-71.02904,8.675124],[-71.029288,8.672546],[-71.028695,8.670313],[-71.027309,8.668516],[-71.025811,8.66686],[-71.023696,8.665336],[-71.02137,8.66453],[-71.018493,8.664519],[-71.014039,8.664897],[-71.010544,8.664215],[-71.006642,8.661907],[-71.001691,8.657263],[-70.998758,8.657201],[-70.996055,8.657622],[-70.993367,8.655423],[-70.992547,8.652344],[-70.990624,8.65074],[-70.986876,8.64944],[-70.984655,8.648917],[-70.980498,8.649572],[-70.978319,8.647716],[-70.97515,8.64715],[-70.972651,8.646145],[-70.970017,8.646313],[-70.9665,8.644989],[-70.963886,8.644329],[-70.961,8.645118],[-70.958022,8.646046],[-70.955457,8.646053],[-70.952152,8.646177],[-70.950186,8.645814],[-70.950406,8.642503],[-70.949683,8.640527],[-70.947182,8.638833],[-70.944427,8.637414],[-70.943264,8.634934],[-70.941478,8.632916],[-70.938263,8.632234],[-70.934486,8.629117],[-70.933371,8.626843],[-70.932224,8.625789],[-70.931174,8.62451],[-70.929687,8.623455],[-70.928185,8.621534],[-70.927006,8.621267],[-70.924329,8.619296],[-70.921886,8.614072],[-70.914681,8.609227],[-70.9112,8.607415],[-70.906716,8.606999],[-70.898694,8.612289],[-70.891374,8.618063],[-70.885172,8.618452],[-70.873781,8.614618],[-70.868819,8.614375],[-70.866016,8.6152],[-70.861802,8.612289],[-70.860556,8.610154],[-70.859196,8.606029],[-70.857293,8.600254],[-70.856047,8.598119],[-70.856418,8.595401],[-70.85706,8.593509],[-70.857967,8.589675],[-70.857673,8.589052],[-70.85737,8.588412],[-70.855776,8.587752],[-70.850518,8.585574],[-70.848259,8.585283],[-70.845026,8.586448],[-70.840992,8.590671],[-70.835771,8.595135],[-70.835722,8.595159],[-70.832012,8.596971],[-70.830008,8.59795],[-70.824615,8.598047],[-70.819327,8.597368],[-70.813661,8.59664],[-70.808646,8.596785],[-70.80434,8.600182],[-70.798259,8.605326],[-70.792548,8.607752],[-70.786127,8.606928],[-70.780084,8.606151],[-70.776527,8.606879],[-70.770922,8.608529],[-70.762944,8.610664],[-70.756161,8.615324],[-70.750457,8.620516],[-70.745661,8.621875],[-70.738756,8.621778],[-70.732195,8.623534],[-70.730779,8.623913],[-70.724513,8.630951],[-70.72352,8.632066],[-70.717665,8.641189],[-70.71542,8.649197],[-70.715388,8.650682],[-70.715276,8.655894],[-70.715343,8.661038],[-70.714112,8.664434],[-70.711641,8.668462],[-70.707546,8.670306],[-70.707017,8.674188],[-70.710371,8.677779],[-70.713891,8.682972],[-70.717621,8.686611],[-70.722002,8.691124],[-70.726714,8.698841],[-70.731685,8.70185],[-70.740749,8.703014],[-70.74485,8.703936],[-70.748528,8.707964],[-70.749993,8.711313],[-70.75071,8.71733],[-70.754117,8.720533],[-70.755847,8.72194],[-70.756115,8.724548],[-70.756221,8.725584],[-70.756237,8.725736],[-70.754036,8.727233],[-70.751873,8.72974],[-70.749,8.73283],[-70.746586,8.735639],[-70.744614,8.738627],[-70.743436,8.740434],[-70.74134,8.742756],[-70.734474,8.748216],[-70.734199,8.748706],[-70.73414,8.748669],[-70.734133,8.748681],[-70.734133,8.748681],[-70.733369,8.750041],[-70.734219,8.751272],[-70.736792,8.753241],[-70.737213,8.753301],[-70.738578,8.753496],[-70.74054,8.753151],[-70.742666,8.752965],[-70.742877,8.753066],[-70.74523,8.754198],[-70.746268,8.755634],[-70.747426,8.75732],[-70.748435,8.758319],[-70.749449,8.757986],[-70.749844,8.75975],[-70.749142,8.762516],[-70.74753,8.766396],[-70.746747,8.768359],[-70.746439,8.769465],[-70.745442,8.771017],[-70.745576,8.772302],[-70.747323,8.77474],[-70.749445,8.779242],[-70.749751,8.78126],[-70.749171,8.782807],[-70.749434,8.783424],[-70.753313,8.782781],[-70.757296,8.781286],[-70.760497,8.780145],[-70.763135,8.780113],[-70.766176,8.78072],[-70.76856,8.780761],[-70.770099,8.779938],[-70.773633,8.777782],[-70.775725,8.775114],[-70.777375,8.773992],[-70.780566,8.772161],[-70.782653,8.770826],[-70.78377,8.767987],[-70.784999,8.766478],[-70.786774,8.764366],[-70.792681,8.758957],[-70.801851,8.758264],[-70.801261,8.759409],[-70.801041,8.761679],[-70.801696,8.763933],[-70.802415,8.764965],[-70.80279,8.766266],[-70.802546,8.767229],[-70.801351,8.76882],[-70.800952,8.770832],[-70.800897,8.772576],[-70.801364,8.774136],[-70.802372,8.776558],[-70.803061,8.778693],[-70.804623,8.779548],[-70.805537,8.781995],[-70.806494,8.785775],[-70.807123,8.787721],[-70.80776,8.78861],[-70.808572,8.790346],[-70.808782,8.792136],[-70.807733,8.79486],[-70.807137,8.798544],[-70.807547,8.801342],[-70.80739,8.80332],[-70.805656,8.805088],[-70.804776,8.806662],[-70.803576,8.810215],[-70.802488,8.811814],[-70.80109,8.812773],[-70.798808,8.813443],[-70.797031,8.813832],[-70.79536,8.813508],[-70.794201,8.813361],[-70.793372,8.813624],[-70.794419,8.815633],[-70.795611,8.816492],[-70.796422,8.818183],[-70.797498,8.81902],[-70.79987,8.819819],[-70.802683,8.82229],[-70.805306,8.824487],[-70.808492,8.827091],[-70.810761,8.828764],[-70.812513,8.831547],[-70.812804,8.83414],[-70.812425,8.836741],[-70.812006,8.838193],[-70.810123,8.840882],[-70.809577,8.843232],[-70.809331,8.845464],[-70.809315,8.847601],[-70.809572,8.849345],[-70.812144,8.851457]]]},"properties":{"Municipio":"Rangel","Municipios_code":"VE1417","Ciudad":"Mérida","Pais":"Venezuela (República Bolivariana de)","area_sqkm":726.91711836,"Municipios_ref_name":"Rangel","center_lat":8.7398437,"center_lon":-70.88983668,"stroke-width":2,"stroke":"#000000"}},{"type":"Feature","geometry":{"type":"Polygon","coordinates":[[[-71.751456,8.239314],[-71.750639,8.240579],[-71.750333,8.242618],[-71.751019,8.245154],[-71.752824,8.246972],[-71.7546,8.247943],[-71.756641,8.250537],[-71.758474,8.252927],[-71.759966,8.255686],[-71.760673,8.258061],[-71.760877,8.260624],[-71.761576,8.264899],[-71.762337,8.26835],[-71.763127,8.272441],[-71.764255,8.275729],[-71.766297,8.278392],[-71.771873,8.28666],[-71.773919,8.289895],[-71.772863,8.292856],[-71.771252,8.295386],[-71.770815,8.298274],[-71.77029,8.301596],[-71.769437,8.304098],[-71.769592,8.306317],[-71.771213,8.30809],[-71.774743,8.312962],[-71.776824,8.314709],[-71.778696,8.316114],[-71.780621,8.318458],[-71.783341,8.319788],[-71.785439,8.320779],[-71.78876,8.322471],[-71.792049,8.323018],[-71.79557,8.323884],[-71.797677,8.323332],[-71.801055,8.322447],[-71.801599,8.322305],[-71.806476,8.323198],[-71.80648,8.323204],[-71.806533,8.323273],[-71.806565,8.323227],[-71.807763,8.321473],[-71.810443,8.321347],[-71.811972,8.320077],[-71.813373,8.318171],[-71.815156,8.316011],[-71.817579,8.314994],[-71.819236,8.313469],[-71.822423,8.311563],[-71.824721,8.312326],[-71.827689,8.313489],[-71.828575,8.312076],[-71.830523,8.310311],[-71.832648,8.308721],[-71.834153,8.306779],[-71.8361,8.30413],[-71.836806,8.301922],[-71.837955,8.29945],[-71.83946,8.297507],[-71.841143,8.29636],[-71.843004,8.29636],[-71.844334,8.296007],[-71.845484,8.294329],[-71.846455,8.291592],[-71.847427,8.289119],[-71.848312,8.287883],[-71.848841,8.285587],[-71.849458,8.283556],[-71.850431,8.281614],[-71.851582,8.280554],[-71.853354,8.279671],[-71.854594,8.278965],[-71.856099,8.277552],[-71.858049,8.276846],[-71.859112,8.276227],[-71.859819,8.274461],[-71.86017,8.271724],[-71.860697,8.26881],[-71.861492,8.266249],[-71.863351,8.264748],[-71.86379,8.264212],[-71.864148,8.263776],[-71.864678,8.26254],[-71.865828,8.261304],[-71.868043,8.260068],[-71.869016,8.258832],[-71.869634,8.257066],[-71.871582,8.2553],[-71.87415,8.253269],[-71.876541,8.251945],[-71.878046,8.250444],[-71.879462,8.248678],[-71.881763,8.246471],[-71.882736,8.245058],[-71.883973,8.242232],[-71.885566,8.240555],[-71.887516,8.239584],[-71.889287,8.238348],[-71.890969,8.236582],[-71.891675,8.23455],[-71.892379,8.231371],[-71.892465,8.229693],[-71.892995,8.227927],[-71.893701,8.226249],[-71.894585,8.224395],[-71.896532,8.222099],[-71.897682,8.220686],[-71.898654,8.218832],[-71.899802,8.215653],[-71.900332,8.21424],[-71.901571,8.213534],[-71.904495,8.212563],[-71.906178,8.211945],[-71.907534,8.210847],[-71.907858,8.210584],[-71.90792,8.210534],[-71.909801,8.204439],[-71.910595,8.20232],[-71.91201,8.200112],[-71.911563,8.197552],[-71.911382,8.194902],[-71.911379,8.192694],[-71.912351,8.190574],[-71.912073,8.189984],[-71.911728,8.18925],[-71.911696,8.189213],[-71.908,8.184922],[-71.905514,8.181831],[-71.903471,8.178564],[-71.902493,8.176179],[-71.902664,8.172294],[-71.902762,8.169926],[-71.903128,8.168425],[-71.903407,8.16576],[-71.903415,8.165684],[-71.903606,8.163828],[-71.902646,8.161873],[-71.90062,8.160176],[-71.899125,8.158659],[-71.898439,8.155645],[-71.898368,8.155666],[-71.897283,8.155989],[-71.896116,8.158015],[-71.893621,8.159764],[-71.892276,8.161787],[-71.891028,8.162839],[-71.88899,8.162733],[-71.88686,8.163158],[-71.884728,8.163848],[-71.882956,8.163745],[-71.881359,8.163908],[-71.880291,8.164519],[-71.878435,8.163884],[-71.87613,8.163953],[-71.875762,8.16572],[-71.875764,8.16576],[-71.87584,8.167136],[-71.875477,8.168283],[-71.875643,8.1697],[-71.875719,8.170699],[-71.875988,8.172995],[-71.876612,8.175909],[-71.877235,8.177764],[-71.876793,8.178558],[-71.876617,8.17953],[-71.876352,8.179706],[-71.875731,8.179353],[-71.873602,8.178028],[-71.871208,8.176968],[-71.869612,8.177321],[-71.866333,8.177938],[-71.864295,8.178114],[-71.862345,8.17776],[-71.860573,8.177936],[-71.858801,8.178996],[-71.857473,8.179702],[-71.856587,8.179702],[-71.85632,8.179348],[-71.855787,8.178465],[-71.854366,8.17608],[-71.851261,8.173872],[-71.850107,8.172105],[-71.849928,8.17078],[-71.850388,8.169046],[-71.84987,8.167273],[-71.848458,8.166464],[-71.846857,8.167247],[-71.845264,8.166703],[-71.844585,8.16576],[-71.843598,8.164388],[-71.841314,8.161803],[-71.837515,8.160267],[-71.835658,8.15972],[-71.833441,8.159879],[-71.830959,8.159946],[-71.828045,8.158423],[-71.827055,8.15886],[-71.824086,8.158406],[-71.823919,8.158726],[-71.823762,8.158928],[-71.822896,8.160038],[-71.820683,8.161726],[-71.819225,8.163385],[-71.819207,8.163608],[-71.819071,8.165254],[-71.819036,8.165675],[-71.818982,8.167484],[-71.818288,8.168974],[-71.817762,8.170102],[-71.815311,8.17376],[-71.81235,8.176781],[-71.810444,8.179679],[-71.80933,8.184059],[-71.808549,8.186881],[-71.8061,8.190813],[-71.805152,8.192995],[-71.804436,8.195289],[-71.8012,8.198427],[-71.798096,8.200877],[-71.799694,8.205557],[-71.798973,8.207371],[-71.79565,8.211104],[-71.793395,8.213456],[-71.791484,8.218712],[-71.791011,8.222812],[-71.790221,8.227534],[-71.787804,8.229749],[-71.785748,8.228277],[-71.783111,8.225778],[-71.78006,8.226213],[-71.775975,8.226495],[-71.770512,8.226811],[-71.7665,8.227665],[-71.763011,8.227828],[-71.760631,8.229059],[-71.758711,8.230172],[-71.756677,8.231468],[-71.755705,8.233421],[-71.754713,8.235787],[-71.752596,8.238275],[-71.751456,8.239314]]]},"properties":{"Municipio":"Rivas Dávila","Municipios_code":"VE1418","Ciudad":"Mérida","Pais":"Venezuela (República Bolivariana de)","area_sqkm":182.20131119,"Municipios_ref_name":"Rivas Davila","center_lat":8.2400691,"center_lon":-71.81875465,"stroke-width":2,"stroke":"#000000"}},{"type":"Feature","geometry":{"type":"Polygon","coordinates":[[[-70.850518,8.585574],[-70.855776,8.587752],[-70.85737,8.588412],[-70.857673,8.589052],[-70.857967,8.589675],[-70.85706,8.593509],[-70.856418,8.595401],[-70.856047,8.598119],[-70.857293,8.600254],[-70.859196,8.606029],[-70.860556,8.610154],[-70.861802,8.612289],[-70.866016,8.6152],[-70.868819,8.614375],[-70.873781,8.614618],[-70.885172,8.618452],[-70.891374,8.618063],[-70.898694,8.612289],[-70.906716,8.606999],[-70.9112,8.607415],[-70.914681,8.609227],[-70.921886,8.614072],[-70.924329,8.619296],[-70.927006,8.621267],[-70.928185,8.621534],[-70.929687,8.623455],[-70.931174,8.62451],[-70.932224,8.625789],[-70.933371,8.626843],[-70.934486,8.629117],[-70.938263,8.632234],[-70.941478,8.632916],[-70.943264,8.634934],[-70.944427,8.637414],[-70.947182,8.638833],[-70.949683,8.640527],[-70.950406,8.642503],[-70.950186,8.645814],[-70.952152,8.646177],[-70.955457,8.646053],[-70.958022,8.646046],[-70.961,8.645118],[-70.963886,8.644329],[-70.9665,8.644989],[-70.970017,8.646313],[-70.972651,8.646145],[-70.97515,8.64715],[-70.978319,8.647716],[-70.980498,8.649572],[-70.984655,8.648917],[-70.986876,8.64944],[-70.990624,8.65074],[-70.992547,8.652344],[-70.993367,8.655423],[-70.996055,8.657622],[-70.998758,8.657201],[-71.001691,8.657263],[-71.006642,8.661907],[-71.010544,8.664215],[-71.014039,8.664897],[-71.018493,8.664519],[-71.02137,8.66453],[-71.023696,8.665336],[-71.025811,8.66686],[-71.027309,8.668516],[-71.028695,8.670313],[-71.029288,8.672546],[-71.02904,8.675124],[-71.030126,8.679317],[-71.030279,8.680644],[-71.03015,8.683356],[-71.031131,8.685462],[-71.031932,8.687712],[-71.032073,8.690233],[-71.033223,8.693436],[-71.033669,8.695329],[-71.033378,8.698022],[-71.033109,8.700692],[-71.03391,8.703745],[-71.035207,8.707243],[-71.035346,8.709695],[-71.036152,8.713734],[-71.035846,8.7159],[-71.035324,8.718555],[-71.034673,8.721557],[-71.034462,8.725443],[-71.034504,8.727691],[-71.03677,8.729669],[-71.038439,8.730838],[-71.039896,8.732679],[-71.039876,8.733598],[-71.039111,8.736152],[-71.040877,8.735072],[-71.043222,8.734137],[-71.04732,8.730015],[-71.049254,8.728359],[-71.051094,8.72581],[-71.05274,8.722947],[-71.054221,8.719906],[-71.055496,8.717763],[-71.057396,8.714916],[-71.060604,8.711895],[-71.063015,8.709195],[-71.064658,8.705393],[-71.065371,8.702097],[-71.066549,8.698973],[-71.068456,8.694705],[-71.070924,8.690743],[-71.073953,8.686307],[-71.076771,8.681716],[-71.077126,8.678774],[-71.078136,8.677051],[-71.080769,8.674871],[-71.08228,8.672951],[-71.083384,8.669645],[-71.08493,8.666487],[-71.085646,8.663306],[-71.088366,8.662101],[-71.090546,8.659749],[-71.09239,8.656736],[-71.093407,8.653921],[-71.094795,8.651283],[-71.095841,8.648858],[-71.098969,8.646535],[-71.104059,8.642803],[-71.106094,8.641553],[-71.106833,8.640096],[-71.107118,8.63782],[-71.108419,8.636835],[-71.110615,8.635537],[-71.111031,8.634108],[-71.110538,8.632236],[-71.109425,8.630603],[-71.106591,8.629663],[-71.104443,8.628277],[-71.103186,8.626325],[-71.102605,8.62333],[-71.102713,8.621447],[-71.103887,8.619776],[-71.105953,8.617632],[-71.108034,8.616313],[-71.108039,8.615758],[-71.108042,8.615395],[-71.107037,8.614724],[-71.105978,8.613526],[-71.104801,8.612215],[-71.103723,8.609847],[-71.104159,8.60828],[-71.104045,8.606998],[-71.102967,8.606052],[-71.101566,8.605181],[-71.100201,8.603689],[-71.099614,8.60168],[-71.099449,8.6001],[-71.097528,8.597058],[-71.097316,8.594033],[-71.096295,8.592307],[-71.093861,8.590397],[-71.089142,8.587149],[-71.082488,8.584277],[-71.065307,8.580362],[-71.041075,8.576149],[-71.034144,8.574611],[-71.025527,8.573192],[-71.021743,8.57206],[-71.018035,8.571295],[-71.012333,8.570081],[-71.006476,8.569304],[-71.002021,8.568115],[-70.999036,8.568502],[-70.995975,8.5652],[-70.988991,8.556161],[-70.984165,8.550541],[-70.981274,8.549399],[-70.978998,8.54598],[-70.977721,8.544029],[-70.974245,8.540681],[-70.970658,8.538806],[-70.968842,8.537778],[-70.961343,8.526935],[-70.953076,8.520216],[-70.948713,8.512145],[-70.94597,8.511033],[-70.94269,8.505956],[-70.941162,8.505337],[-70.939236,8.502783],[-70.938789,8.499628],[-70.938319,8.496772],[-70.935306,8.494128],[-70.93211,8.492775],[-70.931577,8.492223],[-70.92884,8.489233],[-70.926036,8.487349],[-70.924895,8.484057],[-70.92299,8.481088],[-70.921273,8.478557],[-70.920062,8.475219],[-70.918459,8.472526],[-70.916049,8.470296],[-70.912437,8.468827],[-70.909198,8.468994],[-70.907646,8.467983],[-70.907063,8.465796],[-70.905276,8.463449],[-70.90541,8.461214],[-70.905984,8.459254],[-70.906099,8.458816],[-70.906049,8.457457],[-70.906534,8.456811],[-70.906136,8.454807],[-70.903494,8.452831],[-70.901177,8.451544],[-70.899001,8.450673],[-70.896961,8.448649],[-70.894529,8.447201],[-70.889532,8.446818],[-70.88643,8.445901],[-70.887189,8.444011],[-70.88899,8.442349],[-70.888637,8.43977],[-70.886418,8.440649],[-70.883944,8.44086],[-70.881631,8.440795],[-70.879849,8.441189],[-70.877234,8.440364],[-70.8767,8.439697],[-70.876144,8.439145],[-70.874195,8.436245],[-70.872642,8.434842],[-70.869866,8.43487],[-70.868495,8.431992],[-70.866364,8.430682],[-70.863867,8.430824],[-70.86338,8.430341],[-70.860949,8.429447],[-70.857959,8.428866],[-70.856829,8.428647],[-70.854837,8.428034],[-70.852061,8.42718],[-70.849352,8.42587],[-70.849321,8.421931],[-70.850868,8.420616],[-70.853296,8.420681],[-70.854128,8.419943],[-70.853336,8.417433],[-70.853078,8.415636],[-70.851016,8.414326],[-70.850888,8.414199],[-70.846891,8.426044],[-70.844023,8.431148],[-70.839802,8.433093],[-70.836408,8.433873],[-70.833663,8.435091],[-70.833476,8.436238],[-70.836087,8.439208],[-70.837201,8.440474],[-70.842651,8.445576],[-70.843551,8.447606],[-70.845948,8.449824],[-70.841323,8.452694],[-70.838658,8.457336],[-70.839572,8.469188],[-70.838702,8.477663],[-70.831912,8.488358],[-70.830723,8.492274],[-70.833626,8.497904],[-70.84314,8.512714],[-70.845606,8.517898],[-70.846819,8.52426],[-70.843726,8.53805],[-70.841535,8.544736],[-70.843564,8.549476],[-70.848721,8.560295],[-70.849481,8.574663],[-70.850525,8.585574],[-70.850518,8.585574]]]},"properties":{"Municipio":"Santos Marquina","Municipios_code":"VE1419","Ciudad":"Mérida","Pais":"Venezuela (República Bolivariana de)","area_sqkm":403.4426821,"Municipios_ref_name":"Santos Marquina","center_lat":8.57540608,"center_lon":-70.94363946,"stroke-width":2,"stroke":"#000000"}},{"type":"Feature","geometry":{"type":"Polygon","coordinates":[[[-71.558501,8.631014],[-71.55984,8.630665],[-71.560373,8.631007],[-71.561071,8.632173],[-71.561586,8.633431],[-71.562469,8.63439],[-71.564394,8.635757],[-71.566038,8.637562],[-71.573771,8.614479],[-71.556502,8.558641],[-71.557331,8.557973],[-71.559915,8.557115],[-71.560647,8.557072],[-71.562716,8.558295],[-71.566092,8.558717],[-71.569698,8.558795],[-71.573559,8.559146],[-71.57655,8.561219],[-71.579864,8.563383],[-71.58371,8.565475],[-71.587458,8.566285],[-71.590518,8.568381],[-71.593134,8.569172],[-71.594915,8.569333],[-71.594911,8.566691],[-71.594907,8.564225],[-71.594727,8.562728],[-71.594548,8.562024],[-71.593393,8.56097],[-71.591794,8.5593],[-71.590814,8.556748],[-71.589834,8.553932],[-71.5893,8.553053],[-71.58779,8.551823],[-71.586723,8.550064],[-71.585212,8.548041],[-71.583522,8.545403],[-71.582364,8.541883],[-71.582095,8.540122],[-71.581648,8.538185],[-71.580671,8.536866],[-71.579692,8.534755],[-71.579599,8.532201],[-71.579506,8.529383],[-71.579948,8.528237],[-71.580834,8.527619],[-71.581365,8.52709],[-71.582249,8.524973],[-71.5834,8.52365],[-71.585172,8.522414],[-71.585614,8.52162],[-71.585612,8.520475],[-71.585078,8.518803],[-71.584544,8.517659],[-71.584363,8.515722],[-71.584363,8.515482],[-71.584344,8.515474],[-71.584123,8.515112],[-71.583565,8.514496],[-71.583398,8.513191],[-71.583786,8.512273],[-71.583575,8.51154],[-71.583383,8.509937],[-71.582611,8.507993],[-71.581885,8.505888],[-71.582136,8.505222],[-71.582573,8.504785],[-71.582731,8.503822],[-71.581594,8.502933],[-71.579826,8.50042],[-71.57843,8.498341],[-71.577657,8.496121],[-71.576946,8.492183],[-71.576385,8.490719],[-71.57432,8.488986],[-71.57251,8.487068],[-71.571433,8.484117],[-71.571191,8.48162],[-71.570007,8.480433],[-71.570037,8.480305],[-71.57012,8.479952],[-71.571567,8.477884],[-71.572159,8.476185],[-71.572955,8.473318],[-71.573081,8.470568],[-71.572192,8.468166],[-71.570907,8.464894],[-71.570601,8.463681],[-71.57082,8.461206],[-71.570923,8.458273],[-71.57147,8.456758],[-71.572573,8.455334],[-71.574505,8.453516],[-71.576049,8.452731],[-71.578171,8.451875],[-71.57911,8.450268],[-71.579569,8.449555],[-71.580214,8.449118],[-71.581619,8.44815],[-71.582378,8.447414],[-71.582252,8.44716],[-71.563912,8.410183],[-71.563164,8.408078],[-71.562272,8.405011],[-71.56224,8.402926],[-71.562093,8.401208],[-71.560302,8.398282],[-71.556686,8.395501],[-71.554968,8.393583],[-71.551934,8.391807],[-71.549614,8.389548],[-71.549052,8.387923],[-71.547868,8.386575],[-71.55021,8.383405],[-71.552785,8.380623],[-71.553678,8.378786],[-71.55348,8.375784],[-71.553537,8.373103],[-71.55297,8.37031],[-71.552108,8.368549],[-71.552656,8.367264],[-71.554245,8.366181],[-71.555859,8.365465],[-71.558554,8.36392],[-71.559888,8.362586],[-71.562977,8.361314],[-71.56547,8.360915],[-71.568795,8.360696],[-71.571842,8.360156],[-71.573015,8.36042],[-71.573179,8.360248],[-71.574384,8.3604],[-71.575628,8.359616],[-71.576202,8.358773],[-71.577349,8.357089],[-71.578747,8.354815],[-71.579614,8.352452],[-71.579765,8.350023],[-71.581309,8.344174],[-71.583201,8.3386],[-71.584459,8.335821],[-71.58537,8.332931],[-71.58642,8.330201],[-71.586443,8.330155],[-71.586811,8.327288],[-71.586214,8.324271],[-71.584297,8.319728],[-71.581322,8.318124],[-71.577951,8.31595],[-71.576558,8.313899],[-71.575411,8.311022],[-71.578425,8.305415],[-71.579653,8.303735],[-71.58071,8.300614],[-71.579935,8.295217],[-71.578218,8.292825],[-71.577325,8.290015],[-71.576359,8.286747],[-71.573903,8.283766],[-71.572123,8.282313],[-71.570501,8.280332],[-71.57005,8.278321],[-71.562896,8.27686],[-71.558109,8.275794],[-71.556244,8.275189],[-71.55271,8.27558],[-71.549512,8.274961],[-71.545831,8.274093],[-71.544306,8.27289],[-71.54214,8.271944],[-71.538718,8.271967],[-71.537304,8.273442],[-71.535819,8.274483],[-71.533375,8.273355],[-71.529545,8.270931],[-71.527715,8.268883],[-71.526057,8.265049],[-71.525697,8.262876],[-71.525377,8.259879],[-71.524845,8.256151],[-71.524344,8.253544],[-71.522557,8.250947],[-71.519694,8.24886],[-71.516117,8.246503],[-71.515405,8.243349],[-71.514896,8.239735],[-71.512156,8.238815],[-71.509533,8.238077],[-71.507145,8.238253],[-71.504751,8.237422],[-71.502964,8.239159],[-71.499921,8.241004],[-71.49706,8.24336],[-71.495658,8.245898],[-71.495503,8.248398],[-71.494201,8.251508],[-71.494231,8.255907],[-71.494404,8.258792],[-71.491558,8.262219],[-71.488975,8.264429],[-71.485584,8.266741],[-71.483255,8.265143],[-71.48073,8.264441],[-71.476035,8.263906],[-71.472962,8.263738],[-71.469461,8.264515],[-71.466227,8.266412],[-71.463528,8.266652],[-71.457847,8.264799],[-71.454694,8.263716],[-71.452013,8.265514],[-71.451888,8.268609],[-71.452142,8.270553],[-71.450693,8.273024],[-71.449351,8.276661],[-71.448234,8.27986],[-71.44667,8.282355],[-71.44544,8.283814],[-71.443605,8.286839],[-71.439668,8.289775],[-71.435423,8.296015],[-71.432883,8.300057],[-71.430651,8.302699],[-71.427154,8.303888],[-71.424843,8.30575],[-71.42386,8.306424],[-71.422117,8.307618],[-71.418813,8.309492],[-71.416199,8.309158],[-71.411082,8.308122],[-71.407444,8.305211],[-71.404678,8.30371],[-71.401114,8.299195],[-71.398225,8.295083],[-71.396861,8.293037],[-71.392214,8.292591],[-71.388333,8.292502],[-71.384932,8.290114],[-71.379849,8.287977],[-71.375612,8.285142],[-71.372435,8.282042],[-71.369139,8.278645],[-71.366314,8.276045],[-71.363682,8.27814],[-71.359655,8.281489],[-71.356017,8.284422],[-71.353249,8.286702],[-71.349997,8.289103],[-71.349242,8.291747],[-71.349077,8.295393],[-71.348654,8.29879],[-71.348534,8.30232],[-71.346892,8.308161],[-71.346261,8.311492],[-71.345917,8.313719],[-71.345572,8.313815],[-71.346978,8.31554],[-71.349924,8.316649],[-71.354353,8.316159],[-71.35703,8.317936],[-71.359689,8.320035],[-71.361663,8.322921],[-71.363392,8.326566],[-71.364399,8.330346],[-71.365124,8.332283],[-71.365794,8.335002],[-71.367843,8.337421],[-71.368334,8.340532],[-71.367651,8.342424],[-71.365332,8.344482],[-71.362206,8.347998],[-71.359247,8.350434],[-71.356048,8.353699],[-71.353231,8.35643],[-71.349705,8.359472],[-71.346486,8.362921],[-71.343496,8.366228],[-71.341656,8.369379],[-71.342106,8.371389],[-71.343329,8.374097],[-71.344166,8.377203],[-71.344162,8.37968],[-71.343757,8.381659],[-71.343446,8.383706],[-71.343122,8.385042],[-71.34349,8.386343],[-71.344568,8.388618],[-71.345504,8.389382],[-71.347083,8.389905],[-71.349819,8.390592],[-71.35341,8.391357],[-71.355181,8.393689],[-71.356318,8.396742],[-71.356081,8.399086],[-71.354902,8.400344],[-71.35386,8.401555],[-71.352608,8.401209],[-71.351561,8.400745],[-71.349198,8.400235],[-71.346814,8.401262],[-71.345058,8.402507],[-71.343267,8.403088],[-71.34117,8.403331],[-71.339516,8.403817],[-71.337892,8.404694],[-71.335854,8.405669],[-71.334454,8.407458],[-71.333444,8.409173],[-71.332767,8.411478],[-71.333022,8.412895],[-71.334249,8.417186],[-71.335112,8.420428],[-71.334543,8.422273],[-71.33247,8.425244],[-71.329957,8.426801],[-71.327896,8.427799],[-71.324489,8.429715],[-71.322863,8.430499],[-71.321872,8.431961],[-71.321548,8.433297],[-71.319889,8.434838],[-71.318087,8.437552],[-71.316886,8.444316],[-71.31573,8.44562],[-71.314598,8.446923],[-71.31423,8.448351],[-71.314385,8.450711],[-71.313924,8.452095],[-71.312976,8.453372],[-71.311291,8.454754],[-71.309906,8.456177],[-71.30819,8.4571],[-71.307695,8.45782],[-71.30783,8.458593],[-71.307892,8.458573],[-71.308002,8.45958],[-71.308563,8.461407],[-71.308666,8.464753],[-71.309032,8.46727],[-71.308742,8.469224],[-71.308375,8.470721],[-71.307921,8.472541],[-71.307768,8.474447],[-71.30687,8.477283],[-71.306859,8.479348],[-71.306919,8.481548],[-71.30591,8.481978],[-71.305758,8.482508],[-71.305794,8.483288],[-71.306035,8.485256],[-71.305784,8.488127],[-71.303765,8.490271],[-71.303183,8.491359],[-71.303893,8.492402],[-71.306964,8.493749],[-71.308365,8.494642],[-71.309745,8.495697],[-71.310951,8.49602],[-71.31362,8.496755],[-71.315716,8.497797],[-71.316945,8.499473],[-71.318593,8.499973],[-71.319657,8.500069],[-71.32025,8.499646],[-71.320678,8.499043],[-71.321154,8.49853],[-71.321287,8.49956],[-71.322048,8.500831],[-71.322533,8.502199],[-71.32312,8.504161],[-71.323195,8.505811],[-71.322987,8.507191],[-71.323529,8.509177],[-71.324667,8.510946],[-71.326025,8.513378],[-71.327259,8.516706],[-71.327918,8.518759],[-71.32786,8.520823],[-71.328074,8.522494],[-71.328615,8.52448],[-71.329091,8.526651],[-71.328754,8.527207],[-71.32952,8.528776],[-71.330802,8.530819],[-71.333065,8.53211],[-71.335048,8.534668],[-71.336888,8.539659],[-71.33713,8.541673],[-71.33735,8.544543],[-71.338349,8.550849],[-71.339461,8.552389],[-71.341342,8.554352],[-71.343282,8.555741],[-71.344378,8.557694],[-71.345585,8.558041],[-71.348655,8.559318],[-71.349429,8.560016],[-71.350402,8.55883],[-71.350782,8.558089],[-71.351639,8.555552],[-71.352838,8.554132],[-71.355706,8.547629],[-71.365219,8.550667],[-71.375769,8.554036],[-71.377509,8.553158],[-71.379844,8.551902],[-71.381687,8.551641],[-71.382512,8.552659],[-71.384192,8.556299],[-71.385983,8.558401],[-71.3887,8.560625],[-71.392089,8.56435],[-71.393781,8.566018],[-71.396592,8.568309],[-71.399436,8.571218],[-71.402006,8.574246],[-71.40331,8.57755],[-71.403988,8.58201],[-71.404143,8.582727],[-71.404691,8.585255],[-71.404893,8.588943],[-71.40368,8.592244],[-71.402558,8.59552],[-71.40129,8.598294],[-71.401523,8.601065],[-71.401704,8.603561],[-71.400818,8.605755],[-71.40139,8.608084],[-71.401276,8.608178],[-71.40145,8.610193],[-71.403234,8.61319],[-71.410557,8.623956],[-71.412483,8.62718],[-71.414541,8.629965],[-71.416532,8.628898],[-71.418176,8.627745],[-71.420479,8.627361],[-71.423252,8.627427],[-71.424759,8.627791],[-71.426429,8.628198],[-71.428216,8.627364],[-71.429986,8.626897],[-71.431688,8.627785],[-71.432501,8.628069],[-71.433801,8.628459],[-71.435053,8.630066],[-71.438434,8.633218],[-71.440083,8.63374],[-71.442201,8.633289],[-71.444061,8.632661],[-71.445184,8.632159],[-71.44675,8.63188],[-71.447739,8.630349],[-71.449564,8.62901],[-71.452034,8.627614],[-71.453922,8.625953],[-71.455961,8.623716],[-71.457677,8.622791],[-71.459389,8.622945],[-71.461007,8.623031],[-71.462742,8.623184],[-71.464105,8.623229],[-71.465531,8.622883],[-71.466421,8.622225],[-71.467531,8.622298],[-71.46841,8.623658],[-71.46944,8.624466],[-71.471104,8.625836],[-71.472499,8.626362],[-71.474603,8.627815],[-71.476036,8.629189],[-71.477372,8.630335],[-71.480244,8.630789],[-71.481637,8.62987],[-71.483555,8.628621],[-71.485378,8.628521],[-71.486453,8.627974],[-71.488841,8.625823],[-71.490775,8.624184],[-71.492008,8.623313],[-71.4936,8.62324],[-71.495313,8.623462],[-71.49699,8.624235],[-71.498663,8.624847],[-71.50051,8.624815],[-71.501887,8.624286],[-71.501887,8.624453],[-71.50341,8.623943],[-71.505071,8.623203],[-71.506455,8.622534],[-71.508771,8.623533],[-71.510318,8.623252],[-71.511981,8.623085],[-71.513529,8.622804],[-71.514865,8.621951],[-71.516856,8.622448],[-71.518007,8.621412],[-71.519387,8.61978],[-71.521114,8.618399],[-71.524162,8.617722],[-71.527448,8.618603],[-71.529735,8.618388],[-71.53154,8.618908],[-71.534892,8.618941],[-71.53746,8.619549],[-71.54005,8.619768],[-71.541258,8.620955],[-71.542561,8.622966],[-71.543099,8.624339],[-71.544605,8.625112],[-71.547682,8.625581],[-71.551436,8.627857],[-71.553848,8.629521],[-71.556487,8.630404],[-71.558501,8.631014]]]},"properties":{"Municipio":"Sucre","Municipios_code":"VE1420","Ciudad":"Mérida","Pais":"Venezuela (República Bolivariana de)","area_sqkm":952.1679077,"Municipios_ref_name":"Sucre","center_lat":8.436195,"center_lon":-71.44790077,"stroke-width":2,"stroke":"#000000"}},{"type":"Feature","geometry":{"type":"Polygon","coordinates":[[[-71.677326,8.300634],[-71.677595,8.302807],[-71.677515,8.30441],[-71.676908,8.306131],[-71.675139,8.309051],[-71.674774,8.312466],[-71.675864,8.31683],[-71.676834,8.320646],[-71.677375,8.325129],[-71.676617,8.328156],[-71.675263,8.329759],[-71.67524,8.32976],[-71.675222,8.330905],[-71.675737,8.33214],[-71.677208,8.335502],[-71.678835,8.337787],[-71.680211,8.340622],[-71.679318,8.342206],[-71.676858,8.344599],[-71.676953,8.345057],[-71.676705,8.346387],[-71.676969,8.348493],[-71.677467,8.351218],[-71.67819,8.352681],[-71.679775,8.355882],[-71.68138,8.358235],[-71.681688,8.359998],[-71.680967,8.363645],[-71.681824,8.364122],[-71.684162,8.365418],[-71.688684,8.369249],[-71.689059,8.370324],[-71.688657,8.370541],[-71.687525,8.370641],[-71.685657,8.371205],[-71.684989,8.371622],[-71.684095,8.372615],[-71.68262,8.373291],[-71.680499,8.374177],[-71.679648,8.37478],[-71.678708,8.375841],[-71.676839,8.376382],[-71.67359,8.377919],[-71.673205,8.379023],[-71.671779,8.380019],[-71.670049,8.380605],[-71.671913,8.382903],[-71.672754,8.384985],[-71.67415,8.387133],[-71.674717,8.389834],[-71.676117,8.392692],[-71.677461,8.393763],[-71.678716,8.395247],[-71.679255,8.39694],[-71.679245,8.398491],[-71.677872,8.401875],[-71.678732,8.401724],[-71.681753,8.400882],[-71.683822,8.398871],[-71.684591,8.396361],[-71.685987,8.393494],[-71.687937,8.391249],[-71.690095,8.390687],[-71.690883,8.390916],[-71.690821,8.391073],[-71.690844,8.391073],[-71.691474,8.392239],[-71.692082,8.393863],[-71.691834,8.395193],[-71.690782,8.397213],[-71.690566,8.400422],[-71.689514,8.402534],[-71.687051,8.404377],[-71.686371,8.407106],[-71.686945,8.411068],[-71.68885,8.413397],[-71.691282,8.414647],[-71.693297,8.415738],[-71.694184,8.41759],[-71.69565,8.419852],[-71.697161,8.421885],[-71.698902,8.423642],[-71.701104,8.425236],[-71.702061,8.427202],[-71.70466,8.429757],[-71.705751,8.430738],[-71.707441,8.431647],[-71.708925,8.432878],[-71.710323,8.435879],[-71.711523,8.433754],[-71.713563,8.432423],[-71.715851,8.431258],[-71.717565,8.429989],[-71.719316,8.42911],[-71.720791,8.428203],[-71.724059,8.428796],[-71.727051,8.428262],[-71.72968,8.426303],[-71.730854,8.424315],[-71.732581,8.422406],[-71.734335,8.420292],[-71.735109,8.418638],[-71.735896,8.417442],[-71.736325,8.416833],[-71.736776,8.417346],[-71.737362,8.415848],[-71.738353,8.41596],[-71.739718,8.413724],[-71.740628,8.412165],[-71.739668,8.410544],[-71.739238,8.407928],[-71.739656,8.405604],[-71.739672,8.403752],[-71.740245,8.400654],[-71.740476,8.398441],[-71.7418,8.395929],[-71.743009,8.392249],[-71.744086,8.389367],[-71.744812,8.386729],[-71.746022,8.386274],[-71.747158,8.385016],[-71.748643,8.384681],[-71.75018,8.38302],[-71.75154,8.380944],[-71.752341,8.379108],[-71.751971,8.376928],[-71.751284,8.375495],[-71.751176,8.375154],[-71.798409,8.336059],[-71.802275,8.332859],[-71.80228,8.332858],[-71.803089,8.332694],[-71.80356,8.332599],[-71.80609,8.332091],[-71.806348,8.329677],[-71.806112,8.327319],[-71.805932,8.325204],[-71.805853,8.324269],[-71.806533,8.323273],[-71.80648,8.323204],[-71.806476,8.323198],[-71.801599,8.322305],[-71.801055,8.322447],[-71.797677,8.323332],[-71.79557,8.323884],[-71.792049,8.323018],[-71.78876,8.322471],[-71.785439,8.320779],[-71.783341,8.319788],[-71.780621,8.318458],[-71.778696,8.316114],[-71.776824,8.314709],[-71.774743,8.312962],[-71.771213,8.30809],[-71.769592,8.306317],[-71.769437,8.304098],[-71.77029,8.301596],[-71.770815,8.298274],[-71.771252,8.295386],[-71.772863,8.292856],[-71.773919,8.289895],[-71.771873,8.28666],[-71.766297,8.278392],[-71.764255,8.275729],[-71.763127,8.272441],[-71.762337,8.26835],[-71.761576,8.264899],[-71.760877,8.260624],[-71.760673,8.258061],[-71.759966,8.255686],[-71.758474,8.252927],[-71.756641,8.250537],[-71.7546,8.247943],[-71.752824,8.246972],[-71.751019,8.245154],[-71.750333,8.242618],[-71.750639,8.240579],[-71.751456,8.239314],[-71.748627,8.241669],[-71.74542,8.245676],[-71.741881,8.248358],[-71.736314,8.253114],[-71.733665,8.25524],[-71.731494,8.256606],[-71.729087,8.257173],[-71.726271,8.258316],[-71.722859,8.259668],[-71.721256,8.260298],[-71.717276,8.259297],[-71.713979,8.257696],[-71.710917,8.256665],[-71.708603,8.257552],[-71.705527,8.260734],[-71.703137,8.263521],[-71.700907,8.266261],[-71.697827,8.269009],[-71.695974,8.272982],[-71.695683,8.276968],[-71.694608,8.280615],[-71.693741,8.284422],[-71.692459,8.287956],[-71.691055,8.290622],[-71.690423,8.292023],[-71.689937,8.292499],[-71.688986,8.29343],[-71.685918,8.29462],[-71.683407,8.296767],[-71.681375,8.298292],[-71.679407,8.299405],[-71.678284,8.299711],[-71.677326,8.300634]]]},"properties":{"Municipio":"Tovar","Municipios_code":"VE1421","Ciudad":"Mérida","Pais":"Venezuela (República Bolivariana de)","area_sqkm":169.66811739,"Municipios_ref_name":"Tovar","center_lat":8.33692304,"center_lon":-71.73779242,"stroke-width":2,"stroke":"#000000"}},{"type":"Feature","geometry":{"type":"MultiPolygon","coordinates":[[[[-71.0469,9.103539],[-71.046946,9.103573],[-71.048294,9.104583],[-71.050515,9.105326],[-71.052181,9.105256],[-71.053786,9.10551],[-71.055981,9.106162],[-71.056914,9.106388],[-71.057762,9.106871],[-71.058696,9.107926],[-71.060835,9.109016],[-71.061843,9.109448],[-71.063541,9.109699],[-71.065123,9.109954],[-71.067069,9.11075],[-71.068251,9.111591],[-71.069726,9.112953],[-71.071621,9.114395],[-71.072623,9.115402],[-71.073719,9.116453],[-71.074438,9.117284],[-71.075667,9.118124],[-71.076403,9.119529],[-71.076427,9.120357],[-71.076812,9.121635],[-71.077468,9.122698],[-71.078068,9.123417],[-71.078702,9.123721],[-71.079103,9.123963],[-71.07936,9.12483],[-71.07944,9.125978],[-71.079512,9.127656],[-71.07958,9.129955],[-71.079279,9.131528],[-71.079248,9.132864],[-71.079381,9.134218],[-71.080023,9.134798],[-71.080492,9.135797],[-71.081033,9.136863],[-71.081133,9.137896],[-71.081616,9.138572],[-71.082186,9.139846],[-71.082963,9.141066],[-71.083314,9.141954],[-71.083951,9.14235],[-71.084859,9.143314],[-71.086055,9.144637],[-71.08742,9.145381],[-71.088352,9.146344],[-71.088488,9.147054],[-71.088665,9.148337],[-71.089385,9.149191],[-71.090495,9.149137],[-71.091691,9.14885],[-71.093029,9.149479],[-71.094047,9.150233],[-71.09456,9.151161],[-71.094856,9.151751],[-71.096016,9.151834],[-71.09689,9.151625],[-71.09829,9.151217],[-71.10003,9.151329],[-71.10135,9.151552],[-71.101788,9.15166],[-71.102224,9.151768],[-71.102225,9.151769],[-71.10467,9.152394],[-71.107431,9.152546],[-71.108402,9.152472],[-71.109282,9.151711],[-71.110596,9.151512],[-71.111267,9.152253],[-71.112076,9.153012],[-71.112423,9.152979],[-71.113657,9.152438],[-71.114502,9.152805],[-71.11546,9.153123],[-71.116872,9.153106],[-71.118265,9.153205],[-71.119735,9.152818],[-71.121265,9.152061],[-71.122178,9.152426],[-71.122755,9.153123],[-71.123486,9.153586],[-71.124337,9.154183],[-71.125198,9.154296],[-71.126652,9.154922],[-71.127006,9.154383],[-71.127462,9.153358],[-71.128447,9.153767],[-71.129255,9.153675],[-71.129991,9.15347],[-71.130582,9.153108],[-71.131547,9.152827],[-71.131919,9.152103],[-71.131715,9.151464],[-71.132218,9.151266],[-71.132667,9.151089],[-71.132722,9.151067],[-71.133692,9.151753],[-71.134352,9.152932],[-71.135013,9.153373],[-71.13547,9.153153],[-71.135503,9.152715],[-71.135732,9.151856],[-71.135952,9.151459],[-71.136615,9.151164],[-71.137092,9.151633],[-71.137581,9.152517],[-71.138143,9.153491],[-71.138513,9.153504],[-71.138737,9.153243],[-71.138619,9.152372],[-71.13858,9.151821],[-71.13924,9.151457],[-71.139722,9.151305],[-71.140458,9.151123],[-71.141566,9.151],[-71.142096,9.150939],[-71.142885,9.15018],[-71.1437,9.149559],[-71.144188,9.149637],[-71.144674,9.150405],[-71.145258,9.151355],[-71.146007,9.15161],[-71.146706,9.150992],[-71.147649,9.149998],[-71.147836,9.150039],[-71.148275,9.150786],[-71.148784,9.151577],[-71.149638,9.152243],[-71.150843,9.153842],[-71.152312,9.154974],[-71.153492,9.155722],[-71.153545,9.155169],[-71.153495,9.15425],[-71.153944,9.153754],[-71.154583,9.153436],[-71.155385,9.153137],[-71.155667,9.154073],[-71.156737,9.155009],[-71.157247,9.15504],[-71.157961,9.155687],[-71.158226,9.156807],[-71.158498,9.157397],[-71.158558,9.158639],[-71.159218,9.159817],[-71.160221,9.159282],[-71.16075,9.158392],[-71.160842,9.157584],[-71.161084,9.15714],[-71.161749,9.156937],[-71.162136,9.158283],[-71.161651,9.15908],[-71.161254,9.159759],[-71.161035,9.160202],[-71.160434,9.161002],[-71.161467,9.161478],[-71.162831,9.161416],[-71.163636,9.161992],[-71.164824,9.163016],[-71.165285,9.162957],[-71.166066,9.161968],[-71.16695,9.161322],[-71.16842,9.161694],[-71.168954,9.16253],[-71.168624,9.163092],[-71.168181,9.163795],[-71.168588,9.164243],[-71.168811,9.164167],[-71.169551,9.163917],[-71.170173,9.163025],[-71.170804,9.163214],[-71.170838,9.163382],[-71.171021,9.164289],[-71.171013,9.164803],[-71.171005,9.165302],[-71.170881,9.166594],[-71.170599,9.167223],[-71.170292,9.16783],[-71.170518,9.168422],[-71.170839,9.16908],[-71.171304,9.169941],[-71.171327,9.1707],[-71.171161,9.171372],[-71.171257,9.171484],[-71.171864,9.171651],[-71.172003,9.172429],[-71.17209,9.173002],[-71.172453,9.173521],[-71.172959,9.173414],[-71.174035,9.172992],[-71.174719,9.17341],[-71.174934,9.174439],[-71.176277,9.174378],[-71.177087,9.174378],[-71.177328,9.175475],[-71.177394,9.176141],[-71.177276,9.176834],[-71.177481,9.177496],[-71.178267,9.178232],[-71.178536,9.178708],[-71.179009,9.179063],[-71.17957,9.179231],[-71.18057,9.179386],[-71.181197,9.179437],[-71.181855,9.178958],[-71.182532,9.178387],[-71.182694,9.179141],[-71.182516,9.179399],[-71.182175,9.180376],[-71.181982,9.18091],[-71.182334,9.181061],[-71.183069,9.180856],[-71.184178,9.179996],[-71.185074,9.179764],[-71.185607,9.179771],[-71.185908,9.180545],[-71.186015,9.181025],[-71.186581,9.181377],[-71.187086,9.182007],[-71.186826,9.182612],[-71.186441,9.1829],[-71.185923,9.183398],[-71.186052,9.183831],[-71.186729,9.184019],[-71.187708,9.184244],[-71.188355,9.184179],[-71.189137,9.183237],[-71.189501,9.182996],[-71.189984,9.18289],[-71.190186,9.18346],[-71.190016,9.183971],[-71.189779,9.184576],[-71.190464,9.185039],[-71.191265,9.184717],[-71.191926,9.184353],[-71.192377,9.184732],[-71.192949,9.185267],[-71.193381,9.185761],[-71.194018,9.18618],[-71.194573,9.186141],[-71.195142,9.185803],[-71.195381,9.185267],[-71.195986,9.184582],[-71.196525,9.184797],[-71.196547,9.185556],[-71.196351,9.185975],[-71.196745,9.186769],[-71.197189,9.186895],[-71.197707,9.187156],[-71.198461,9.187595],[-71.198768,9.18777],[-71.199669,9.18848],[-71.200198,9.189132],[-71.20083,9.189367],[-71.20161,9.189115],[-71.201903,9.189636],[-71.202249,9.190362],[-71.202852,9.191173],[-71.203283,9.190885],[-71.2039,9.190591],[-71.204295,9.190649],[-71.204687,9.191351],[-71.205106,9.191431],[-71.205392,9.190134],[-71.206129,9.189998],[-71.206769,9.189726],[-71.207784,9.189605],[-71.208598,9.189697],[-71.209236,9.190139],[-71.209975,9.190854],[-71.210523,9.191368],[-71.211238,9.192037],[-71.211678,9.19283],[-71.21251,9.193542],[-71.212912,9.194612],[-71.213566,9.195583],[-71.21411,9.195935],[-71.21491,9.19559],[-71.215277,9.195615],[-71.215629,9.195639],[-71.216278,9.195643],[-71.216902,9.195602],[-71.217542,9.196113],[-71.218375,9.196986],[-71.218558,9.197262],[-71.218903,9.197554],[-71.219638,9.197875],[-71.218925,9.193781],[-71.219827,9.192249],[-71.220919,9.190967],[-71.221527,9.188497],[-71.221771,9.186447],[-71.221605,9.186196],[-71.219812,9.187121],[-71.219554,9.186918],[-71.218116,9.186872],[-71.21848,9.186429],[-71.220124,9.186357],[-71.220952,9.185976],[-71.221077,9.185101],[-71.221125,9.183812],[-71.220762,9.182852],[-71.221328,9.180635],[-71.222853,9.177507],[-71.223026,9.176745],[-71.220782,9.17563],[-71.219374,9.174525],[-71.219363,9.173859],[-71.219457,9.171142],[-71.220369,9.170208],[-71.220692,9.168755],[-71.221026,9.167875],[-71.222006,9.166871],[-71.223265,9.164506],[-71.223689,9.16393],[-71.223776,9.163811],[-71.224171,9.163273],[-71.223475,9.16281],[-71.222664,9.162788],[-71.222077,9.162528],[-71.221522,9.162567],[-71.220907,9.162884],[-71.220394,9.162761],[-71.219472,9.162902],[-71.218995,9.162456],[-71.218677,9.161867],[-71.218559,9.161042],[-71.21849,9.160261],[-71.218024,9.159377],[-71.21738,9.158775],[-71.21662,9.158129],[-71.215588,9.157676],[-71.214423,9.156674],[-71.213291,9.15597],[-71.212062,9.155131],[-71.211353,9.153863],[-71.210793,9.152958],[-71.210317,9.151729],[-71.209726,9.15055],[-71.209517,9.149751],[-71.209443,9.148832],[-71.209211,9.148034],[-71.208743,9.147081],[-71.208282,9.146381],[-71.208009,9.145767],[-71.206808,9.144283],[-71.205428,9.143057],[-71.204008,9.14204],[-71.203053,9.141078],[-71.202802,9.139658],[-71.20278,9.13814],[-71.202846,9.137218],[-71.203278,9.136193],[-71.203316,9.135134],[-71.2024,9.134677],[-71.201327,9.134431],[-71.200701,9.134403],[-71.201175,9.133216],[-71.200926,9.132602],[-71.200385,9.131536],[-71.199765,9.130956],[-71.19936,9.130553],[-71.199453,9.129791],[-71.199985,9.128994],[-71.198907,9.128565],[-71.198378,9.128672],[-71.197623,9.12821],[-71.197336,9.127114],[-71.19656,9.125917],[-71.195016,9.124626],[-71.194422,9.124091],[-71.193643,9.124367],[-71.192672,9.124417],[-71.192374,9.123759],[-71.192364,9.122631],[-71.192383,9.12171],[-71.191943,9.12094],[-71.191318,9.120935],[-71.190709,9.120699],[-71.190346,9.120157],[-71.189523,9.118961],[-71.188413,9.118234],[-71.187544,9.117821],[-71.186236,9.118204],[-71.185083,9.118352],[-71.183294,9.117367],[-71.182054,9.116989],[-71.180886,9.116631],[-71.179128,9.116681],[-71.17807,9.116918],[-71.17717,9.117036],[-71.176086,9.117159],[-71.175373,9.117317],[-71.174793,9.118071],[-71.174205,9.118548],[-71.173686,9.118218],[-71.173247,9.117471],[-71.173001,9.116971],[-71.172618,9.116545],[-71.171737,9.115741],[-71.170806,9.115561],[-71.170494,9.116766],[-71.169865,9.117429],[-71.168988,9.118283],[-71.168512,9.118641],[-71.16774,9.118364],[-71.168109,9.117548],[-71.16835,9.117081],[-71.168179,9.116004],[-71.167467,9.115403],[-71.16677,9.115331],[-71.166367,9.11578],[-71.16645,9.116261],[-71.166444,9.116814],[-71.165158,9.11639],[-71.164232,9.116416],[-71.16288,9.116892],[-71.161456,9.116496],[-71.161168,9.115353],[-71.161041,9.114205],[-71.160779,9.113178],[-71.160374,9.111993],[-71.160337,9.111533],[-71.160534,9.110377],[-71.159821,9.10973],[-71.158902,9.110792],[-71.158376,9.111796],[-71.157557,9.11228],[-71.15648,9.111896],[-71.155089,9.111062],[-71.153497,9.11044],[-71.152156,9.109719],[-71.152186,9.109165],[-71.151966,9.107998],[-71.151175,9.107077],[-71.150736,9.106354],[-71.149926,9.105548],[-71.148965,9.105944],[-71.148559,9.106301],[-71.147572,9.105822],[-71.147452,9.104882],[-71.146887,9.103794],[-71.145311,9.102942],[-71.144346,9.101634],[-71.143515,9.100945],[-71.142879,9.102136],[-71.142026,9.102276],[-71.140962,9.100741],[-71.13937,9.09936],[-71.136429,9.098569],[-71.13511,9.097824],[-71.133487,9.097732],[-71.132285,9.097789],[-71.131347,9.095837],[-71.130759,9.093944],[-71.128457,9.094401],[-71.126931,9.094467],[-71.124763,9.092389],[-71.124096,9.090981],[-71.123205,9.08981],[-71.121534,9.088868],[-71.120119,9.088011],[-71.119055,9.087258],[-71.118219,9.085579],[-71.117472,9.084588],[-71.115142,9.084079],[-71.112804,9.083363],[-71.111852,9.082557],[-71.111119,9.081938],[-71.110804,9.079899],[-71.110556,9.078549],[-71.110127,9.077341],[-71.109125,9.075552],[-71.10822,9.07431],[-71.107991,9.073996],[-71.106989,9.072989],[-71.10636,9.072064],[-71.106037,9.070508],[-71.105841,9.069363],[-71.103879,9.067187],[-71.102831,9.066204],[-71.10166,9.064972],[-71.101008,9.063264],[-71.099464,9.06034],[-71.098209,9.058581],[-71.097735,9.05742],[-71.097917,9.055759],[-71.098322,9.054551],[-71.098169,9.05314],[-71.098163,9.053082],[-71.097843,9.051641],[-71.097946,9.049613],[-71.099151,9.048107],[-71.099908,9.047073],[-71.100339,9.045979],[-71.099771,9.043587],[-71.123244,9.027545],[-71.235881,8.950569],[-71.235463,8.95006],[-71.234409,8.949353],[-71.233353,8.948508],[-71.23256,8.947174],[-71.232221,8.946494],[-71.232246,8.945668],[-71.232259,8.945254],[-71.232941,8.943974],[-71.233147,8.942982],[-71.233256,8.940891],[-71.233206,8.940777],[-71.232744,8.939734],[-71.232737,8.939436],[-71.233063,8.937729],[-71.232666,8.93751],[-71.232266,8.937153],[-71.23184,8.935787],[-71.23176,8.934412],[-71.231364,8.933275],[-71.231018,8.932366],[-71.231014,8.932205],[-71.230811,8.931453],[-71.230232,8.931284],[-71.228197,8.930923],[-71.227396,8.930209],[-71.227093,8.930056],[-71.225243,8.929714],[-71.223733,8.928238],[-71.222602,8.927165],[-71.221944,8.926631],[-71.221053,8.925965],[-71.220106,8.925852],[-71.219245,8.926425],[-71.21884,8.926802],[-71.218,8.927283],[-71.217166,8.927074],[-71.215758,8.926927],[-71.215367,8.926937],[-71.212876,8.926748],[-71.211569,8.926942],[-71.210035,8.927302],[-71.207736,8.926535],[-71.206233,8.926252],[-71.204429,8.925908],[-71.203636,8.925515],[-71.201154,8.92567],[-71.198601,8.927663],[-71.196264,8.92809],[-71.193453,8.927083],[-71.189825,8.926532],[-71.186784,8.926426],[-71.184381,8.926097],[-71.179283,8.924804],[-71.178045,8.924055],[-71.175912,8.923444],[-71.173848,8.923772],[-71.170857,8.923871],[-71.169057,8.922723],[-71.166772,8.921565],[-71.16579,8.92097],[-71.164154,8.920874],[-71.159155,8.920113],[-71.157942,8.917994],[-71.157582,8.915874],[-71.157538,8.911912],[-71.156537,8.909948],[-71.154393,8.908267],[-71.153159,8.907821],[-71.150717,8.905392],[-71.150616,8.90267],[-71.150362,8.896996],[-71.148222,8.894651],[-71.146952,8.89132],[-71.147375,8.888376],[-71.147739,8.886602],[-71.14575,8.886337],[-71.143182,8.888379],[-71.140411,8.88896],[-71.13699,8.888598],[-71.134493,8.887454],[-71.130549,8.885686],[-71.127215,8.883488],[-71.125125,8.882081],[-71.121745,8.880709],[-71.117886,8.879465],[-71.115513,8.879486],[-71.111842,8.881649],[-71.110148,8.881193],[-71.107587,8.881882],[-71.105449,8.88366],[-71.104046,8.885348],[-71.102447,8.887477],[-71.099353,8.890472],[-71.09666,8.892998],[-71.093714,8.894729],[-71.090239,8.8973],[-71.087702,8.898859],[-71.085702,8.900609],[-71.084364,8.903006],[-71.080838,8.904593],[-71.079351,8.903329],[-71.078094,8.902081],[-71.077393,8.900886],[-71.076087,8.899548],[-71.073614,8.900052],[-71.070974,8.901202],[-71.067703,8.901224],[-71.064334,8.901066],[-71.062094,8.89925],[-71.06152,8.897708],[-71.061341,8.895445],[-71.060247,8.893437],[-71.057842,8.893114],[-71.053865,8.893408],[-71.04887,8.893569],[-71.04486,8.89352],[-71.041947,8.893188],[-71.03739,8.89336],[-71.035382,8.893255],[-71.035615,8.894165],[-71.036299,8.895543],[-71.036808,8.898072],[-71.036248,8.900263],[-71.035108,8.902311],[-71.033103,8.905551],[-71.031086,8.90918],[-71.030997,8.911771],[-71.031554,8.912718],[-71.032494,8.915005],[-71.033299,8.919014],[-71.034148,8.922977],[-71.035754,8.929277],[-71.03684,8.932591],[-71.03703,8.935243],[-71.036092,8.936323],[-71.035691,8.939266],[-71.036028,8.940562],[-71.035669,8.943366],[-71.03422,8.945926],[-71.031623,8.948609],[-71.03033,8.95096],[-71.030034,8.953533],[-71.028454,8.956349],[-71.02666,8.95972],[-71.026232,8.962503],[-71.025931,8.964917],[-71.024135,8.966616],[-71.02142,8.968386],[-71.019988,8.969891],[-71.019076,8.971864],[-71.017947,8.974323],[-71.016909,8.975909],[-71.016064,8.980285],[-71.017332,8.98112],[-71.019714,8.982223],[-71.021249,8.983554],[-71.023207,8.987578],[-71.024226,8.994285],[-71.023472,8.996161],[-71.021286,8.997163],[-71.022875,8.999532],[-71.023971,9.001447],[-71.025532,9.003471],[-71.0271,9.00584],[-71.027686,9.007763],[-71.029351,9.010498],[-71.031461,9.012076],[-71.03355,9.013724],[-71.035851,9.015668],[-71.038967,9.016403],[-71.041757,9.017028],[-71.044271,9.017749],[-71.04754,9.017907],[-71.050357,9.020119],[-71.051944,9.022303],[-71.053857,9.023148],[-71.057227,9.022338],[-71.060216,9.022385],[-71.062387,9.021916],[-71.064652,9.023031],[-71.064816,9.024593],[-71.066063,9.027242],[-71.06759,9.028553],[-71.068479,9.032036],[-71.069837,9.032935],[-71.072168,9.033751],[-71.074694,9.033759],[-71.078238,9.035177],[-71.079977,9.036692],[-71.081921,9.037996],[-71.083367,9.038572],[-71.083902,9.040197],[-71.084886,9.040872],[-71.085653,9.042494],[-71.086457,9.043493],[-71.087925,9.04544],[-71.087949,9.045472],[-71.089216,9.046465],[-71.090853,9.046003],[-71.091482,9.046223],[-71.092292,9.047157],[-71.092309,9.047177],[-71.0943,9.048503],[-71.094863,9.050335],[-71.095867,9.050872],[-71.096554,9.051804],[-71.096568,9.051822],[-71.097043,9.052442],[-71.097136,9.052564],[-71.0964,9.052944],[-71.096013,9.053135],[-71.09583,9.053225],[-71.095652,9.053313],[-71.092794,9.054368],[-71.091637,9.054732],[-71.090789,9.054998],[-71.088293,9.056208],[-71.087754,9.056469],[-71.082935,9.057991],[-71.080562,9.058832],[-71.077136,9.059045],[-71.07457,9.05798],[-71.073308,9.057286],[-71.071696,9.057932],[-71.068526,9.058255],[-71.06313,9.058475],[-71.059447,9.058553],[-71.056205,9.058671],[-71.052467,9.058176],[-71.050294,9.057036],[-71.048301,9.054144],[-71.044978,9.049226],[-71.042521,9.047676],[-71.041093,9.045283],[-71.039777,9.044107],[-71.039271,9.04439],[-71.039295,9.045885],[-71.039193,9.048232],[-71.038589,9.051025],[-71.038091,9.053263],[-71.038269,9.055698],[-71.039142,9.058192],[-71.040964,9.060534],[-71.041896,9.06236],[-71.041393,9.06423],[-71.041951,9.065809],[-71.04241,9.066998],[-71.043087,9.067287],[-71.045625,9.068008],[-71.04755,9.068117],[-71.050275,9.06895],[-71.052574,9.070755],[-71.054673,9.073069],[-71.056891,9.075543],[-71.057083,9.077426],[-71.05685,9.080281],[-71.056934,9.082649],[-71.057429,9.087518],[-71.057631,9.089999],[-71.057665,9.09361],[-71.055719,9.095405],[-71.052217,9.098635],[-71.049349,9.10128],[-71.048239,9.102304],[-71.0469,9.103539]]],[[[-70.918339,9.129477],[-70.919726,9.129746],[-70.920886,9.130437],[-70.922432,9.131075],[-70.923478,9.131979],[-70.924319,9.134116],[-70.926583,9.136192],[-70.926944,9.135934],[-70.928602,9.137291],[-70.929724,9.138815],[-70.930561,9.141128],[-70.93081,9.141928],[-70.931507,9.14256],[-70.93302,9.142413],[-70.935054,9.142805],[-70.936999,9.143285],[-70.937791,9.143654],[-70.939692,9.146076],[-70.939927,9.146374],[-70.94148,9.148336],[-70.94168,9.148588],[-70.942544,9.149665],[-70.944403,9.149966],[-70.944847,9.149975],[-70.945482,9.149369],[-70.946459,9.149387],[-70.948214,9.150393],[-70.948728,9.150644],[-70.949509,9.151025],[-70.949756,9.151172],[-70.959857,9.142958],[-70.988225,9.11989],[-70.999904,9.110393],[-70.999393,9.109374],[-70.99885,9.108038],[-70.998342,9.106921],[-70.997648,9.105131],[-70.997577,9.104947],[-70.996997,9.103548],[-70.99533,9.102904],[-70.994091,9.102671],[-70.993501,9.10256],[-70.992112,9.102169],[-70.988801,9.101915],[-70.988036,9.100905],[-70.988337,9.099758],[-70.987434,9.099001],[-70.986414,9.097371],[-70.986159,9.096614],[-70.985302,9.095283],[-70.984051,9.093791],[-70.982847,9.092735],[-70.981457,9.09106],[-70.979905,9.088857],[-70.979464,9.086333],[-70.978491,9.084314],[-70.975272,9.08149],[-70.97416,9.078415],[-70.972608,9.075639],[-70.970917,9.072472],[-70.968369,9.070083],[-70.968165,9.073488],[-70.968744,9.075442],[-70.968613,9.077383],[-70.967825,9.080902],[-70.967262,9.082304],[-70.967138,9.083892],[-70.967207,9.084777],[-70.966655,9.085649],[-70.965208,9.086858],[-70.964656,9.087731],[-70.964282,9.088607],[-70.964868,9.090209],[-70.964679,9.090735],[-70.964235,9.090726],[-70.96273,9.090521],[-70.962539,9.091135],[-70.962699,9.091934],[-70.963131,9.092472],[-70.963121,9.092913],[-70.961568,9.094915],[-70.961456,9.095973],[-70.96176,9.098276],[-70.961645,9.099511],[-70.961085,9.100736],[-70.960454,9.101166],[-70.96034,9.102312],[-70.960301,9.104078],[-70.959828,9.105394],[-70.958714,9.107581],[-70.957786,9.109419],[-70.955767,9.112384],[-70.954761,9.11369],[-70.95447,9.114833],[-70.954354,9.116067],[-70.954865,9.117049],[-70.954846,9.117932],[-70.954564,9.118633],[-70.954193,9.119333],[-70.952663,9.120275],[-70.95129,9.122103],[-70.94975,9.123487],[-70.948215,9.124606],[-70.946876,9.124933],[-70.946158,9.125273],[-70.944332,9.127534],[-70.94332,9.129105],[-70.941255,9.130125],[-70.939927,9.129922],[-70.939217,9.129909],[-70.938665,9.130781],[-70.936695,9.13145],[-70.935363,9.131424],[-70.934565,9.131409],[-70.931192,9.129161],[-70.930354,9.127512],[-70.918339,9.129477]]]]},"properties":{"Municipio":"Tulio Febres Cordero","Municipios_code":"VE1422","Ciudad":"Mérida","Pais":"Venezuela (República Bolivariana de)","area_sqkm":407.74802206,"Municipios_ref_name":"Tulio Febres Cordero","center_lat":9.11138831,"center_lon":-70.97756228,"stroke-width":2,"stroke":"#000000"}},{"type":"Feature","geometry":{"type":"Polygon","coordinates":[[[-71.725222,8.504722],[-71.725803,8.504539],[-71.731119,8.50049],[-71.746883,8.493223],[-71.748488,8.493827],[-71.749366,8.494966],[-71.750105,8.496078],[-71.749785,8.498107],[-71.749537,8.500023],[-71.751578,8.499676],[-71.751687,8.501118],[-71.752805,8.501827],[-71.752211,8.50369],[-71.753553,8.504747],[-71.752612,8.506671],[-71.754754,8.507012],[-71.755018,8.508778],[-71.753559,8.510029],[-71.75296,8.511069],[-71.752405,8.512178],[-71.751774,8.513629],[-71.75289,8.514406],[-71.7548,8.514788],[-71.754505,8.51341],[-71.754861,8.512982],[-71.756157,8.512894],[-71.757071,8.514491],[-71.758688,8.514546],[-71.758236,8.515155],[-71.757295,8.515936],[-71.757786,8.516792],[-71.758638,8.518067],[-71.758872,8.519032],[-71.758205,8.519979],[-71.759558,8.520487],[-71.76069,8.52051],[-71.761228,8.520177],[-71.760698,8.519],[-71.76094,8.518479],[-71.761361,8.518236],[-71.762412,8.518829],[-71.763978,8.520187],[-71.765099,8.521834],[-71.765452,8.523763],[-71.765368,8.525567],[-71.764899,8.527044],[-71.765798,8.528252],[-71.765596,8.529094],[-71.765493,8.530692],[-71.766415,8.531923],[-71.767611,8.532199],[-71.769428,8.532647],[-71.769916,8.533617],[-71.769892,8.534783],[-71.768347,8.534615],[-71.767529,8.535055],[-71.768384,8.536147],[-71.770181,8.537533],[-71.769395,8.53866],[-71.767664,8.539654],[-71.765857,8.539892],[-71.764808,8.540328],[-71.764965,8.541635],[-71.765289,8.542739],[-71.766324,8.544109],[-71.76775,8.544435],[-71.769379,8.543897],[-71.77119,8.543499],[-71.77187,8.54413],[-71.772896,8.545957],[-71.774836,8.548237],[-71.775566,8.548709],[-71.775584,8.548734],[-71.775584,8.548734],[-71.776255,8.54833],[-71.777245,8.547229],[-71.77722,8.543727],[-71.777537,8.541536],[-71.777073,8.538694],[-71.775374,8.533781],[-71.771961,8.521985],[-71.772168,8.519904],[-71.773075,8.518028],[-71.774025,8.516062],[-71.7767,8.513202],[-71.776772,8.513125],[-71.777864,8.51276],[-71.78005,8.513598],[-71.780901,8.51456],[-71.782721,8.513953],[-71.783532,8.513414],[-71.783853,8.513518],[-71.784033,8.513576],[-71.784626,8.513745],[-71.783542,8.511746],[-71.78272,8.509964],[-71.782405,8.50804],[-71.781514,8.506373],[-71.780544,8.503285],[-71.780044,8.501317],[-71.778916,8.499102],[-71.77768,8.497598],[-71.775837,8.495296],[-71.775101,8.492665],[-71.774803,8.489891],[-71.774488,8.487945],[-71.774194,8.485723],[-71.774106,8.483224],[-71.774485,8.481318],[-71.774642,8.479999],[-71.774681,8.479666],[-71.775267,8.477597],[-71.776113,8.476353],[-71.775803,8.475002],[-71.775115,8.472692],[-71.774515,8.469738],[-71.774291,8.467447],[-71.774667,8.465174],[-71.775456,8.462485],[-71.776434,8.460299],[-71.778087,8.458773],[-71.778978,8.457299],[-71.779061,8.456129],[-71.779369,8.453948],[-71.780284,8.452703],[-71.781287,8.450701],[-71.782593,8.449109],[-71.783677,8.448848],[-71.784559,8.449369],[-71.785477,8.448422],[-71.785329,8.44723],[-71.785179,8.44558],[-71.786004,8.444702],[-71.787348,8.445013],[-71.788071,8.44276],[-71.789681,8.441601],[-71.791171,8.439916],[-71.792179,8.438762],[-71.793622,8.436916],[-71.795257,8.43617],[-71.795969,8.435523],[-71.795822,8.434446],[-71.797036,8.432877],[-71.799089,8.432403],[-71.79945,8.431116],[-71.79921,8.429995],[-71.79911,8.428918],[-71.798803,8.428049],[-71.798635,8.427651],[-71.798262,8.426769],[-71.79846,8.425392],[-71.79881,8.424391],[-71.799161,8.423391],[-71.800384,8.423084],[-71.801418,8.422273],[-71.801407,8.42076],[-71.801762,8.418831],[-71.803379,8.418636],[-71.804594,8.417319],[-71.807523,8.416448],[-71.809871,8.415215],[-71.811445,8.412429],[-71.813288,8.410647],[-71.813847,8.410106],[-71.813,8.410124],[-71.812959,8.405471],[-71.812211,8.403786],[-71.809652,8.400732],[-71.808053,8.398942],[-71.806135,8.397257],[-71.803471,8.395045],[-71.802296,8.392097],[-71.802077,8.388518],[-71.802392,8.385992],[-71.803878,8.383571],[-71.807173,8.380731],[-71.810892,8.377786],[-71.811791,8.377112],[-71.813975,8.375472],[-71.816525,8.373262],[-71.818117,8.370842],[-71.818118,8.370826],[-71.818533,8.364526],[-71.818106,8.363684],[-71.817996,8.361684],[-71.818837,8.359924],[-71.818951,8.359684],[-71.819905,8.357579],[-71.820221,8.355474],[-71.819792,8.353263],[-71.819575,8.351158],[-71.820105,8.349368],[-71.820316,8.348211],[-71.819887,8.34621],[-71.818073,8.343262],[-71.815622,8.340734],[-71.81232,8.338101],[-71.809125,8.335994],[-71.8071,8.334309],[-71.806034,8.332624],[-71.806087,8.332125],[-71.80609,8.332091],[-71.80356,8.332599],[-71.803089,8.332694],[-71.80228,8.332858],[-71.802275,8.332859],[-71.798409,8.336059],[-71.751176,8.375154],[-71.751284,8.375495],[-71.751971,8.376928],[-71.752341,8.379108],[-71.75154,8.380944],[-71.75018,8.38302],[-71.748643,8.384681],[-71.747158,8.385016],[-71.746022,8.386274],[-71.744812,8.386729],[-71.744086,8.389367],[-71.743009,8.392249],[-71.7418,8.395929],[-71.740476,8.398441],[-71.740245,8.400654],[-71.739672,8.403752],[-71.739656,8.405604],[-71.739238,8.407928],[-71.739668,8.410544],[-71.740628,8.412165],[-71.739718,8.413724],[-71.738353,8.41596],[-71.737362,8.415848],[-71.736776,8.417346],[-71.736325,8.416833],[-71.735896,8.417442],[-71.735109,8.418638],[-71.734335,8.420292],[-71.732581,8.422406],[-71.730854,8.424315],[-71.72968,8.426303],[-71.727051,8.428262],[-71.724059,8.428796],[-71.720791,8.428203],[-71.719316,8.42911],[-71.717565,8.429989],[-71.715851,8.431258],[-71.713563,8.432423],[-71.711523,8.433754],[-71.710323,8.435879],[-71.710624,8.439178],[-71.711449,8.440636],[-71.710249,8.442715],[-71.709884,8.44472],[-71.707996,8.446579],[-71.707092,8.450014],[-71.706149,8.453128],[-71.705718,8.456046],[-71.707398,8.457453],[-71.709043,8.458378],[-71.709969,8.459403],[-71.711114,8.461005],[-71.712109,8.463153],[-71.712062,8.464272],[-71.711379,8.465996],[-71.710673,8.467697],[-71.710015,8.469353],[-71.711206,8.469858],[-71.710134,8.472466],[-71.710494,8.474051],[-71.712004,8.475888],[-71.713804,8.477114],[-71.71435,8.478612],[-71.714691,8.479991],[-71.713049,8.481146],[-71.711275,8.480882],[-71.710273,8.481296],[-71.708995,8.483831],[-71.70893,8.485819],[-71.708958,8.487786],[-71.708964,8.48973],[-71.711365,8.489802],[-71.712513,8.491266],[-71.713413,8.492451],[-71.714855,8.493121],[-71.716491,8.494435],[-71.719022,8.496064],[-71.722105,8.497819],[-71.722615,8.498858],[-71.724273,8.499167],[-71.725217,8.500421],[-71.72475,8.503979],[-71.725222,8.504722]]]},"properties":{"Municipio":"Zea","Municipios_code":"VE1423","Ciudad":"Mérida","Pais":"Venezuela (República Bolivariana de)","area_sqkm":131.66345872,"Municipios_ref_name":"Zea","center_lat":8.44027616,"center_lon":-71.75104892,"stroke-width":2,"stroke":"#000000"}}]}