{"type":"FeatureCollection","features":[{"type":"Feature","geometry":{"type":"Polygon","coordinates":[[[-71.634325,8.610593],[-71.636867,8.610231],[-71.642575,8.610459],[-71.656299,8.612959],[-71.660911,8.612225],[-71.662537,8.611826],[-71.667511,8.609703],[-71.670934,8.607922],[-71.675904,8.60536],[-71.678556,8.604243],[-71.681316,8.602685],[-71.684462,8.600708],[-71.687445,8.599047],[-71.690635,8.595304],[-71.69284,8.593319],[-71.694278,8.592762],[-71.697278,8.593509],[-71.704947,8.595756],[-71.707612,8.596067],[-71.711383,8.596042],[-71.721479,8.596303],[-71.72647,8.596269],[-71.732022,8.597217],[-71.735014,8.596869],[-71.737342,8.596744],[-71.740555,8.596175],[-71.742993,8.595721],[-71.746654,8.595915],[-71.749752,8.594909],[-71.752074,8.593909],[-71.76278,8.586723],[-71.7651,8.585394],[-71.766976,8.583959],[-71.767627,8.581985],[-71.767618,8.580781],[-71.767485,8.577827],[-71.767911,8.575198],[-71.771743,8.553066],[-71.772507,8.551419],[-71.774047,8.549658],[-71.775584,8.548734],[-71.775584,8.548734],[-71.775566,8.548709],[-71.774836,8.548237],[-71.772896,8.545957],[-71.77187,8.54413],[-71.77119,8.543499],[-71.769379,8.543897],[-71.76775,8.544435],[-71.766324,8.544109],[-71.765289,8.542739],[-71.764965,8.541635],[-71.764808,8.540328],[-71.765857,8.539892],[-71.767664,8.539654],[-71.769395,8.53866],[-71.770181,8.537533],[-71.768384,8.536147],[-71.767529,8.535055],[-71.768347,8.534615],[-71.769892,8.534783],[-71.769916,8.533617],[-71.769428,8.532647],[-71.767611,8.532199],[-71.766415,8.531923],[-71.765493,8.530692],[-71.765596,8.529094],[-71.765798,8.528252],[-71.764899,8.527044],[-71.765368,8.525567],[-71.765452,8.523763],[-71.765099,8.521834],[-71.763978,8.520187],[-71.762412,8.518829],[-71.761361,8.518236],[-71.76094,8.518479],[-71.760698,8.519],[-71.761228,8.520177],[-71.76069,8.52051],[-71.759558,8.520487],[-71.758205,8.519979],[-71.758872,8.519032],[-71.758638,8.518067],[-71.757786,8.516792],[-71.757295,8.515936],[-71.758236,8.515155],[-71.758688,8.514546],[-71.757071,8.514491],[-71.756157,8.512894],[-71.754861,8.512982],[-71.754505,8.51341],[-71.7548,8.514788],[-71.75289,8.514406],[-71.751774,8.513629],[-71.752405,8.512178],[-71.75296,8.511069],[-71.753559,8.510029],[-71.755018,8.508778],[-71.754754,8.507012],[-71.752612,8.506671],[-71.753553,8.504747],[-71.752211,8.50369],[-71.752805,8.501827],[-71.751687,8.501118],[-71.751578,8.499676],[-71.749537,8.500023],[-71.749785,8.498107],[-71.750105,8.496078],[-71.749366,8.494966],[-71.748488,8.493827],[-71.746883,8.493223],[-71.731119,8.50049],[-71.725803,8.504539],[-71.725222,8.504722],[-71.635513,8.554222],[-71.632898,8.577441],[-71.630147,8.577007],[-71.62926,8.577185],[-71.627402,8.579831],[-71.626341,8.58177],[-71.624923,8.583006],[-71.624127,8.584066],[-71.6228,8.586534],[-71.621561,8.588122],[-71.620676,8.589533],[-71.620057,8.590503],[-71.619704,8.591561],[-71.619705,8.592089],[-71.619883,8.592441],[-71.620061,8.592617],[-71.620062,8.593585],[-71.62157,8.593974],[-71.622482,8.595298],[-71.623397,8.597081],[-71.624125,8.598704],[-71.625247,8.600371],[-71.626699,8.602861],[-71.628176,8.605603],[-71.631015,8.608037],[-71.6324,8.610894],[-71.633226,8.610126],[-71.634325,8.610593]]]},"properties":{"Parroquia":"Presidente Rómulo Gallegos","Parroquia_pcode":"VE140103","Municipio":"Alberto Adriani","Municipio_pcode":"VE1401","Ciudad":"Mérida","adm0_name":"Venezuela (República Bolivariana de)","adm0_pcode":"VE","area_sqkm":131.67320171,"Parroquia_ref_name":"Presidente Romulo Gallegos","center_lat":8.553644,"center_lon":-71.70410172}},{"type":"Feature","geometry":{"type":"Polygon","coordinates":[[[-71.594915,8.569333],[-71.59545,8.570829],[-71.596517,8.571707],[-71.597849,8.572585],[-71.600158,8.574253],[-71.602557,8.576626],[-71.603892,8.579618],[-71.605319,8.584194],[-71.60621,8.586306],[-71.609141,8.588325],[-71.610473,8.589203],[-71.610476,8.59114],[-71.611099,8.592196],[-71.61172,8.592194],[-71.612872,8.591575],[-71.613847,8.591133],[-71.615001,8.591659],[-71.616512,8.593241],[-71.617578,8.593679],[-71.620062,8.593585],[-71.620061,8.592617],[-71.619883,8.592441],[-71.619705,8.592089],[-71.619704,8.591561],[-71.620057,8.590503],[-71.620676,8.589533],[-71.621561,8.588122],[-71.6228,8.586534],[-71.624127,8.584066],[-71.624923,8.583006],[-71.626341,8.58177],[-71.627402,8.579831],[-71.62926,8.577185],[-71.630147,8.577007],[-71.632898,8.577441],[-71.635513,8.554222],[-71.634554,8.546848],[-71.634059,8.544628],[-71.633193,8.542707],[-71.634244,8.540114],[-71.634905,8.538277],[-71.63534,8.537084],[-71.63274,8.52486],[-71.63112,8.519735],[-71.629116,8.516077],[-71.628298,8.514065],[-71.626923,8.511894],[-71.625947,8.510706],[-71.625949,8.511167],[-71.625423,8.511234],[-71.625425,8.512378],[-71.625161,8.513788],[-71.624985,8.514757],[-71.623746,8.516081],[-71.621708,8.517582],[-71.620381,8.519522],[-71.619761,8.519876],[-71.618785,8.519878],[-71.616832,8.519178],[-71.614438,8.519095],[-71.612664,8.519274],[-71.611246,8.52007],[-71.610447,8.519455],[-71.606092,8.513828],[-71.602269,8.509257],[-71.600049,8.507588],[-71.598363,8.506975],[-71.596501,8.506979],[-71.59526,8.507598],[-71.593842,8.50857],[-71.591449,8.509543],[-71.587462,8.512281],[-71.584362,8.514665],[-71.584363,8.515482],[-71.584363,8.515722],[-71.584544,8.517659],[-71.585078,8.518803],[-71.585612,8.520475],[-71.585614,8.52162],[-71.585172,8.522414],[-71.5834,8.52365],[-71.582249,8.524973],[-71.581365,8.52709],[-71.580834,8.527619],[-71.579948,8.528237],[-71.579506,8.529383],[-71.579599,8.532201],[-71.579692,8.534755],[-71.580671,8.536866],[-71.581648,8.538185],[-71.582095,8.540122],[-71.582364,8.541883],[-71.583522,8.545403],[-71.585212,8.548041],[-71.586723,8.550064],[-71.58779,8.551823],[-71.5893,8.553053],[-71.589834,8.553932],[-71.590814,8.556748],[-71.591794,8.5593],[-71.593393,8.56097],[-71.594548,8.562024],[-71.594727,8.562728],[-71.594907,8.564225],[-71.594911,8.566691],[-71.594915,8.569333]]]},"properties":{"Parroquia":"Gabriel Picón González","Parroquia_pcode":"VE140104","Municipio":"Alberto Adriani","Municipio_pcode":"VE1401","Ciudad":"Mérida","adm0_name":"Venezuela (República Bolivariana de)","adm0_pcode":"VE","area_sqkm":38.91648666,"Parroquia_ref_name":"Gabriel Picon Gonzalez","center_lat":8.5509435,"center_lon":-71.61117156}},{"type":"Feature","geometry":{"type":"Polygon","coordinates":[[[-71.511036,8.709658],[-71.5167,8.711418],[-71.518793,8.713079],[-71.520794,8.714625],[-71.524383,8.717049],[-71.52661,8.719906],[-71.528498,8.721061],[-71.529857,8.721433],[-71.531717,8.72376],[-71.531984,8.726565],[-71.534995,8.729332],[-71.535587,8.731472],[-71.536933,8.73566],[-71.538656,8.737802],[-71.540241,8.739554],[-71.542743,8.742917],[-71.545644,8.744511],[-71.54903,8.745578],[-71.552396,8.746277],[-71.557427,8.745716],[-71.560977,8.74614],[-71.564225,8.747298],[-71.567796,8.748687],[-71.569936,8.750049],[-71.573417,8.750909],[-71.576601,8.750642],[-71.578796,8.749521],[-71.581108,8.747872],[-71.583654,8.745442],[-71.585433,8.744482],[-71.58829,8.74534],[-71.590458,8.745437],[-71.591284,8.746681],[-71.592041,8.747694],[-71.592751,8.749237],[-71.59286,8.751145],[-71.593548,8.752181],[-71.59421,8.754206],[-71.594942,8.756185],[-71.595141,8.757102],[-71.595351,8.758071],[-71.59546,8.759818],[-71.595482,8.760644],[-71.595542,8.76283],[-71.595518,8.763059],[-71.595951,8.765016],[-71.596546,8.766327],[-71.596995,8.767301],[-71.597025,8.767367],[-71.597245,8.767926],[-71.597329,8.767858],[-71.643137,8.730419],[-71.643005,8.730143],[-71.642935,8.729988],[-71.642573,8.728055],[-71.642547,8.727543],[-71.642464,8.72594],[-71.642079,8.723755],[-71.642058,8.723379],[-71.641949,8.721433],[-71.641375,8.720696],[-71.640148,8.720186],[-71.640039,8.720141],[-71.639518,8.717243],[-71.64001,8.715038],[-71.639807,8.713543],[-71.639519,8.710117],[-71.639802,8.708187],[-71.640036,8.70713],[-71.640087,8.705705],[-71.638711,8.703426],[-71.637284,8.702319],[-71.636851,8.700847],[-71.634756,8.699715],[-71.634738,8.698313],[-71.634373,8.697117],[-71.634195,8.695139],[-71.633393,8.693735],[-71.633257,8.692861],[-71.632294,8.69141],[-71.630684,8.690027],[-71.630281,8.686118],[-71.630172,8.684095],[-71.628842,8.682138],[-71.62871,8.680091],[-71.626889,8.679972],[-71.626068,8.677302],[-71.624633,8.678702],[-71.623625,8.67679],[-71.621457,8.677015],[-71.620887,8.674967],[-71.619162,8.673675],[-71.61915,8.670388],[-71.618075,8.667856],[-71.619345,8.667377],[-71.618613,8.665582],[-71.618965,8.663882],[-71.617437,8.662419],[-71.615483,8.661279],[-71.61486,8.660047],[-71.629563,8.645043],[-71.62965,8.64425],[-71.628762,8.643636],[-71.627784,8.642933],[-71.62654,8.641527],[-71.626272,8.640647],[-71.625916,8.640208],[-71.624763,8.64021],[-71.62423,8.640035],[-71.624229,8.639066],[-71.623785,8.639067],[-71.623518,8.638452],[-71.623428,8.637747],[-71.622451,8.637221],[-71.62236,8.636164],[-71.622004,8.635549],[-71.62147,8.634493],[-71.621717,8.633239],[-71.621462,8.63009],[-71.622435,8.628413],[-71.621813,8.627622],[-71.620658,8.626832],[-71.618438,8.625692],[-71.573771,8.614479],[-71.566038,8.637562],[-71.564394,8.635757],[-71.562469,8.63439],[-71.561586,8.633431],[-71.561071,8.632173],[-71.560373,8.631007],[-71.55984,8.630665],[-71.558501,8.631014],[-71.557812,8.632071],[-71.555944,8.633018],[-71.554816,8.633893],[-71.552482,8.63404],[-71.550822,8.63478],[-71.549019,8.634878],[-71.546867,8.634291],[-71.544397,8.635126],[-71.541582,8.63603],[-71.540362,8.637295],[-71.539799,8.640391],[-71.539341,8.641355],[-71.538679,8.643236],[-71.535795,8.644485],[-71.533699,8.646005],[-71.530035,8.648655],[-71.527343,8.651208],[-71.525869,8.652383],[-71.522457,8.654505],[-71.520591,8.655864],[-71.519697,8.657472],[-71.519059,8.659445],[-71.518628,8.662955],[-71.51847,8.665377],[-71.519129,8.668634],[-71.520733,8.671338],[-71.52278,8.674913],[-71.522303,8.677255],[-71.519764,8.678914],[-71.518043,8.683094],[-71.515997,8.686863],[-71.514857,8.691891],[-71.514573,8.696734],[-71.514595,8.70355],[-71.512012,8.706601],[-71.511036,8.709658]]]},"properties":{"Parroquia":"Héctor Amable Mora","Parroquia_pcode":"VE140105","Municipio":"Alberto Adriani","Municipio_pcode":"VE1401","Ciudad":"Mérida","adm0_name":"Venezuela (República Bolivariana de)","adm0_pcode":"VE","area_sqkm":156.62371374,"Parroquia_ref_name":"Hector Amable Mora","center_lat":8.6907185,"center_lon":-71.57330592}},{"type":"Feature","geometry":{"type":"Polygon","coordinates":[[[-71.639459,8.643304],[-71.641231,8.642629],[-71.641735,8.640951],[-71.640922,8.638084],[-71.639879,8.634605],[-71.639092,8.631238],[-71.638681,8.628763],[-71.637353,8.624369],[-71.636383,8.621256],[-71.634862,8.618882],[-71.633664,8.616275],[-71.633281,8.614443],[-71.6324,8.610894],[-71.631015,8.608037],[-71.628176,8.605603],[-71.626699,8.602861],[-71.625247,8.600371],[-71.624125,8.598704],[-71.623397,8.597081],[-71.622482,8.595298],[-71.62157,8.593974],[-71.620062,8.593585],[-71.617578,8.593679],[-71.616512,8.593241],[-71.615001,8.591659],[-71.613847,8.591133],[-71.612872,8.591575],[-71.61172,8.592194],[-71.611099,8.592196],[-71.610476,8.59114],[-71.610473,8.589203],[-71.609141,8.588325],[-71.60621,8.586306],[-71.605319,8.584194],[-71.603892,8.579618],[-71.602557,8.576626],[-71.600158,8.574253],[-71.597849,8.572585],[-71.596517,8.571707],[-71.59545,8.570829],[-71.594915,8.569333],[-71.593134,8.569172],[-71.590518,8.568381],[-71.587458,8.566285],[-71.58371,8.565475],[-71.579864,8.563383],[-71.57655,8.561219],[-71.573559,8.559146],[-71.569698,8.558795],[-71.566092,8.558717],[-71.562716,8.558295],[-71.560647,8.557072],[-71.559915,8.557115],[-71.557331,8.557973],[-71.556502,8.558641],[-71.573771,8.614479],[-71.618438,8.625692],[-71.620658,8.626832],[-71.621813,8.627622],[-71.622435,8.628413],[-71.621462,8.63009],[-71.621717,8.633239],[-71.62147,8.634493],[-71.622004,8.635549],[-71.62236,8.636164],[-71.622451,8.637221],[-71.623428,8.637747],[-71.623518,8.638452],[-71.623785,8.639067],[-71.624229,8.639066],[-71.62423,8.640035],[-71.624763,8.64021],[-71.625916,8.640208],[-71.626272,8.640647],[-71.62654,8.641527],[-71.627784,8.642933],[-71.628762,8.643636],[-71.62965,8.64425],[-71.629563,8.645043],[-71.639459,8.643304]]]},"properties":{"Parroquia":"Pulido Méndez","Parroquia_pcode":"VE140107","Municipio":"Alberto Adriani","Municipio_pcode":"VE1401","Ciudad":"Mérida","adm0_name":"Venezuela (República Bolivariana de)","adm0_pcode":"VE","area_sqkm":38.95685973,"Parroquia_ref_name":"Pulido Mendez","center_lat":8.601616,"center_lon":-71.59788293}},{"type":"Feature","geometry":{"type":"Polygon","coordinates":[[[-71.401276,8.608178],[-71.399325,8.610184],[-71.397707,8.611474],[-71.396362,8.612483],[-71.395431,8.613439],[-71.394659,8.615586],[-71.394341,8.618527],[-71.394346,8.620109],[-71.3948,8.622372],[-71.39557,8.624148],[-71.396683,8.625711],[-71.396978,8.628068],[-71.3968,8.629814],[-71.396968,8.632861],[-71.397227,8.634485],[-71.398372,8.635245],[-71.399323,8.636834],[-71.39862,8.637557],[-71.396618,8.639357],[-71.395245,8.641399],[-71.39396,8.643233],[-71.39249,8.64507],[-71.390983,8.647413],[-71.389795,8.649543],[-71.389061,8.652514],[-71.389414,8.654251],[-71.389173,8.655012],[-71.388218,8.655854],[-71.387173,8.655574],[-71.386519,8.656434],[-71.385898,8.657936],[-71.384903,8.659214],[-71.383991,8.661202],[-71.383095,8.661527],[-71.382221,8.661186],[-71.380832,8.661975],[-71.380059,8.663714],[-71.379633,8.665365],[-71.379382,8.667015],[-71.378078,8.667543],[-71.376331,8.666773],[-71.375537,8.665304],[-71.374049,8.664273],[-71.368991,8.663697],[-71.366726,8.663798],[-71.362895,8.664515],[-71.358973,8.664453],[-71.357229,8.66429],[-71.356312,8.663631],[-71.354289,8.66151],[-71.35311,8.661438],[-71.350548,8.661551],[-71.347856,8.662171],[-71.345622,8.662553],[-71.342647,8.662857],[-71.339905,8.663225],[-71.338582,8.66428],[-71.33582,8.664855],[-71.334288,8.664468],[-71.331557,8.662818],[-71.329357,8.662466],[-71.324368,8.663082],[-71.324345,8.663083],[-71.323295,8.664991],[-71.322651,8.66581],[-71.322141,8.667268],[-71.320297,8.670412],[-71.318251,8.672897],[-71.316943,8.674652],[-71.315952,8.675413],[-71.314097,8.676542],[-71.312907,8.676805],[-71.310729,8.678721],[-71.309801,8.680099],[-71.308183,8.67987],[-71.305624,8.679736],[-71.301928,8.679313],[-71.299848,8.679029],[-71.293978,8.679057],[-71.291077,8.679849],[-71.289092,8.679653],[-71.286739,8.678735],[-71.284138,8.679541],[-71.281806,8.68011],[-71.27834,8.681262],[-71.276899,8.680799],[-71.274643,8.67919],[-71.272834,8.677959],[-71.271398,8.676854],[-71.271014,8.677094],[-71.269729,8.678046],[-71.265818,8.680538],[-71.263517,8.683031],[-71.260332,8.685961],[-71.256682,8.689545],[-71.253536,8.691466],[-71.251719,8.694724],[-71.250432,8.698035],[-71.246826,8.700725],[-71.241215,8.702577],[-71.237337,8.703053],[-71.234171,8.702683],[-71.230059,8.703005],[-71.225013,8.704475],[-71.221705,8.706377],[-71.216029,8.708369],[-71.213377,8.709039],[-71.217047,8.715784],[-71.220262,8.718717],[-71.222459,8.719846],[-71.224186,8.723074],[-71.227637,8.726985],[-71.230522,8.72805],[-71.23421,8.728954],[-71.23753,8.729891],[-71.239881,8.731566],[-71.243479,8.734213],[-71.24637,8.737865],[-71.248984,8.739074],[-71.253439,8.741055],[-71.258436,8.744235],[-71.260254,8.74581],[-71.262796,8.747731],[-71.265713,8.748267],[-71.268126,8.749711],[-71.271963,8.751],[-71.275637,8.753049],[-71.278516,8.754663],[-71.2814,8.758039],[-71.285004,8.758464],[-71.287508,8.759836],[-71.287955,8.762572],[-71.288814,8.764426],[-71.292788,8.764062],[-71.295948,8.76585],[-71.301506,8.76693],[-71.309124,8.764378],[-71.312703,8.76391],[-71.316244,8.765344],[-71.320756,8.771085],[-71.326169,8.773285],[-71.330699,8.773843],[-71.334776,8.774666],[-71.345667,8.773853],[-71.353068,8.772543],[-71.358066,8.773386],[-71.363978,8.775553],[-71.370255,8.776039],[-71.378403,8.776677],[-71.386073,8.776733],[-71.391129,8.777184],[-71.396133,8.777453],[-71.400097,8.777523],[-71.404107,8.776057],[-71.407162,8.77423],[-71.409911,8.773739],[-71.412988,8.776582],[-71.415583,8.779508],[-71.419728,8.781107],[-71.425063,8.782397],[-71.428278,8.782877],[-71.433245,8.783468],[-71.438355,8.785749],[-71.442582,8.78936],[-71.445332,8.791251],[-71.447481,8.794624],[-71.449515,8.798024],[-71.450579,8.798978],[-71.451044,8.799924],[-71.45207,8.797827],[-71.45395,8.794818],[-71.455698,8.792042],[-71.457181,8.789732],[-71.456517,8.788011],[-71.457072,8.786379],[-71.457628,8.784921],[-71.458262,8.78378],[-71.460052,8.782011],[-71.461026,8.779876],[-71.463197,8.777729],[-71.465492,8.7759],[-71.467921,8.774708],[-71.470867,8.773112],[-71.472289,8.772132],[-71.474014,8.771235],[-71.475774,8.770039],[-71.477868,8.768422],[-71.480083,8.766206],[-71.482169,8.765092],[-71.485901,8.761249],[-71.486923,8.758278],[-71.487567,8.752739],[-71.490115,8.747294],[-71.491821,8.744712],[-71.49382,8.742985],[-71.494813,8.741264],[-71.49638,8.739397],[-71.497223,8.736678],[-71.498216,8.734814],[-71.499783,8.73309],[-71.502007,8.730179],[-71.503507,8.728775],[-71.5044,8.726019],[-71.505574,8.724341],[-71.507394,8.722087],[-71.507914,8.718483],[-71.508182,8.715454],[-71.508984,8.713294],[-71.510574,8.711455],[-71.511036,8.709658],[-71.512012,8.706601],[-71.514595,8.70355],[-71.514573,8.696734],[-71.514857,8.691891],[-71.515997,8.686863],[-71.518043,8.683094],[-71.519764,8.678914],[-71.522303,8.677255],[-71.52278,8.674913],[-71.520733,8.671338],[-71.519129,8.668634],[-71.51847,8.665377],[-71.518628,8.662955],[-71.519059,8.659445],[-71.519697,8.657472],[-71.520591,8.655864],[-71.522457,8.654505],[-71.525869,8.652383],[-71.527343,8.651208],[-71.530035,8.648655],[-71.533699,8.646005],[-71.535795,8.644485],[-71.538679,8.643236],[-71.539341,8.641355],[-71.539799,8.640391],[-71.540362,8.637295],[-71.541582,8.63603],[-71.544397,8.635126],[-71.546867,8.634291],[-71.549019,8.634878],[-71.550822,8.63478],[-71.552482,8.63404],[-71.554816,8.633893],[-71.555944,8.633018],[-71.557812,8.632071],[-71.558501,8.631014],[-71.556487,8.630404],[-71.553848,8.629521],[-71.551436,8.627857],[-71.547682,8.625581],[-71.544605,8.625112],[-71.543099,8.624339],[-71.542561,8.622966],[-71.541258,8.620955],[-71.54005,8.619768],[-71.53746,8.619549],[-71.534892,8.618941],[-71.53154,8.618908],[-71.529735,8.618388],[-71.527448,8.618603],[-71.524162,8.617722],[-71.521114,8.618399],[-71.519387,8.61978],[-71.518007,8.621412],[-71.516856,8.622448],[-71.514865,8.621951],[-71.513529,8.622804],[-71.511981,8.623085],[-71.510318,8.623252],[-71.508771,8.623533],[-71.506455,8.622534],[-71.505071,8.623203],[-71.50341,8.623943],[-71.501887,8.624453],[-71.501887,8.624286],[-71.50051,8.624815],[-71.498663,8.624847],[-71.49699,8.624235],[-71.495313,8.623462],[-71.4936,8.62324],[-71.492008,8.623313],[-71.490775,8.624184],[-71.488841,8.625823],[-71.486453,8.627974],[-71.485378,8.628521],[-71.483555,8.628621],[-71.481637,8.62987],[-71.480244,8.630789],[-71.477372,8.630335],[-71.476036,8.629189],[-71.474603,8.627815],[-71.472499,8.626362],[-71.471104,8.625836],[-71.46944,8.624466],[-71.46841,8.623658],[-71.467531,8.622298],[-71.466421,8.622225],[-71.465531,8.622883],[-71.464105,8.623229],[-71.462742,8.623184],[-71.461007,8.623031],[-71.459389,8.622945],[-71.457677,8.622791],[-71.455961,8.623716],[-71.453922,8.625953],[-71.452034,8.627614],[-71.449564,8.62901],[-71.447739,8.630349],[-71.44675,8.63188],[-71.445184,8.632159],[-71.444061,8.632661],[-71.442201,8.633289],[-71.440083,8.63374],[-71.438434,8.633218],[-71.435053,8.630066],[-71.433801,8.628459],[-71.432501,8.628069],[-71.431688,8.627785],[-71.429986,8.626897],[-71.428216,8.627364],[-71.426429,8.628198],[-71.424759,8.627791],[-71.423252,8.627427],[-71.420479,8.627361],[-71.418176,8.627745],[-71.416532,8.628898],[-71.414541,8.629965],[-71.412483,8.62718],[-71.410557,8.623956],[-71.403234,8.61319],[-71.40145,8.610193],[-71.401276,8.608178]]]},"properties":{"Parroquia":"Andrés Bello","Parroquia_pcode":"VE140201","Municipio":"Andrés Bello","Municipio_pcode":"VE1402","Ciudad":"Mérida","adm0_name":"Venezuela (República Bolivariana de)","adm0_pcode":"VE","area_sqkm":399.49902297,"Parroquia_ref_name":"Andres Bello","center_lat":8.7040125,"center_lon":-71.37040202}},{"type":"Feature","geometry":{"type":"Polygon","coordinates":[[[-71.635513,8.554222],[-71.725222,8.504722],[-71.72475,8.503979],[-71.725217,8.500421],[-71.724273,8.499167],[-71.722615,8.498858],[-71.722105,8.497819],[-71.719022,8.496064],[-71.716491,8.494435],[-71.714855,8.493121],[-71.713413,8.492451],[-71.712513,8.491266],[-71.711365,8.489802],[-71.708964,8.48973],[-71.708958,8.487786],[-71.70893,8.485819],[-71.708995,8.483831],[-71.710273,8.481296],[-71.711275,8.480882],[-71.713049,8.481146],[-71.714691,8.479991],[-71.71435,8.478612],[-71.713804,8.477114],[-71.712004,8.475888],[-71.710494,8.474051],[-71.710134,8.472466],[-71.711206,8.469858],[-71.710015,8.469353],[-71.710673,8.467697],[-71.711379,8.465996],[-71.712062,8.464272],[-71.712109,8.463153],[-71.711114,8.461005],[-71.709969,8.459403],[-71.709043,8.458378],[-71.707398,8.457453],[-71.705718,8.456046],[-71.706149,8.453128],[-71.707092,8.450014],[-71.707996,8.446579],[-71.709884,8.44472],[-71.710249,8.442715],[-71.711449,8.440636],[-71.710624,8.439178],[-71.710323,8.435879],[-71.708925,8.432878],[-71.707441,8.431647],[-71.705751,8.430738],[-71.70466,8.429757],[-71.702061,8.427202],[-71.701104,8.425236],[-71.698902,8.423642],[-71.697161,8.421885],[-71.69565,8.419852],[-71.694184,8.41759],[-71.693297,8.415738],[-71.691282,8.414647],[-71.68885,8.413397],[-71.686945,8.411068],[-71.686371,8.407106],[-71.687051,8.404377],[-71.689514,8.402534],[-71.690566,8.400422],[-71.690782,8.397213],[-71.691834,8.395193],[-71.692082,8.393863],[-71.691474,8.392239],[-71.690844,8.391073],[-71.690821,8.391073],[-71.690883,8.390916],[-71.690095,8.390687],[-71.687937,8.391249],[-71.685987,8.393494],[-71.684591,8.396361],[-71.683822,8.398871],[-71.681753,8.400882],[-71.678732,8.401724],[-71.677872,8.401875],[-71.679245,8.398491],[-71.679255,8.39694],[-71.678716,8.395247],[-71.677461,8.393763],[-71.676117,8.392692],[-71.674717,8.389834],[-71.67415,8.387133],[-71.672754,8.384985],[-71.671913,8.382903],[-71.670049,8.380605],[-71.671779,8.380019],[-71.673205,8.379023],[-71.67359,8.377919],[-71.676839,8.376382],[-71.678708,8.375841],[-71.679648,8.37478],[-71.680499,8.374177],[-71.68262,8.373291],[-71.684095,8.372615],[-71.684989,8.371622],[-71.685657,8.371205],[-71.687525,8.370641],[-71.688657,8.370541],[-71.689059,8.370324],[-71.688684,8.369249],[-71.684162,8.365418],[-71.681824,8.364122],[-71.680967,8.363645],[-71.681688,8.359998],[-71.68138,8.358235],[-71.679775,8.355882],[-71.67819,8.352681],[-71.677467,8.351218],[-71.676969,8.348493],[-71.676705,8.346387],[-71.676953,8.345057],[-71.676858,8.344599],[-71.679318,8.342206],[-71.680211,8.340622],[-71.678835,8.337787],[-71.677208,8.335502],[-71.675737,8.33214],[-71.675222,8.330905],[-71.67524,8.32976],[-71.675263,8.329759],[-71.676617,8.328156],[-71.677375,8.325129],[-71.676834,8.320646],[-71.675864,8.31683],[-71.674774,8.312466],[-71.675139,8.309051],[-71.676908,8.306131],[-71.677515,8.30441],[-71.677595,8.302807],[-71.677326,8.300634],[-71.675327,8.30058],[-71.672032,8.299207],[-71.669033,8.297466],[-71.665597,8.295614],[-71.662532,8.294285],[-71.65854,8.291842],[-71.656135,8.289845],[-71.654518,8.28862],[-71.653347,8.288628],[-71.64853,8.289533],[-71.643452,8.289226],[-71.637841,8.288373],[-71.63205,8.288048],[-71.62851,8.287776],[-71.624768,8.288009],[-71.622558,8.287429],[-71.619861,8.286075],[-71.618197,8.284759],[-71.615903,8.282005],[-71.613037,8.279621],[-71.610432,8.278266],[-71.608539,8.277227],[-71.606809,8.27614],[-71.602815,8.273352],[-71.599256,8.27047],[-71.596734,8.267946],[-71.593513,8.267259],[-71.590085,8.266482],[-71.586612,8.265797],[-71.584191,8.264623],[-71.582073,8.263951],[-71.580645,8.263458],[-71.580352,8.264215],[-71.579428,8.266694],[-71.57838,8.267869],[-71.576514,8.27024],[-71.575298,8.273499],[-71.574192,8.276163],[-71.571882,8.277644],[-71.57005,8.278321],[-71.570501,8.280332],[-71.572123,8.282313],[-71.573903,8.283766],[-71.576359,8.286747],[-71.577325,8.290015],[-71.578218,8.292825],[-71.579935,8.295217],[-71.58071,8.300614],[-71.579653,8.303735],[-71.578425,8.305415],[-71.575411,8.311022],[-71.576558,8.313899],[-71.577951,8.31595],[-71.581322,8.318124],[-71.584297,8.319728],[-71.586214,8.324271],[-71.586811,8.327288],[-71.586443,8.330155],[-71.58642,8.330201],[-71.58537,8.332931],[-71.584459,8.335821],[-71.583201,8.3386],[-71.581309,8.344174],[-71.579765,8.350023],[-71.579614,8.352452],[-71.578747,8.354815],[-71.577349,8.357089],[-71.576202,8.358773],[-71.576316,8.358773],[-71.576242,8.361663],[-71.576403,8.364553],[-71.577874,8.368378],[-71.580586,8.375323],[-71.580827,8.378603],[-71.579497,8.383292],[-71.57864,8.388839],[-71.577935,8.390871],[-71.5777,8.391497],[-71.578016,8.39259],[-71.583194,8.401586],[-71.58541,8.401139],[-71.587182,8.400252],[-71.588954,8.399806],[-71.590284,8.399471],[-71.591728,8.400458],[-71.593061,8.401446],[-71.59362,8.402766],[-71.594287,8.403646],[-71.596619,8.404961],[-71.597383,8.407157],[-71.597778,8.408015],[-71.598644,8.408638],[-71.599981,8.408714],[-71.601554,8.408789],[-71.603992,8.409565],[-71.606038,8.409873],[-71.607847,8.410338],[-71.609657,8.411037],[-71.611075,8.412675],[-71.612099,8.413922],[-71.613595,8.414934],[-71.614461,8.416026],[-71.614971,8.416774],[-71.615486,8.417508],[-71.613617,8.418131],[-71.611071,8.419571],[-71.609632,8.420237],[-71.607972,8.421454],[-71.605537,8.423114],[-71.603434,8.424553],[-71.602173,8.425029],[-71.600833,8.425199],[-71.59954,8.42546],[-71.594747,8.427902],[-71.593709,8.428299],[-71.591639,8.429942],[-71.590125,8.431604],[-71.588171,8.433453],[-71.587186,8.434905],[-71.586069,8.437161],[-71.585016,8.438751],[-71.584059,8.440776],[-71.583857,8.441741],[-71.583795,8.442865],[-71.584221,8.444308],[-71.583979,8.446053],[-71.583706,8.446552],[-71.585497,8.446964],[-71.585876,8.448857],[-71.589218,8.450476],[-71.591602,8.449751],[-71.591556,8.448881],[-71.592711,8.448482],[-71.595381,8.44791],[-71.604383,8.450494],[-71.609073,8.452732],[-71.611308,8.453088],[-71.612765,8.453132],[-71.61944,8.449785],[-71.624938,8.445174],[-71.627434,8.443946],[-71.632998,8.444402],[-71.633958,8.445516],[-71.635986,8.445677],[-71.63882,8.44692],[-71.64071,8.448322],[-71.641184,8.449571],[-71.641029,8.450977],[-71.640244,8.452228],[-71.640561,8.453477],[-71.640879,8.455663],[-71.641828,8.458473],[-71.642617,8.460345],[-71.64262,8.46222],[-71.642308,8.463782],[-71.639794,8.465506],[-71.639325,8.467225],[-71.637759,8.471289],[-71.637133,8.473165],[-71.635877,8.474886],[-71.634778,8.476138],[-71.634624,8.478169],[-71.633841,8.479889],[-71.631482,8.480831],[-71.629757,8.484271],[-71.627404,8.488181],[-71.62615,8.490684],[-71.625836,8.491465],[-71.625365,8.492091],[-71.622853,8.494908],[-71.62207,8.497096],[-71.621286,8.498504],[-71.62365,8.501466],[-71.626488,8.505053],[-71.626335,8.507865],[-71.62607,8.510855],[-71.625947,8.510706],[-71.626923,8.511894],[-71.628298,8.514065],[-71.629116,8.516077],[-71.63112,8.519735],[-71.63274,8.52486],[-71.63534,8.537084],[-71.634905,8.538277],[-71.634244,8.540114],[-71.633193,8.542707],[-71.634059,8.544628],[-71.634554,8.546848],[-71.635513,8.554222]]]},"properties":{"Parroquia":"Capital Pinto Salinas","Parroquia_pcode":"VE140301","Municipio":"Antonio Pinto Salinas","Municipio_pcode":"VE1403","Ciudad":"Mérida","adm0_name":"Venezuela (República Bolivariana de)","adm0_pcode":"VE","area_sqkm":284.53770312,"Parroquia_ref_name":"Capital Pinto Salinas","center_lat":8.409177,"center_lon":-71.64472202}},{"type":"Feature","geometry":{"type":"Polygon","coordinates":[[[-71.584363,8.515482],[-71.584362,8.514665],[-71.587462,8.512281],[-71.591449,8.509543],[-71.593842,8.50857],[-71.59526,8.507598],[-71.596501,8.506979],[-71.598363,8.506975],[-71.600049,8.507588],[-71.602269,8.509257],[-71.606092,8.513828],[-71.610447,8.519455],[-71.611246,8.52007],[-71.612664,8.519274],[-71.614438,8.519095],[-71.616832,8.519178],[-71.618785,8.519878],[-71.619761,8.519876],[-71.620381,8.519522],[-71.621708,8.517582],[-71.623746,8.516081],[-71.624985,8.514757],[-71.625161,8.513788],[-71.625425,8.512378],[-71.625423,8.511234],[-71.625949,8.511167],[-71.625947,8.510706],[-71.62607,8.510855],[-71.626335,8.507865],[-71.626488,8.505053],[-71.62365,8.501466],[-71.621286,8.498504],[-71.62207,8.497096],[-71.622853,8.494908],[-71.625365,8.492091],[-71.625836,8.491465],[-71.62615,8.490684],[-71.627404,8.488181],[-71.629757,8.484271],[-71.631482,8.480831],[-71.633841,8.479889],[-71.634624,8.478169],[-71.634778,8.476138],[-71.635877,8.474886],[-71.637133,8.473165],[-71.637759,8.471289],[-71.639325,8.467225],[-71.639794,8.465506],[-71.642308,8.463782],[-71.64262,8.46222],[-71.642617,8.460345],[-71.641828,8.458473],[-71.640879,8.455663],[-71.640561,8.453477],[-71.640244,8.452228],[-71.641029,8.450977],[-71.641184,8.449571],[-71.64071,8.448322],[-71.63882,8.44692],[-71.635986,8.445677],[-71.633958,8.445516],[-71.632998,8.444402],[-71.627434,8.443946],[-71.624938,8.445174],[-71.61944,8.449785],[-71.612765,8.453132],[-71.611308,8.453088],[-71.609073,8.452732],[-71.604383,8.450494],[-71.595381,8.44791],[-71.592711,8.448482],[-71.591556,8.448881],[-71.591602,8.449751],[-71.589218,8.450476],[-71.585876,8.448857],[-71.585497,8.446964],[-71.583706,8.446552],[-71.5835,8.446505],[-71.582252,8.44716],[-71.582378,8.447414],[-71.581619,8.44815],[-71.580214,8.449118],[-71.579569,8.449555],[-71.57911,8.450268],[-71.578171,8.451875],[-71.576049,8.452731],[-71.574505,8.453516],[-71.572573,8.455334],[-71.57147,8.456758],[-71.570923,8.458273],[-71.57082,8.461206],[-71.570601,8.463681],[-71.570907,8.464894],[-71.572192,8.468166],[-71.573081,8.470568],[-71.572955,8.473318],[-71.572159,8.476185],[-71.571567,8.477884],[-71.57012,8.479952],[-71.570037,8.480305],[-71.570007,8.480433],[-71.571191,8.48162],[-71.571433,8.484117],[-71.57251,8.487068],[-71.57432,8.488986],[-71.576385,8.490719],[-71.576946,8.492183],[-71.577657,8.496121],[-71.57843,8.498341],[-71.579826,8.50042],[-71.581594,8.502933],[-71.582731,8.503822],[-71.582573,8.504785],[-71.582136,8.505222],[-71.581885,8.505888],[-71.582611,8.507993],[-71.583383,8.509937],[-71.583575,8.51154],[-71.583786,8.512273],[-71.583398,8.513191],[-71.583565,8.514496],[-71.584123,8.515112],[-71.584344,8.515474],[-71.584363,8.515482]]]},"properties":{"Parroquia":"Mesa de Bolívar","Parroquia_pcode":"VE140302","Municipio":"Antonio Pinto Salinas","Municipio_pcode":"VE1403","Ciudad":"Mérida","adm0_name":"Venezuela (República Bolivariana de)","adm0_pcode":"VE","area_sqkm":45.27913555,"Parroquia_ref_name":"Mesa de Bolivar","center_lat":8.4828685,"center_lon":-71.60088614}},{"type":"Feature","geometry":{"type":"Polygon","coordinates":[[[-71.576202,8.358773],[-71.575628,8.359616],[-71.574384,8.3604],[-71.573179,8.360248],[-71.573015,8.36042],[-71.571842,8.360156],[-71.568795,8.360696],[-71.56547,8.360915],[-71.562977,8.361314],[-71.559888,8.362586],[-71.558554,8.36392],[-71.555859,8.365465],[-71.554245,8.366181],[-71.552656,8.367264],[-71.552108,8.368549],[-71.55297,8.37031],[-71.553537,8.373103],[-71.55348,8.375784],[-71.553678,8.378786],[-71.552785,8.380623],[-71.55021,8.383405],[-71.547868,8.386575],[-71.549052,8.387923],[-71.549614,8.389548],[-71.551934,8.391807],[-71.554968,8.393583],[-71.556686,8.395501],[-71.560302,8.398282],[-71.562093,8.401208],[-71.56224,8.402926],[-71.562272,8.405011],[-71.563164,8.408078],[-71.563912,8.410183],[-71.582252,8.44716],[-71.5835,8.446505],[-71.583706,8.446552],[-71.583979,8.446053],[-71.584221,8.444308],[-71.583795,8.442865],[-71.583857,8.441741],[-71.584059,8.440776],[-71.585016,8.438751],[-71.586069,8.437161],[-71.587186,8.434905],[-71.588171,8.433453],[-71.590125,8.431604],[-71.591639,8.429942],[-71.593709,8.428299],[-71.594747,8.427902],[-71.59954,8.42546],[-71.600833,8.425199],[-71.602173,8.425029],[-71.603434,8.424553],[-71.605537,8.423114],[-71.607972,8.421454],[-71.609632,8.420237],[-71.611071,8.419571],[-71.613617,8.418131],[-71.615486,8.417508],[-71.614971,8.416774],[-71.614461,8.416026],[-71.613595,8.414934],[-71.612099,8.413922],[-71.611075,8.412675],[-71.609657,8.411037],[-71.607847,8.410338],[-71.606038,8.409873],[-71.603992,8.409565],[-71.601554,8.408789],[-71.599981,8.408714],[-71.598644,8.408638],[-71.597778,8.408015],[-71.597383,8.407157],[-71.596619,8.404961],[-71.594287,8.403646],[-71.59362,8.402766],[-71.593061,8.401446],[-71.591728,8.400458],[-71.590284,8.399471],[-71.588954,8.399806],[-71.587182,8.400252],[-71.58541,8.401139],[-71.583194,8.401586],[-71.578016,8.39259],[-71.5777,8.391497],[-71.577935,8.390871],[-71.57864,8.388839],[-71.579497,8.383292],[-71.580827,8.378603],[-71.580586,8.375323],[-71.577874,8.368378],[-71.576403,8.364553],[-71.576242,8.361663],[-71.576316,8.358773],[-71.576202,8.358773]]]},"properties":{"Parroquia":"Mesa de las Palmas","Parroquia_pcode":"VE140303","Municipio":"Antonio Pinto Salinas","Municipio_pcode":"VE1403","Ciudad":"Mérida","adm0_name":"Venezuela (República Bolivariana de)","adm0_pcode":"VE","area_sqkm":26.97934024,"Parroquia_ref_name":"Mesa de las Palmas","center_lat":8.403286,"center_lon":-71.57812983}},{"type":"Feature","geometry":{"type":"Polygon","coordinates":[[[-70.910974,8.302432],[-70.915544,8.299616],[-70.917943,8.297231],[-70.926821,8.288401],[-70.932455,8.295151],[-70.93124,8.298089],[-70.936631,8.305082],[-70.958144,8.312098],[-70.962789,8.313655],[-70.965238,8.316901],[-70.97672,8.316354],[-70.975515,8.323483],[-70.98212,8.327784],[-70.992393,8.333626],[-71.000971,8.345849],[-71.00805,8.343502],[-71.015377,8.342886],[-71.021981,8.346201],[-71.026623,8.346279],[-71.028339,8.34902],[-71.042014,8.346291],[-71.050098,8.356534],[-71.059653,8.369266],[-71.068701,8.372869],[-71.082703,8.374449],[-71.083332,8.373425],[-71.084066,8.37173],[-71.08648,8.372491],[-71.08822,8.371591],[-71.090198,8.368279],[-71.093957,8.368057],[-71.096574,8.368541],[-71.101595,8.370661],[-71.105852,8.371233],[-71.108828,8.373868],[-71.112005,8.376179],[-71.115285,8.380529],[-71.119807,8.385959],[-71.122097,8.386243],[-71.127448,8.383127],[-71.13165,8.381659],[-71.135319,8.381575],[-71.136948,8.380975],[-71.136968,8.377947],[-71.136703,8.375864],[-71.136724,8.372972],[-71.138379,8.369665],[-71.140842,8.366459],[-71.144364,8.364428],[-71.145829,8.365115],[-71.149424,8.364689],[-71.152096,8.36437],[-71.154819,8.364325],[-71.157423,8.363983],[-71.15925,8.362783],[-71.162009,8.360673],[-71.164614,8.35907],[-71.166978,8.356829],[-71.16914,8.353583],[-71.170636,8.351929],[-71.170087,8.349438],[-71.167965,8.346744],[-71.167385,8.345148],[-71.166964,8.34199],[-71.166409,8.339132],[-71.166471,8.335897],[-71.16846,8.33474],[-71.171756,8.333033],[-71.17406,8.331389],[-71.17499,8.33041],[-71.175928,8.329867],[-71.178385,8.330492],[-71.180042,8.326936],[-71.181609,8.324557],[-71.183267,8.322016],[-71.183705,8.317771],[-71.18595,8.309952],[-71.186962,8.305402],[-71.186336,8.303117],[-71.183975,8.300624],[-71.184164,8.296863],[-71.18554,8.29389],[-71.186447,8.290349],[-71.186851,8.28725],[-71.189138,8.283143],[-71.19043,8.278842],[-71.191764,8.276328],[-71.193717,8.273188],[-71.194814,8.270127],[-71.197177,8.266569],[-71.19946,8.264227],[-71.202458,8.261716],[-71.205489,8.260145],[-71.207397,8.257257],[-71.208296,8.255046],[-71.209603,8.254229],[-71.210727,8.253527],[-71.211498,8.252258],[-71.212929,8.250154],[-71.215621,8.247188],[-71.218142,8.245371],[-71.217973,8.242737],[-71.216815,8.238282],[-71.216262,8.234278],[-71.216708,8.230812],[-71.219412,8.224821],[-71.210793,8.218289],[-71.207564,8.216402],[-71.205799,8.213926],[-71.206226,8.209034],[-71.207243,8.205599],[-71.209214,8.202818],[-71.209206,8.199532],[-71.208469,8.198148],[-71.207365,8.196254],[-71.206484,8.19538],[-71.20509,8.194655],[-71.203767,8.193273],[-71.202372,8.192182],[-71.201197,8.191164],[-71.199801,8.189709],[-71.1976,8.18884],[-71.19584,8.188189],[-71.194959,8.187316],[-71.193199,8.186665],[-71.190634,8.186381],[-71.188582,8.186388],[-71.186898,8.186905],[-71.184922,8.187495],[-71.183823,8.187572],[-71.181404,8.187361],[-71.180231,8.186854],[-71.178249,8.185838],[-71.176783,8.185551],[-71.175317,8.18541],[-71.173483,8.184321],[-71.17253,8.184324],[-71.171136,8.183525],[-71.16974,8.181851],[-71.169152,8.181196],[-71.167905,8.180543],[-71.166511,8.179963],[-71.165703,8.178944],[-71.16526,8.17785],[-71.164672,8.176903],[-71.164231,8.176466],[-71.163863,8.175518],[-71.16364,8.174424],[-71.163199,8.173769],[-71.162099,8.173261],[-71.161804,8.172605],[-71.160702,8.171586],[-71.159822,8.171297],[-71.158283,8.170791],[-71.157842,8.170501],[-71.157548,8.169991],[-71.156665,8.168825],[-71.154901,8.166714],[-71.153139,8.164894],[-71.152255,8.163291],[-71.151815,8.162855],[-71.150935,8.162419],[-71.148954,8.161404],[-71.148219,8.160457],[-71.147704,8.159656],[-71.147627,8.158196],[-71.14792,8.158122],[-71.148725,8.157535],[-71.148723,8.157024],[-71.148721,8.156075],[-71.149012,8.155344],[-71.149305,8.155051],[-71.149745,8.155123],[-71.150404,8.15534],[-71.151503,8.155044],[-71.152234,8.154385],[-71.1526,8.154384],[-71.152967,8.154601],[-71.153481,8.154892],[-71.154579,8.154815],[-71.15531,8.15401],[-71.15626,8.153204],[-71.157286,8.152981],[-71.15787,8.15225],[-71.158159,8.150716],[-71.158965,8.150129],[-71.15955,8.149689],[-71.160645,8.148371],[-71.160788,8.146619],[-71.160933,8.145961],[-71.161225,8.145522],[-71.161517,8.145229],[-71.161955,8.144571],[-71.16254,8.144204],[-71.163345,8.143982],[-71.163417,8.143324],[-71.163196,8.142595],[-71.163341,8.142302],[-71.163927,8.142082],[-71.165173,8.142297],[-71.166198,8.141928],[-71.166563,8.141562],[-71.166561,8.140832],[-71.166559,8.139956],[-71.166704,8.139298],[-71.167216,8.139078],[-71.168242,8.139074],[-71.168681,8.139073],[-71.168827,8.138635],[-71.168826,8.138197],[-71.168604,8.137321],[-71.168749,8.13681],[-71.169261,8.13637],[-71.169918,8.135419],[-71.170063,8.134688],[-71.169914,8.133886],[-71.169986,8.133156],[-71.17057,8.132278],[-71.17093,8.12994],[-71.171952,8.12855],[-71.172095,8.127162],[-71.172312,8.125702],[-71.172895,8.124459],[-71.173548,8.122193],[-71.173765,8.120733],[-71.173763,8.11993],[-71.174275,8.119636],[-71.174785,8.118466],[-71.174928,8.117079],[-71.174849,8.114889],[-71.174622,8.111824],[-71.174912,8.110728],[-71.175277,8.110361],[-71.176593,8.109335],[-71.176738,8.108386],[-71.176588,8.107291],[-71.176293,8.106489],[-71.175338,8.105105],[-71.174823,8.10445],[-71.173354,8.102848],[-71.17306,8.102265],[-71.171732,8.0984],[-71.171217,8.097379],[-71.170704,8.097234],[-71.169971,8.097237],[-71.169312,8.097239],[-71.169018,8.096948],[-71.168357,8.096293],[-71.168282,8.095636],[-71.167767,8.094689],[-71.16652,8.09389],[-71.165638,8.093089],[-71.165564,8.092725],[-71.165415,8.091703],[-71.164827,8.090902],[-71.16424,8.090393],[-71.164164,8.089517],[-71.163502,8.088424],[-71.163062,8.087914],[-71.162768,8.087769],[-71.161816,8.087553],[-71.160715,8.086754],[-71.159907,8.08588],[-71.159612,8.085224],[-71.159024,8.084423],[-71.157775,8.082821],[-71.156819,8.081291],[-71.15667,8.080196],[-71.15608,8.078446],[-71.155566,8.077791],[-71.154612,8.077137],[-71.153658,8.076555],[-71.153363,8.075607],[-71.152995,8.074659],[-71.152405,8.073274],[-71.151377,8.07189],[-71.149835,8.070362],[-71.148221,8.069637],[-71.147489,8.069566],[-71.146537,8.069642],[-71.145949,8.068914],[-71.145361,8.068113],[-71.144481,8.067678],[-71.143087,8.067025],[-71.141471,8.065278],[-71.140515,8.063675],[-71.140293,8.062434],[-71.140364,8.061485],[-71.140507,8.059952],[-71.140356,8.0582],[-71.140061,8.057398],[-71.139473,8.056378],[-71.139471,8.055574],[-71.140346,8.053966],[-71.141223,8.053087],[-71.141074,8.052065],[-71.140853,8.051336],[-71.139824,8.050025],[-71.138503,8.048642],[-71.137622,8.048134],[-71.136597,8.047991],[-71.135058,8.047704],[-71.134397,8.047049],[-71.133364,8.046073],[-71.132856,8.045593],[-71.130789,8.044404],[-71.129702,8.043778],[-71.128968,8.043123],[-71.128966,8.042393],[-71.129843,8.041295],[-71.131233,8.04056],[-71.131817,8.039901],[-71.132181,8.038951],[-71.132472,8.038147],[-71.132544,8.037344],[-71.132468,8.036395],[-71.132174,8.035885],[-71.131219,8.034792],[-71.130486,8.034211],[-71.130138,8.033089],[-71.130057,8.03315],[-71.129425,8.033626],[-71.129051,8.033908],[-71.128454,8.034978],[-71.128296,8.035294],[-71.127815,8.036257],[-71.126671,8.038534],[-71.125553,8.03909],[-71.123216,8.038941],[-71.121575,8.03889],[-71.120845,8.03737],[-71.11999,8.035532],[-71.119397,8.035294],[-71.117728,8.034624],[-71.117339,8.035294],[-71.11662,8.036533],[-71.11523,8.039161],[-71.11412,8.038179],[-71.111951,8.037337],[-71.109473,8.037054],[-71.108783,8.038104],[-71.111349,8.04006],[-71.111462,8.040907],[-71.11052,8.042032],[-71.1078,8.044119],[-71.106635,8.043689],[-71.104742,8.042817],[-71.103817,8.043689],[-71.103723,8.045482],[-71.103435,8.046912],[-71.103337,8.049486],[-71.102625,8.051524],[-71.10288,8.054341],[-71.102058,8.055669],[-71.099742,8.057333],[-71.097224,8.058222],[-71.095216,8.059235],[-71.094578,8.061454],[-71.095021,8.063463],[-71.095313,8.064994],[-71.09432,8.068737],[-71.095168,8.070323],[-71.094837,8.071915],[-71.094402,8.0739],[-71.0932,8.072942],[-71.091027,8.070081],[-71.089187,8.070424],[-71.087036,8.072176],[-71.084462,8.072675],[-71.082787,8.07313],[-71.081536,8.074859],[-71.080628,8.076465],[-71.079768,8.077152],[-71.078697,8.077752],[-71.076842,8.078395],[-71.074803,8.079088],[-71.074363,8.082794],[-71.07347,8.084033],[-71.070424,8.087],[-71.069465,8.089343],[-71.070402,8.090766],[-71.068574,8.09065],[-71.067066,8.091353],[-71.065362,8.092474],[-71.062954,8.096022],[-71.061598,8.097203],[-71.060661,8.09858],[-71.060358,8.099391],[-71.059146,8.09988],[-71.059272,8.101254],[-71.057898,8.101747],[-71.056799,8.1012],[-71.056325,8.101648],[-71.056568,8.103088],[-71.056687,8.105082],[-71.056826,8.10602],[-71.055835,8.106136],[-71.054681,8.106164],[-71.053605,8.106581],[-71.05344,8.108306],[-71.052507,8.109799],[-71.051361,8.110194],[-71.048828,8.110509],[-71.047958,8.111769],[-71.046666,8.113729],[-71.045011,8.115974],[-71.045643,8.117198],[-71.045931,8.118568],[-71.045896,8.119969],[-71.046335,8.12184],[-71.046857,8.124261],[-71.045885,8.125111],[-71.044822,8.125114],[-71.044303,8.125586],[-71.045047,8.126738],[-71.045417,8.12767],[-71.044555,8.131136],[-71.043356,8.131211],[-71.04345,8.132242],[-71.04438,8.133389],[-71.045673,8.134299],[-71.046762,8.135374],[-71.047478,8.138157],[-71.046437,8.140891],[-71.047098,8.144272],[-71.046006,8.144964],[-71.045313,8.145922],[-71.044908,8.145906],[-71.04491,8.145921],[-71.044965,8.146324],[-71.044149,8.147777],[-71.043111,8.147881],[-71.042677,8.148344],[-71.042696,8.15004],[-71.042218,8.150779],[-71.042581,8.152265],[-71.042937,8.153155],[-71.041136,8.155376],[-71.039971,8.156604],[-71.037897,8.157017],[-71.036988,8.158403],[-71.036642,8.16063],[-71.035345,8.162433],[-71.033236,8.163878],[-71.030594,8.165146],[-71.027746,8.1666],[-71.024949,8.168534],[-71.023279,8.170043],[-71.021911,8.171641],[-71.020593,8.173674],[-71.018945,8.175091],[-71.018194,8.176154],[-71.018317,8.179017],[-71.018402,8.180483],[-71.016649,8.180687],[-71.014644,8.181053],[-71.013913,8.181772],[-71.012702,8.183001],[-71.013554,8.184939],[-71.0144,8.186328],[-71.013347,8.187211],[-71.012622,8.188503],[-71.012865,8.189669],[-71.012466,8.191209],[-71.012613,8.19201],[-71.012074,8.193414],[-71.011231,8.194616],[-71.010595,8.195632],[-71.009462,8.197639],[-71.009429,8.1989],[-71.009974,8.200131],[-71.01084,8.201107],[-71.012455,8.203083],[-71.013741,8.204627],[-71.015593,8.20715],[-71.017335,8.210201],[-71.018837,8.212407],[-71.020873,8.214883],[-71.022696,8.216902],[-71.022135,8.218468],[-71.021141,8.220519],[-71.021631,8.221018],[-71.023464,8.221776],[-71.024192,8.222845],[-71.025099,8.22343],[-71.026861,8.224029],[-71.027032,8.224921],[-71.026974,8.225999],[-71.02623,8.227681],[-71.025433,8.228744],[-71.024025,8.230984],[-71.023663,8.231699],[-71.023841,8.233209],[-71.024778,8.23439],[-71.026017,8.235752],[-71.026407,8.237718],[-71.027255,8.239175],[-71.028144,8.240311],[-71.028926,8.242113],[-71.030142,8.243429],[-71.030083,8.243425],[-71.030008,8.24342],[-71.018331,8.24261],[-71.014426,8.244024],[-71.011146,8.247778],[-71.010469,8.248553],[-71.007846,8.251555],[-71.001627,8.258865],[-71.001023,8.259575],[-70.994928,8.264895],[-70.984672,8.266941],[-70.975144,8.267028],[-70.969269,8.26126],[-70.966555,8.249382],[-70.966011,8.248553],[-70.963614,8.244896],[-70.960189,8.242866],[-70.950665,8.244925],[-70.943437,8.248553],[-70.941637,8.249457],[-70.935794,8.258479],[-70.926277,8.263496],[-70.910161,8.266676],[-70.908698,8.267637],[-70.906751,8.271302],[-70.910679,8.279749],[-70.911424,8.285431],[-70.909967,8.289351],[-70.907779,8.294244],[-70.90828,8.299675],[-70.910974,8.302432]]]},"properties":{"Parroquia":"Capital Aricagua","Parroquia_pcode":"VE140401","Municipio":"Aricagua","Municipio_pcode":"VE1404","Ciudad":"Mérida","adm0_name":"Venezuela (República Bolivariana de)","adm0_pcode":"VE","area_sqkm":643.95304747,"Parroquia_ref_name":"Capital Aricagua","center_lat":8.20961768,"center_lon":-71.11158831}},{"type":"Feature","geometry":{"type":"Polygon","coordinates":[[[-71.130138,8.033089],[-71.130486,8.034211],[-71.131219,8.034792],[-71.132174,8.035885],[-71.132468,8.036395],[-71.132544,8.037344],[-71.132472,8.038147],[-71.132181,8.038951],[-71.131817,8.039901],[-71.131233,8.04056],[-71.129843,8.041295],[-71.128966,8.042393],[-71.128968,8.043123],[-71.129702,8.043778],[-71.130789,8.044404],[-71.132856,8.045593],[-71.133364,8.046073],[-71.134397,8.047049],[-71.135058,8.047704],[-71.136597,8.047991],[-71.137622,8.048134],[-71.138503,8.048642],[-71.139824,8.050025],[-71.140853,8.051336],[-71.141074,8.052065],[-71.141223,8.053087],[-71.140346,8.053966],[-71.139471,8.055574],[-71.139473,8.056378],[-71.140061,8.057398],[-71.140356,8.0582],[-71.140507,8.059952],[-71.140364,8.061485],[-71.140293,8.062434],[-71.140515,8.063675],[-71.141471,8.065278],[-71.143087,8.067025],[-71.144481,8.067678],[-71.145361,8.068113],[-71.145949,8.068914],[-71.146537,8.069642],[-71.147489,8.069566],[-71.148221,8.069637],[-71.149835,8.070362],[-71.151377,8.07189],[-71.152405,8.073274],[-71.152995,8.074659],[-71.153363,8.075607],[-71.153658,8.076555],[-71.154612,8.077137],[-71.155566,8.077791],[-71.15608,8.078446],[-71.15667,8.080196],[-71.156819,8.081291],[-71.157775,8.082821],[-71.159024,8.084423],[-71.159612,8.085224],[-71.159907,8.08588],[-71.160715,8.086754],[-71.161816,8.087553],[-71.162768,8.087769],[-71.163062,8.087914],[-71.163502,8.088424],[-71.164164,8.089517],[-71.16424,8.090393],[-71.164827,8.090902],[-71.165415,8.091703],[-71.165564,8.092725],[-71.165638,8.093089],[-71.16652,8.09389],[-71.167767,8.094689],[-71.168282,8.095636],[-71.168357,8.096293],[-71.169018,8.096948],[-71.169312,8.097239],[-71.169971,8.097237],[-71.170704,8.097234],[-71.171217,8.097379],[-71.171732,8.0984],[-71.17306,8.102265],[-71.173354,8.102848],[-71.174823,8.10445],[-71.175338,8.105105],[-71.176293,8.106489],[-71.176588,8.107291],[-71.176738,8.108386],[-71.176593,8.109335],[-71.175277,8.110361],[-71.174912,8.110728],[-71.174622,8.111824],[-71.174849,8.114889],[-71.174928,8.117079],[-71.174785,8.118466],[-71.174275,8.119636],[-71.173763,8.11993],[-71.173765,8.120733],[-71.173548,8.122193],[-71.172895,8.124459],[-71.172312,8.125702],[-71.172095,8.127162],[-71.171952,8.12855],[-71.17093,8.12994],[-71.17057,8.132278],[-71.169986,8.133156],[-71.169914,8.133886],[-71.170063,8.134688],[-71.169918,8.135419],[-71.169261,8.13637],[-71.168749,8.13681],[-71.168604,8.137321],[-71.168826,8.138197],[-71.168827,8.138635],[-71.168681,8.139073],[-71.168242,8.139074],[-71.167216,8.139078],[-71.166704,8.139298],[-71.166559,8.139956],[-71.166561,8.140832],[-71.166563,8.141562],[-71.166198,8.141928],[-71.165173,8.142297],[-71.163927,8.142082],[-71.163341,8.142302],[-71.163196,8.142595],[-71.163417,8.143324],[-71.163345,8.143982],[-71.16254,8.144204],[-71.161955,8.144571],[-71.161517,8.145229],[-71.161225,8.145522],[-71.160933,8.145961],[-71.160788,8.146619],[-71.160645,8.148371],[-71.15955,8.149689],[-71.158965,8.150129],[-71.158159,8.150716],[-71.15787,8.15225],[-71.157286,8.152981],[-71.15626,8.153204],[-71.15531,8.15401],[-71.154579,8.154815],[-71.153481,8.154892],[-71.152967,8.154601],[-71.1526,8.154384],[-71.152234,8.154385],[-71.151503,8.155044],[-71.150404,8.15534],[-71.149745,8.155123],[-71.149305,8.155051],[-71.149012,8.155344],[-71.148721,8.156075],[-71.148723,8.157024],[-71.148725,8.157535],[-71.14792,8.158122],[-71.147627,8.158196],[-71.147704,8.159656],[-71.148219,8.160457],[-71.148954,8.161404],[-71.150935,8.162419],[-71.151815,8.162855],[-71.152255,8.163291],[-71.153139,8.164894],[-71.154901,8.166714],[-71.156665,8.168825],[-71.157548,8.169991],[-71.157842,8.170501],[-71.158283,8.170791],[-71.159822,8.171297],[-71.160702,8.171586],[-71.161804,8.172605],[-71.162099,8.173261],[-71.163199,8.173769],[-71.16364,8.174424],[-71.163863,8.175518],[-71.164231,8.176466],[-71.164672,8.176903],[-71.16526,8.17785],[-71.165703,8.178944],[-71.166511,8.179963],[-71.167905,8.180543],[-71.169152,8.181196],[-71.16974,8.181851],[-71.171136,8.183525],[-71.17253,8.184324],[-71.173483,8.184321],[-71.175317,8.18541],[-71.176783,8.185551],[-71.178249,8.185838],[-71.180231,8.186854],[-71.181404,8.187361],[-71.183823,8.187572],[-71.184922,8.187495],[-71.186898,8.186905],[-71.188582,8.186388],[-71.190634,8.186381],[-71.193199,8.186665],[-71.194959,8.187316],[-71.19584,8.188189],[-71.1976,8.18884],[-71.199801,8.189709],[-71.201197,8.191164],[-71.202372,8.192182],[-71.203767,8.193273],[-71.20509,8.194655],[-71.206484,8.19538],[-71.207365,8.196254],[-71.208469,8.198148],[-71.209206,8.199532],[-71.209214,8.202818],[-71.207243,8.205599],[-71.206226,8.209034],[-71.205799,8.213926],[-71.207564,8.216402],[-71.210793,8.218289],[-71.219412,8.224821],[-71.222424,8.22153],[-71.225115,8.21845],[-71.226807,8.216963],[-71.229681,8.215829],[-71.235274,8.214157],[-71.237366,8.213307],[-71.238426,8.21098],[-71.239194,8.205401],[-71.240877,8.201049],[-71.242735,8.19791],[-71.24347,8.195472],[-71.24786,8.191569],[-71.253901,8.182513],[-71.258145,8.177947],[-71.261214,8.173693],[-71.263962,8.167564],[-71.267885,8.163253],[-71.270285,8.16107],[-71.268128,8.158254],[-71.265196,8.15217],[-71.262499,8.148467],[-71.259236,8.143694],[-71.255838,8.139334],[-71.253153,8.136685],[-71.250653,8.134102],[-71.248684,8.131513],[-71.248332,8.128927],[-71.248795,8.126928],[-71.249783,8.12451],[-71.250381,8.122234],[-71.250428,8.120262],[-71.248537,8.118383],[-71.246739,8.116571],[-71.245446,8.116586],[-71.242478,8.11747],[-71.240637,8.115956],[-71.238336,8.11259],[-71.236771,8.111005],[-71.23553,8.109461],[-71.233782,8.107992],[-71.232388,8.107253],[-71.230333,8.105146],[-71.228904,8.103352],[-71.227817,8.103182],[-71.227536,8.10275],[-71.227755,8.101739],[-71.229482,8.101328],[-71.230143,8.098456],[-71.230445,8.096619],[-71.231581,8.09287],[-71.231827,8.090139],[-71.231922,8.088259],[-71.231812,8.086725],[-71.232804,8.084536],[-71.233363,8.082971],[-71.232926,8.081005],[-71.232956,8.077498],[-71.232225,8.074046],[-71.232438,8.072485],[-71.234459,8.06939],[-71.234514,8.066112],[-71.235525,8.063624],[-71.237089,8.061038],[-71.237356,8.060141],[-71.237259,8.055513],[-71.237455,8.054457],[-71.239334,8.053265],[-71.241613,8.052688],[-71.243314,8.049941],[-71.24442,8.047727],[-71.246289,8.045482],[-71.247268,8.044279],[-71.24862,8.043323],[-71.250254,8.040897],[-71.252004,8.040441],[-71.254586,8.038118],[-71.256538,8.037224],[-71.25821,8.036036],[-71.259567,8.035584],[-71.260771,8.033874],[-71.263089,8.032654],[-71.264296,8.033236],[-71.265252,8.034095],[-71.265603,8.034504],[-71.266405,8.034036],[-71.266293,8.032272],[-71.266114,8.030647],[-71.266076,8.029319],[-71.268134,8.027621],[-71.268855,8.026031],[-71.26945,8.023502],[-71.270022,8.020974],[-71.271307,8.0183],[-71.272961,8.015393],[-71.274085,8.012721],[-71.274428,8.010425],[-71.27505,8.008218],[-71.275978,8.006603],[-71.276122,8.005019],[-71.277234,8.003333],[-71.277441,8.001245],[-71.278352,8.000089],[-71.278552,7.999399],[-71.27808,7.99851],[-71.277727,7.997873],[-71.278645,7.997449],[-71.279008,7.996895],[-71.279445,7.996039],[-71.280489,7.994804],[-71.281808,7.99396],[-71.282918,7.993528],[-71.283429,7.99275],[-71.283597,7.991442],[-71.284502,7.990459],[-71.28497,7.989038],[-71.285323,7.987547],[-71.285952,7.986242],[-71.286765,7.98512],[-71.28712,7.983377],[-71.286547,7.98248],[-71.286372,7.980482],[-71.286499,7.978209],[-71.286508,7.976212],[-71.28672,7.975295],[-71.2876,7.974633],[-71.287859,7.973601],[-71.287099,7.973231],[-71.286666,7.97215],[-71.28589,7.970402],[-71.285456,7.969459],[-71.286244,7.968774],[-71.287536,7.968871],[-71.2895,7.968283],[-71.290614,7.966887],[-71.290421,7.963902],[-71.290383,7.962043],[-71.291314,7.960394],[-71.29315,7.957693],[-71.293236,7.954227],[-71.293151,7.95262],[-71.293508,7.950418],[-71.293654,7.948766],[-71.293013,7.947776],[-71.292882,7.946215],[-71.293587,7.943693],[-71.293896,7.941606],[-71.29372,7.93986],[-71.291928,7.938407],[-71.289866,7.9353],[-71.28884,7.932954],[-71.288137,7.930448],[-71.288541,7.927994],[-71.289819,7.925979],[-71.290865,7.924331],[-71.291568,7.922222],[-71.290813,7.920934],[-71.290703,7.920294],[-71.290521,7.919234],[-71.29039,7.917604],[-71.290024,7.916379],[-71.289868,7.915857],[-71.289523,7.915394],[-71.289318,7.91512],[-71.288924,7.913998],[-71.287756,7.914589],[-71.286363,7.913081],[-71.285231,7.910903],[-71.283694,7.910224],[-71.283091,7.909055],[-71.282772,7.908484],[-71.282777,7.907483],[-71.282833,7.907393],[-71.282854,7.906616],[-71.28229,7.905045],[-71.281093,7.905162],[-71.279814,7.906818],[-71.278028,7.907407],[-71.275546,7.906748],[-71.273063,7.907122],[-71.272346,7.908078],[-71.271621,7.9097],[-71.270373,7.910645],[-71.269998,7.909345],[-71.270001,7.907371],[-71.269468,7.906189],[-71.268664,7.905265],[-71.26691,7.906289],[-71.26605,7.908097],[-71.265862,7.910029],[-71.266415,7.911096],[-71.26764,7.91224],[-71.267115,7.913559],[-71.266525,7.915086],[-71.267214,7.917068],[-71.266942,7.918336],[-71.265692,7.91811],[-71.264879,7.916819],[-71.26411,7.917524],[-71.262541,7.917511],[-71.260924,7.917385],[-71.260282,7.918615],[-71.260682,7.918997],[-71.261025,7.919907],[-71.261419,7.921046],[-71.259601,7.922301],[-71.258085,7.923664],[-71.256707,7.922867],[-71.255993,7.923961],[-71.255693,7.925046],[-71.255373,7.926223],[-71.254485,7.926747],[-71.253867,7.925888],[-71.253295,7.925074],[-71.252626,7.925042],[-71.252611,7.926488],[-71.252433,7.927869],[-71.251754,7.929512],[-71.249191,7.930439],[-71.247501,7.931209],[-71.246147,7.933624],[-71.245131,7.935711],[-71.244638,7.937442],[-71.243978,7.938902],[-71.241565,7.939321],[-71.239202,7.939922],[-71.237717,7.940573],[-71.237477,7.941198],[-71.238178,7.941619],[-71.238717,7.944132],[-71.238662,7.945854],[-71.238267,7.94678],[-71.237223,7.947537],[-71.23632,7.94533],[-71.234633,7.944126],[-71.23319,7.942459],[-71.232139,7.94294],[-71.231674,7.944854],[-71.231462,7.946786],[-71.230942,7.948358],[-71.230716,7.949625],[-71.231799,7.949579],[-71.232513,7.949518],[-71.232476,7.950987],[-71.232857,7.952609],[-71.23424,7.952579],[-71.234874,7.953094],[-71.235685,7.955325],[-71.235922,7.956697],[-71.235006,7.958071],[-71.233589,7.957665],[-71.231985,7.957079],[-71.230923,7.958088],[-71.23003,7.959438],[-71.228704,7.959994],[-71.228399,7.958692],[-71.22741,7.957772],[-71.226105,7.959315],[-71.2247,7.961524],[-71.220067,7.965937],[-71.214831,7.969145],[-71.210962,7.971545],[-71.207388,7.972745],[-71.204139,7.975016],[-71.199795,7.975751],[-71.196861,7.977718],[-71.193816,7.980903],[-71.191321,7.982861],[-71.188001,7.985088],[-71.184289,7.988379],[-71.181782,7.99091],[-71.181161,7.993126],[-71.17893,7.99556],[-71.176587,7.994989],[-71.173799,7.995117],[-71.171055,7.995175],[-71.168731,7.996797],[-71.169072,7.999359],[-71.169701,8.000537],[-71.170152,8.001949],[-71.170836,8.003424],[-71.171947,8.00537],[-71.169987,8.006429],[-71.169242,8.007113],[-71.167973,8.008085],[-71.167707,8.01041],[-71.167563,8.012021],[-71.165354,8.012351],[-71.163814,8.012641],[-71.162758,8.014756],[-71.160645,8.012444],[-71.158321,8.0128],[-71.155744,8.014104],[-71.154501,8.015237],[-71.153488,8.016318],[-71.152294,8.018436],[-71.15102,8.020166],[-71.149275,8.020577],[-71.147127,8.020538],[-71.144943,8.020018],[-71.14259,8.022005],[-71.141128,8.023579],[-71.139617,8.02318],[-71.136967,8.022511],[-71.135722,8.022588],[-71.134941,8.024627],[-71.134272,8.026526],[-71.133162,8.02832],[-71.132499,8.029508],[-71.13123,8.030832],[-71.131038,8.031032],[-71.1309,8.031177],[-71.130185,8.033054],[-71.130138,8.033089]]]},"properties":{"Parroquia":"San Antonio","Parroquia_pcode":"VE140402","Municipio":"Aricagua","Municipio_pcode":"VE1404","Ciudad":"Mérida","adm0_name":"Venezuela (República Bolivariana de)","adm0_pcode":"VE","area_sqkm":299.72600086,"Parroquia_ref_name":"San Antonio","center_lat":8.0644765,"center_lon":-71.18808579}},{"type":"Feature","geometry":{"type":"Polygon","coordinates":[[[-71.374912,8.17317],[-71.375528,8.172721],[-71.376318,8.172005],[-71.377108,8.171202],[-71.377637,8.17093],[-71.378258,8.170923],[-71.379679,8.17126],[-71.38118,8.170712],[-71.38215,8.170171],[-71.383821,8.169004],[-71.384693,8.167669],[-71.385751,8.167127],[-71.38645,8.166148],[-71.387679,8.165074],[-71.389348,8.163642],[-71.39067,8.163008],[-71.391816,8.162377],[-71.39331,8.161211],[-71.394544,8.160579],[-71.395429,8.16048],[-71.396228,8.160559],[-71.396582,8.160555],[-71.397732,8.160277],[-71.399413,8.159992],[-71.400738,8.159623],[-71.402501,8.158631],[-71.404084,8.157465],[-71.405675,8.157093],[-71.406736,8.156816],[-71.410624,8.155711],[-71.415859,8.156267],[-71.420564,8.156918],[-71.424929,8.158986],[-71.428573,8.159826],[-71.431317,8.159529],[-71.433079,8.158537],[-71.434942,8.158691],[-71.440006,8.159778],[-71.445582,8.159094],[-71.449478,8.158783],[-71.451425,8.158495],[-71.454267,8.158991],[-71.456051,8.16003],[-71.45775,8.161334],[-71.459178,8.162288],[-71.461708,8.166762],[-71.464698,8.17273],[-71.466679,8.175532],[-71.467856,8.177813],[-71.468329,8.180544],[-71.470396,8.183169],[-71.472994,8.18561],[-71.475964,8.189724],[-71.477948,8.186394],[-71.480665,8.183365],[-71.483855,8.178385],[-71.490005,8.175757],[-71.491812,8.172004],[-71.49214,8.165822],[-71.49385,8.160918],[-71.495348,8.156025],[-71.498033,8.152612],[-71.501419,8.14743],[-71.508514,8.140901],[-71.515462,8.135149],[-71.518066,8.130778],[-71.518604,8.127089],[-71.519306,8.122815],[-71.520023,8.118733],[-71.518237,8.112661],[-71.519718,8.11008],[-71.522402,8.109172],[-71.524324,8.106664],[-71.525693,8.10649],[-71.524804,8.105783],[-71.525413,8.102852],[-71.529114,8.097603],[-71.531038,8.091118],[-71.532356,8.088273],[-71.534388,8.086313],[-71.538098,8.083637],[-71.540567,8.080433],[-71.541353,8.077413],[-71.54462,8.074561],[-71.546726,8.069495],[-71.54999,8.065756],[-71.552011,8.0614],[-71.555354,8.055354],[-71.557818,8.051174],[-71.561397,8.048888],[-71.56173,8.04726],[-71.562664,8.046246],[-71.563578,8.045439],[-71.563961,8.044452],[-71.56586,8.043477],[-71.565997,8.043407],[-71.567392,8.04271],[-71.568225,8.042197],[-71.568969,8.041738],[-71.57009,8.041158],[-71.571171,8.040316],[-71.571574,8.040003],[-71.571605,8.039871],[-71.571653,8.039648],[-71.571695,8.039405],[-71.571258,8.039322],[-71.570367,8.037909],[-71.570179,8.034461],[-71.570171,8.031897],[-71.569187,8.029246],[-71.567848,8.025976],[-71.566781,8.024916],[-71.566769,8.021114],[-71.567899,8.013861],[-71.569217,8.010411],[-71.570537,8.007402],[-71.570527,8.004042],[-71.569014,8.002011],[-71.566792,7.999892],[-71.564012,7.996922],[-71.56215,7.995819],[-71.560177,7.994002],[-71.558511,7.992181],[-71.557762,7.989838],[-71.557197,7.985958],[-71.556144,7.983925],[-71.553255,7.982732],[-71.551066,7.980099],[-71.549385,7.977256],[-71.548246,7.976451],[-71.546507,7.976779],[-71.542517,7.977645],[-71.539748,7.977679],[-71.537402,7.97873],[-71.535557,7.978854],[-71.535464,7.978746],[-71.534517,7.977642],[-71.532257,7.977202],[-71.53114,7.976992],[-71.528356,7.976469],[-71.523774,7.978731],[-71.516256,7.979791],[-71.514461,7.979665],[-71.508721,7.979263],[-71.50867,7.97928],[-71.499631,7.982373],[-71.495411,7.985424],[-71.493485,7.987566],[-71.493479,7.995158],[-71.49238,8.000027],[-71.492318,8.002411],[-71.492612,8.005056],[-71.492627,8.00638],[-71.492286,8.00762],[-71.49258,8.010265],[-71.492606,8.012648],[-71.49192,8.014687],[-71.491583,8.016368],[-71.491079,8.018846],[-71.491625,8.020164],[-71.492175,8.021923],[-71.493081,8.023678],[-71.493451,8.025086],[-71.493562,8.027115],[-71.494371,8.028254],[-71.495094,8.02957],[-71.495195,8.030716],[-71.495862,8.034946],[-71.495641,8.039098],[-71.494163,8.041675],[-71.492243,8.044347],[-71.490834,8.045158],[-71.48678,8.047148],[-71.484214,8.047444],[-71.48166,8.048886],[-71.478051,8.051048],[-71.475692,8.054077],[-71.473751,8.054895],[-71.470913,8.054575],[-71.469579,8.05415],[-71.466555,8.053038],[-71.463628,8.052807],[-71.455186,8.050523],[-71.450901,8.047206],[-71.450631,8.05147],[-71.447826,8.058557],[-71.44502,8.065359],[-71.443332,8.068189],[-71.441357,8.06931],[-71.437124,8.072118],[-71.434588,8.074656],[-71.430919,8.076615],[-71.427252,8.078859],[-71.423311,8.084229],[-71.424458,8.089927],[-71.424459,8.090212],[-71.423903,8.093051],[-71.41995,8.094724],[-71.416847,8.096688],[-71.414869,8.096955],[-71.412045,8.097784],[-71.409219,8.098329],[-71.406677,8.098876],[-71.39963,8.105358],[-71.395398,8.108166],[-71.393709,8.110427],[-71.393738,8.120097],[-71.393768,8.130052],[-71.392383,8.139142],[-71.390972,8.139983],[-71.387587,8.142229],[-71.384203,8.145044],[-71.385904,8.146481],[-71.381397,8.151847],[-71.379706,8.153539],[-71.378303,8.15694],[-71.378037,8.162342],[-71.377202,8.166601],[-71.374912,8.17317]]]},"properties":{"Parroquia":"Capital Arzobispo Chacón","Parroquia_pcode":"VE140501","Municipio":"Arzobispo Chacón","Municipio_pcode":"VE1405","Ciudad":"Mérida","adm0_name":"Venezuela (República Bolivariana de)","adm0_pcode":"VE","area_sqkm":225.301742,"Parroquia_ref_name":"Capital Arzobispo Chacon","center_lat":8.082035,"center_lon":-71.48212683}},{"type":"Feature","geometry":{"type":"Polygon","coordinates":[[[-71.593787,8.210458],[-71.604816,8.208023],[-71.608309,8.205251],[-71.609785,8.202975],[-71.611104,8.201202],[-71.61452,8.200353],[-71.616023,8.198603],[-71.618674,8.196867],[-71.622019,8.195745],[-71.623041,8.194112],[-71.624336,8.192226],[-71.626104,8.192214],[-71.626803,8.190537],[-71.628691,8.188029],[-71.631944,8.186976],[-71.63294,8.185092],[-71.635418,8.181686],[-71.636784,8.180051],[-71.634974,8.177546],[-71.631914,8.173538],[-71.62803,8.169902],[-71.626171,8.167031],[-71.624416,8.162465],[-71.621935,8.159346],[-71.620904,8.156537],[-71.62111,8.153215],[-71.621481,8.150695],[-71.622683,8.148534],[-71.623997,8.146167],[-71.626144,8.144458],[-71.628704,8.142837],[-71.630925,8.142066],[-71.632546,8.140842],[-71.634266,8.137396],[-71.63613,8.134773],[-71.636548,8.132343],[-71.63666,8.128817],[-71.637146,8.126181],[-71.635817,8.123352],[-71.629895,8.120509],[-71.625722,8.118317],[-71.623001,8.116619],[-71.618357,8.115804],[-71.614133,8.115834],[-71.609926,8.115153],[-71.605791,8.11477],[-71.603569,8.115632],[-71.601963,8.115758],[-71.599503,8.11534],[-71.596258,8.111059],[-71.593224,8.107417],[-71.590984,8.105646],[-71.587675,8.102121],[-71.58642,8.099977],[-71.585106,8.095979],[-71.58414,8.092551],[-71.58408,8.09056],[-71.585419,8.088399],[-71.585744,8.085741],[-71.585201,8.083661],[-71.583254,8.081202],[-71.581788,8.078419],[-71.580167,8.076553],[-71.578965,8.075348],[-71.57664,8.074402],[-71.575682,8.072165],[-71.574671,8.06883],[-71.572079,8.065802],[-71.570388,8.063685],[-71.56994,8.06204],[-71.567694,8.059376],[-71.565702,8.056826],[-71.564129,8.055165],[-71.562801,8.05245],[-71.561842,8.050121],[-71.561397,8.048888],[-71.557818,8.051174],[-71.555354,8.055354],[-71.552011,8.0614],[-71.54999,8.065756],[-71.546726,8.069495],[-71.54462,8.074561],[-71.541353,8.077413],[-71.540567,8.080433],[-71.538098,8.083637],[-71.534388,8.086313],[-71.532356,8.088273],[-71.531038,8.091118],[-71.529114,8.097603],[-71.525413,8.102852],[-71.524804,8.105783],[-71.525693,8.10649],[-71.526937,8.107373],[-71.528712,8.108165],[-71.530307,8.108337],[-71.531282,8.108156],[-71.533409,8.108148],[-71.534651,8.108588],[-71.535273,8.108852],[-71.536511,8.108315],[-71.537219,8.108223],[-71.538727,8.108662],[-71.540677,8.108655],[-71.542892,8.108647],[-71.545727,8.108459],[-71.546614,8.1089],[-71.548209,8.108894],[-71.55025,8.109685],[-71.551496,8.110923],[-71.552295,8.111364],[-71.555308,8.111353],[-71.558501,8.111962],[-71.560009,8.112312],[-71.563117,8.114164],[-71.564184,8.115048],[-71.566489,8.115305],[-71.567731,8.115656],[-71.569059,8.115385],[-71.570301,8.115913],[-71.572074,8.116084],[-71.573674,8.117231],[-71.58016,8.121467],[-71.581761,8.123058],[-71.58736,8.127031],[-71.58843,8.128802],[-71.588269,8.132707],[-71.587563,8.133597],[-71.585544,8.138219],[-71.582816,8.142844],[-71.58001,8.150221],[-71.576604,8.162747],[-71.574778,8.171362],[-71.574357,8.176777],[-71.575617,8.181653],[-71.577758,8.185106],[-71.578923,8.188207],[-71.579211,8.193798],[-71.57994,8.198676],[-71.581813,8.201597],[-71.588125,8.206188],[-71.593787,8.210458]]]},"properties":{"Parroquia":"Capuri","Parroquia_pcode":"VE140502","Municipio":"Arzobispo Chacón","Municipio_pcode":"VE1405","Ciudad":"Mérida","adm0_name":"Venezuela (República Bolivariana de)","adm0_pcode":"VE","area_sqkm":83.62625443,"Parroquia_ref_name":"Capuri","center_lat":8.13058,"center_lon":-71.61248035}},{"type":"Feature","geometry":{"type":"Polygon","coordinates":[[[-71.504751,8.237422],[-71.503935,8.234328],[-71.502405,8.232316],[-71.498255,8.225744],[-71.493201,8.217682],[-71.491386,8.213819],[-71.491457,8.212229],[-71.493121,8.210355],[-71.49451,8.207689],[-71.494394,8.205219],[-71.493207,8.202143],[-71.489892,8.198916],[-71.486501,8.196838],[-71.48088,8.193462],[-71.475964,8.189724],[-71.472994,8.18561],[-71.470396,8.183169],[-71.468329,8.180544],[-71.467856,8.177813],[-71.466679,8.175532],[-71.464698,8.17273],[-71.461708,8.166762],[-71.459178,8.162288],[-71.45775,8.161334],[-71.456051,8.16003],[-71.454267,8.158991],[-71.451425,8.158495],[-71.449478,8.158783],[-71.445582,8.159094],[-71.440006,8.159778],[-71.434942,8.158691],[-71.433079,8.158537],[-71.431317,8.159529],[-71.428573,8.159826],[-71.424929,8.158986],[-71.420564,8.156918],[-71.415859,8.156267],[-71.410624,8.155711],[-71.406736,8.156816],[-71.405675,8.157093],[-71.404084,8.157465],[-71.402501,8.158631],[-71.400738,8.159623],[-71.399413,8.159992],[-71.397732,8.160277],[-71.396582,8.160555],[-71.396228,8.160559],[-71.395429,8.16048],[-71.394544,8.160579],[-71.39331,8.161211],[-71.391816,8.162377],[-71.39067,8.163008],[-71.389348,8.163642],[-71.387679,8.165074],[-71.38645,8.166148],[-71.385751,8.167127],[-71.384693,8.167669],[-71.383821,8.169004],[-71.38215,8.170171],[-71.38118,8.170712],[-71.379679,8.17126],[-71.378258,8.170923],[-71.377637,8.17093],[-71.377108,8.171202],[-71.376318,8.172005],[-71.375528,8.172721],[-71.374912,8.17317],[-71.375002,8.173257],[-71.375538,8.173692],[-71.376345,8.174389],[-71.376793,8.174914],[-71.376713,8.175709],[-71.377076,8.1765],[-71.377086,8.177382],[-71.376469,8.177743],[-71.376119,8.178188],[-71.37595,8.178897],[-71.375694,8.179871],[-71.375173,8.180937],[-71.374912,8.181381],[-71.374029,8.181745],[-71.373412,8.182017],[-71.373417,8.182546],[-71.373518,8.183693],[-71.374057,8.184393],[-71.374767,8.184473],[-71.375657,8.184639],[-71.376191,8.184898],[-71.376467,8.185866],[-71.376032,8.186577],[-71.375684,8.1872],[-71.37809,8.188408],[-71.381208,8.189872],[-71.385823,8.190348],[-71.393839,8.193962],[-71.397224,8.195512],[-71.398402,8.197794],[-71.398268,8.201769],[-71.396971,8.213086],[-71.397126,8.219177],[-71.395851,8.223679],[-71.39422,8.22786],[-71.391836,8.230187],[-71.387295,8.23239],[-71.383459,8.234347],[-71.380299,8.237298],[-71.379772,8.238964],[-71.378842,8.241908],[-71.378156,8.244123],[-71.377746,8.247218],[-71.377436,8.251372],[-71.377473,8.254726],[-71.376983,8.258617],[-71.375138,8.260228],[-71.372597,8.262995],[-71.368997,8.266304],[-71.367792,8.269673],[-71.366314,8.276045],[-71.369139,8.278645],[-71.372435,8.282042],[-71.375612,8.285142],[-71.379849,8.287977],[-71.384932,8.290114],[-71.388333,8.292502],[-71.392214,8.292591],[-71.396861,8.293037],[-71.398225,8.295083],[-71.401114,8.299195],[-71.404678,8.30371],[-71.407444,8.305211],[-71.411082,8.308122],[-71.416199,8.309158],[-71.418813,8.309492],[-71.422117,8.307618],[-71.42386,8.306424],[-71.424843,8.30575],[-71.427154,8.303888],[-71.430651,8.302699],[-71.432883,8.300057],[-71.435423,8.296015],[-71.439668,8.289775],[-71.443605,8.286839],[-71.44544,8.283814],[-71.44667,8.282355],[-71.448234,8.27986],[-71.449351,8.276661],[-71.450693,8.273024],[-71.452142,8.270553],[-71.451888,8.268609],[-71.452013,8.265514],[-71.454694,8.263716],[-71.457847,8.264799],[-71.463528,8.266652],[-71.466227,8.266412],[-71.469461,8.264515],[-71.472962,8.263738],[-71.476035,8.263906],[-71.48073,8.264441],[-71.483255,8.265143],[-71.485584,8.266741],[-71.488975,8.264429],[-71.491558,8.262219],[-71.494404,8.258792],[-71.494231,8.255907],[-71.494201,8.251508],[-71.495503,8.248398],[-71.495658,8.245898],[-71.49706,8.24336],[-71.499921,8.241004],[-71.502964,8.239159],[-71.504751,8.237422]]]},"properties":{"Parroquia":"Chacanta","Parroquia_pcode":"VE140503","Municipio":"Arzobispo Chacón","Municipio_pcode":"VE1405","Ciudad":"Mérida","adm0_name":"Venezuela (República Bolivariana de)","adm0_pcode":"VE","area_sqkm":160.33446805,"Parroquia_ref_name":"Chacanta","center_lat":8.233359,"center_lon":-71.44429688}},{"type":"Feature","geometry":{"type":"Polygon","coordinates":[[[-71.593787,8.210458],[-71.588125,8.206188],[-71.581813,8.201597],[-71.57994,8.198676],[-71.579211,8.193798],[-71.578923,8.188207],[-71.577758,8.185106],[-71.575617,8.181653],[-71.574357,8.176777],[-71.574778,8.171362],[-71.576604,8.162747],[-71.58001,8.150221],[-71.582816,8.142844],[-71.585544,8.138219],[-71.587563,8.133597],[-71.588269,8.132707],[-71.58843,8.128802],[-71.58736,8.127031],[-71.581761,8.123058],[-71.58016,8.121467],[-71.573674,8.117231],[-71.572074,8.116084],[-71.570301,8.115913],[-71.569059,8.115385],[-71.567731,8.115656],[-71.566489,8.115305],[-71.564184,8.115048],[-71.563117,8.114164],[-71.560009,8.112312],[-71.558501,8.111962],[-71.555308,8.111353],[-71.552295,8.111364],[-71.551496,8.110923],[-71.55025,8.109685],[-71.548209,8.108894],[-71.546614,8.1089],[-71.545727,8.108459],[-71.542892,8.108647],[-71.540677,8.108655],[-71.538727,8.108662],[-71.537219,8.108223],[-71.536511,8.108315],[-71.535273,8.108852],[-71.534651,8.108588],[-71.533409,8.108148],[-71.531282,8.108156],[-71.530307,8.108337],[-71.528712,8.108165],[-71.526937,8.107373],[-71.525693,8.10649],[-71.524324,8.106664],[-71.522402,8.109172],[-71.519718,8.11008],[-71.518237,8.112661],[-71.520023,8.118733],[-71.519306,8.122815],[-71.518604,8.127089],[-71.518066,8.130778],[-71.515462,8.135149],[-71.508514,8.140901],[-71.501419,8.14743],[-71.498033,8.152612],[-71.495348,8.156025],[-71.49385,8.160918],[-71.49214,8.165822],[-71.491812,8.172004],[-71.490005,8.175757],[-71.483855,8.178385],[-71.480665,8.183365],[-71.477948,8.186394],[-71.475964,8.189724],[-71.48088,8.193462],[-71.486501,8.196838],[-71.489892,8.198916],[-71.493207,8.202143],[-71.494394,8.205219],[-71.49451,8.207689],[-71.493121,8.210355],[-71.491457,8.212229],[-71.491386,8.213819],[-71.493201,8.217682],[-71.498255,8.225744],[-71.502405,8.232316],[-71.503935,8.234328],[-71.504751,8.237422],[-71.507145,8.238253],[-71.509533,8.238077],[-71.512156,8.238815],[-71.514896,8.239735],[-71.515405,8.243349],[-71.516117,8.246503],[-71.519694,8.24886],[-71.522557,8.250947],[-71.524344,8.253544],[-71.524845,8.256151],[-71.525377,8.259879],[-71.525697,8.262876],[-71.526057,8.265049],[-71.527715,8.268883],[-71.529545,8.270931],[-71.533375,8.273355],[-71.535819,8.274483],[-71.537304,8.273442],[-71.538718,8.271967],[-71.54214,8.271944],[-71.544306,8.27289],[-71.545831,8.274093],[-71.549512,8.274961],[-71.55271,8.27558],[-71.556244,8.275189],[-71.558109,8.275794],[-71.562896,8.27686],[-71.57005,8.278321],[-71.571882,8.277644],[-71.574192,8.276163],[-71.575298,8.273499],[-71.576514,8.27024],[-71.57838,8.267869],[-71.579428,8.266694],[-71.580352,8.264215],[-71.580645,8.263458],[-71.579529,8.261519],[-71.579725,8.257008],[-71.579671,8.25275],[-71.580819,8.24956],[-71.583374,8.247115],[-71.585149,8.244859],[-71.585174,8.242043],[-71.584964,8.238404],[-71.585033,8.235244],[-71.584843,8.23117],[-71.583944,8.227536],[-71.584448,8.224213],[-71.586194,8.221271],[-71.586535,8.21756],[-71.586867,8.21584],[-71.588644,8.213905],[-71.591572,8.212259],[-71.593787,8.210458]]]},"properties":{"Parroquia":"El Molino","Parroquia_pcode":"VE140504","Municipio":"Arzobispo Chacón","Municipio_pcode":"VE1405","Ciudad":"Mérida","adm0_name":"Venezuela (República Bolivariana de)","adm0_pcode":"VE","area_sqkm":154.43189472,"Parroquia_ref_name":"El Molino","center_lat":8.191593,"center_lon":-71.52875971}},{"type":"Feature","geometry":{"type":"Polygon","coordinates":[[[-71.450901,8.047206],[-71.455186,8.050523],[-71.463628,8.052807],[-71.466555,8.053038],[-71.469579,8.05415],[-71.470913,8.054575],[-71.473751,8.054895],[-71.475692,8.054077],[-71.478051,8.051048],[-71.48166,8.048886],[-71.484214,8.047444],[-71.48678,8.047148],[-71.490834,8.045158],[-71.492243,8.044347],[-71.494163,8.041675],[-71.495641,8.039098],[-71.495862,8.034946],[-71.495195,8.030716],[-71.495094,8.02957],[-71.494371,8.028254],[-71.493562,8.027115],[-71.493451,8.025086],[-71.493081,8.023678],[-71.492175,8.021923],[-71.491625,8.020164],[-71.491079,8.018846],[-71.491583,8.016368],[-71.49192,8.014687],[-71.492606,8.012648],[-71.49258,8.010265],[-71.492286,8.00762],[-71.492627,8.00638],[-71.492612,8.005056],[-71.492318,8.002411],[-71.49238,8.000027],[-71.493479,7.995158],[-71.493485,7.987566],[-71.495411,7.985424],[-71.499631,7.982373],[-71.50867,7.97928],[-71.508721,7.979263],[-71.514461,7.979665],[-71.516256,7.979791],[-71.523774,7.978731],[-71.528356,7.976469],[-71.53114,7.976992],[-71.532257,7.977202],[-71.534517,7.977642],[-71.534515,7.977639],[-71.531196,7.974917],[-71.528814,7.973207],[-71.528066,7.970966],[-71.52855,7.968812],[-71.528627,7.966868],[-71.527882,7.964831],[-71.525503,7.963428],[-71.523023,7.962128],[-71.521672,7.960814],[-71.519706,7.959508],[-71.516685,7.956066],[-71.513997,7.954461],[-71.511817,7.952543],[-71.511632,7.946306],[-71.511261,7.941503],[-71.51046,7.935273],[-71.511226,7.93107],[-71.510455,7.92709],[-71.508649,7.922407],[-71.508788,7.917393],[-71.509656,7.913189],[-71.51065,7.910722],[-71.51104,7.909183],[-71.510996,7.90591],[-71.510235,7.902112],[-71.510117,7.901522],[-71.510075,7.898351],[-71.510245,7.89569],[-71.510922,7.892511],[-71.509051,7.890692],[-71.509714,7.889844],[-71.509796,7.889739],[-71.508574,7.889393],[-71.506843,7.888316],[-71.504036,7.886111],[-71.502267,7.885456],[-71.50025,7.884709],[-71.498267,7.882763],[-71.495014,7.879571],[-71.492838,7.876212],[-71.492533,7.872057],[-71.492413,7.867811],[-71.490933,7.863537],[-71.489996,7.861674],[-71.488464,7.858547],[-71.486234,7.85684],[-71.482848,7.855749],[-71.480455,7.854616],[-71.474626,7.853308],[-71.47127,7.855797],[-71.467902,7.861316],[-71.465811,7.864613],[-71.462812,7.87011],[-71.458838,7.876522],[-71.454276,7.880705],[-71.451449,7.883425],[-71.448758,7.886903],[-71.447824,7.889516],[-71.448226,7.892433],[-71.44763,7.896837],[-71.446294,7.901445],[-71.44464,7.905157],[-71.442069,7.907488],[-71.439022,7.907935],[-71.436786,7.907674],[-71.435402,7.9076],[-71.43434,7.907803],[-71.433528,7.911385],[-71.429588,7.917325],[-71.42677,7.920145],[-71.428222,7.932956],[-71.425692,7.937485],[-71.425166,7.950564],[-71.424058,7.95795],[-71.423231,7.965054],[-71.424653,7.96791],[-71.428891,7.966809],[-71.431434,7.966547],[-71.442477,7.972899],[-71.443898,7.975471],[-71.4456,7.977476],[-71.44646,7.981181],[-71.44647,7.984594],[-71.446764,7.988294],[-71.446224,7.996822],[-71.448511,8.004806],[-71.444843,8.007334],[-71.444002,8.009602],[-71.442598,8.012719],[-71.441764,8.017263],[-71.440356,8.019242],[-71.439513,8.020941],[-71.438673,8.023494],[-71.438696,8.031174],[-71.43955,8.032887],[-71.44239,8.037178],[-71.446081,8.042614],[-71.449766,8.046059],[-71.450901,8.047206]]]},"properties":{"Parroquia":"Guaimaral","Parroquia_pcode":"VE140505","Municipio":"Arzobispo Chacón","Municipio_pcode":"VE1405","Ciudad":"Mérida","adm0_name":"Venezuela (República Bolivariana de)","adm0_pcode":"VE","area_sqkm":146.86765556,"Parroquia_ref_name":"Guaimaral","center_lat":7.95350248,"center_lon":-71.46881601}},{"type":"Feature","geometry":{"type":"Polygon","coordinates":[[[-71.366314,8.276045],[-71.367792,8.269673],[-71.368997,8.266304],[-71.372597,8.262995],[-71.375138,8.260228],[-71.376983,8.258617],[-71.377473,8.254726],[-71.377436,8.251372],[-71.377746,8.247218],[-71.378156,8.244123],[-71.378842,8.241908],[-71.379772,8.238964],[-71.376968,8.238726],[-71.370317,8.236882],[-71.368099,8.236267],[-71.362066,8.232566],[-71.349554,8.22225],[-71.343959,8.21466],[-71.338723,8.209986],[-71.338011,8.208396],[-71.337387,8.205747],[-71.337384,8.203273],[-71.337381,8.200799],[-71.33729,8.199032],[-71.336578,8.196913],[-71.334979,8.194353],[-71.333825,8.192941],[-71.332051,8.191618],[-71.330188,8.190208],[-71.328502,8.189238],[-71.326374,8.188358],[-71.325131,8.1873],[-71.324687,8.186417],[-71.324421,8.186506],[-71.324067,8.186683],[-71.323712,8.18686],[-71.323536,8.187302],[-71.323447,8.187656],[-71.323714,8.188186],[-71.323715,8.189069],[-71.323272,8.189423],[-71.322652,8.189513],[-71.322386,8.189513],[-71.321853,8.188807],[-71.321676,8.18863],[-71.320612,8.188632],[-71.320347,8.188898],[-71.320613,8.189251],[-71.320968,8.189603],[-71.32088,8.189957],[-71.320437,8.190223],[-71.31955,8.189871],[-71.319373,8.189429],[-71.319018,8.189076],[-71.318308,8.188636],[-71.318307,8.188194],[-71.318662,8.187928],[-71.318749,8.187133],[-71.319369,8.186867],[-71.319901,8.186424],[-71.3199,8.185894],[-71.31919,8.18563],[-71.318215,8.185455],[-71.316974,8.185192],[-71.316265,8.185016],[-71.315733,8.185194],[-71.31529,8.185194],[-71.314581,8.18546],[-71.313607,8.185904],[-71.313341,8.185993],[-71.312909,8.185526],[-71.312366,8.185375],[-71.311568,8.185377],[-71.310593,8.185467],[-71.31015,8.185467],[-71.308997,8.185204],[-71.307668,8.185206],[-71.307047,8.18503],[-71.305982,8.183883],[-71.305981,8.183265],[-71.305625,8.181586],[-71.305003,8.18088],[-71.304383,8.180705],[-71.302608,8.179028],[-71.30101,8.17744],[-71.299059,8.176736],[-71.29764,8.175943],[-71.296752,8.174619],[-71.296309,8.174265],[-71.295422,8.174178],[-71.294979,8.17418],[-71.293649,8.173297],[-71.292494,8.171002],[-71.291695,8.170649],[-71.291252,8.17065],[-71.290898,8.171004],[-71.289923,8.171094],[-71.288239,8.170831],[-71.286467,8.170834],[-71.285403,8.170835],[-71.284693,8.170395],[-71.283969,8.169025],[-71.281115,8.167292],[-71.277898,8.164857],[-71.272372,8.161918],[-71.270285,8.16107],[-71.267885,8.163253],[-71.263962,8.167564],[-71.261214,8.173693],[-71.258145,8.177947],[-71.253901,8.182513],[-71.24786,8.191569],[-71.24347,8.195472],[-71.242735,8.19791],[-71.240877,8.201049],[-71.239194,8.205401],[-71.238426,8.21098],[-71.237366,8.213307],[-71.235274,8.214157],[-71.229681,8.215829],[-71.226807,8.216963],[-71.225115,8.21845],[-71.222424,8.22153],[-71.219412,8.224821],[-71.216708,8.230812],[-71.216262,8.234278],[-71.216815,8.238282],[-71.217973,8.242737],[-71.218142,8.245371],[-71.215621,8.247188],[-71.212929,8.250154],[-71.211498,8.252258],[-71.210727,8.253527],[-71.209603,8.254229],[-71.208296,8.255046],[-71.207397,8.257257],[-71.205489,8.260145],[-71.202458,8.261716],[-71.19946,8.264227],[-71.197177,8.266569],[-71.194814,8.270127],[-71.193717,8.273188],[-71.191764,8.276328],[-71.19043,8.278842],[-71.189138,8.283143],[-71.186851,8.28725],[-71.186447,8.290349],[-71.18554,8.29389],[-71.184164,8.296863],[-71.183975,8.300624],[-71.186336,8.303117],[-71.186962,8.305402],[-71.18595,8.309952],[-71.183705,8.317771],[-71.183267,8.322016],[-71.181609,8.324557],[-71.180042,8.326936],[-71.178385,8.330492],[-71.181425,8.331473],[-71.183756,8.332857],[-71.18614,8.336005],[-71.188369,8.338193],[-71.191749,8.34018],[-71.195492,8.341815],[-71.198176,8.344981],[-71.202096,8.346109],[-71.206151,8.348449],[-71.207749,8.351565],[-71.211226,8.35653],[-71.213716,8.359149],[-71.21718,8.360605],[-71.223654,8.361254],[-71.227149,8.361815],[-71.231066,8.361337],[-71.232384,8.362851],[-71.234383,8.363666],[-71.237015,8.362315],[-71.241291,8.358505],[-71.243939,8.355364],[-71.247221,8.351455],[-71.251255,8.349713],[-71.256745,8.349552],[-71.259155,8.350039],[-71.262081,8.351091],[-71.26635,8.35102],[-71.269547,8.34897],[-71.272288,8.34725],[-71.27321,8.344413],[-71.274956,8.34115],[-71.276618,8.337017],[-71.279013,8.333972],[-71.283132,8.333192],[-71.286376,8.332541],[-71.290676,8.331551],[-71.294798,8.332376],[-71.297817,8.332118],[-71.29971,8.330779],[-71.302448,8.328164],[-71.30628,8.32594],[-71.308282,8.323211],[-71.309746,8.32191],[-71.311963,8.319888],[-71.312479,8.31853],[-71.314393,8.318277],[-71.317677,8.318626],[-71.320865,8.32065],[-71.32433,8.322647],[-71.325885,8.325264],[-71.329609,8.323682],[-71.332864,8.321557],[-71.336052,8.319455],[-71.338378,8.31686],[-71.341246,8.315266],[-71.344489,8.314012],[-71.345572,8.313815],[-71.345917,8.313719],[-71.346261,8.311492],[-71.346892,8.308161],[-71.348534,8.30232],[-71.348654,8.29879],[-71.349077,8.295393],[-71.349242,8.291747],[-71.349997,8.289103],[-71.353249,8.286702],[-71.356017,8.284422],[-71.359655,8.281489],[-71.363682,8.27814],[-71.366314,8.276045]]]},"properties":{"Parroquia":"Mucutuy","Parroquia_pcode":"VE140506","Municipio":"Arzobispo Chacón","Municipio_pcode":"VE1405","Ciudad":"Mérida","adm0_name":"Venezuela (República Bolivariana de)","adm0_pcode":"VE","area_sqkm":286.80779634,"Parroquia_ref_name":"Mucutuy","center_lat":8.2623555,"center_lon":-71.28743937}},{"type":"Feature","geometry":{"type":"Polygon","coordinates":[[[-71.270285,8.16107],[-71.272372,8.161918],[-71.277898,8.164857],[-71.281115,8.167292],[-71.283969,8.169025],[-71.284693,8.170395],[-71.285403,8.170835],[-71.286467,8.170834],[-71.288239,8.170831],[-71.289923,8.171094],[-71.290898,8.171004],[-71.291252,8.17065],[-71.291695,8.170649],[-71.292494,8.171002],[-71.293649,8.173297],[-71.294979,8.17418],[-71.295422,8.174178],[-71.296309,8.174265],[-71.296752,8.174619],[-71.29764,8.175943],[-71.299059,8.176736],[-71.30101,8.17744],[-71.302608,8.179028],[-71.304383,8.180705],[-71.305003,8.18088],[-71.305625,8.181586],[-71.305981,8.183265],[-71.305982,8.183883],[-71.307047,8.18503],[-71.307668,8.185206],[-71.308997,8.185204],[-71.31015,8.185467],[-71.310593,8.185467],[-71.311568,8.185377],[-71.312366,8.185375],[-71.312909,8.185526],[-71.313341,8.185993],[-71.313607,8.185904],[-71.314581,8.18546],[-71.31529,8.185194],[-71.315733,8.185194],[-71.316265,8.185016],[-71.316974,8.185192],[-71.318215,8.185455],[-71.31919,8.18563],[-71.3199,8.185894],[-71.319901,8.186424],[-71.319369,8.186867],[-71.318749,8.187133],[-71.318662,8.187928],[-71.318307,8.188194],[-71.318308,8.188636],[-71.319018,8.189076],[-71.319373,8.189429],[-71.31955,8.189871],[-71.320437,8.190223],[-71.32088,8.189957],[-71.320968,8.189603],[-71.320613,8.189251],[-71.320347,8.188898],[-71.320612,8.188632],[-71.321676,8.18863],[-71.321853,8.188807],[-71.322386,8.189513],[-71.322652,8.189513],[-71.323272,8.189423],[-71.323715,8.189069],[-71.323714,8.188186],[-71.323447,8.187656],[-71.323536,8.187302],[-71.323712,8.18686],[-71.324067,8.186683],[-71.324421,8.186506],[-71.324687,8.186417],[-71.325131,8.1873],[-71.326374,8.188358],[-71.328502,8.189238],[-71.330188,8.190208],[-71.332051,8.191618],[-71.333825,8.192941],[-71.334979,8.194353],[-71.336578,8.196913],[-71.33729,8.199032],[-71.337381,8.200799],[-71.337384,8.203273],[-71.337387,8.205747],[-71.338011,8.208396],[-71.338723,8.209986],[-71.343959,8.21466],[-71.349554,8.22225],[-71.362066,8.232566],[-71.368099,8.236267],[-71.370317,8.236882],[-71.376968,8.238726],[-71.379772,8.238964],[-71.380299,8.237298],[-71.383459,8.234347],[-71.387295,8.23239],[-71.391836,8.230187],[-71.39422,8.22786],[-71.395851,8.223679],[-71.397126,8.219177],[-71.396971,8.213086],[-71.398268,8.201769],[-71.398402,8.197794],[-71.397224,8.195512],[-71.393839,8.193962],[-71.385823,8.190348],[-71.381208,8.189872],[-71.37809,8.188408],[-71.375684,8.1872],[-71.376032,8.186577],[-71.376467,8.185866],[-71.376191,8.184898],[-71.375657,8.184639],[-71.374767,8.184473],[-71.374057,8.184393],[-71.373518,8.183693],[-71.373417,8.182546],[-71.373412,8.182017],[-71.374029,8.181745],[-71.374912,8.181381],[-71.375173,8.180937],[-71.375694,8.179871],[-71.37595,8.178897],[-71.376119,8.178188],[-71.376469,8.177743],[-71.377086,8.177382],[-71.377076,8.1765],[-71.376713,8.175709],[-71.376793,8.174914],[-71.376345,8.174389],[-71.375538,8.173692],[-71.375002,8.173257],[-71.374912,8.17317],[-71.377202,8.166601],[-71.378037,8.162342],[-71.378303,8.15694],[-71.379706,8.153539],[-71.381397,8.151847],[-71.385904,8.146481],[-71.384203,8.145044],[-71.387587,8.142229],[-71.390972,8.139983],[-71.392383,8.139142],[-71.393768,8.130052],[-71.393738,8.120097],[-71.393709,8.110427],[-71.395398,8.108166],[-71.39963,8.105358],[-71.406677,8.098876],[-71.409219,8.098329],[-71.412045,8.097784],[-71.414869,8.096955],[-71.416847,8.096688],[-71.41995,8.094724],[-71.423903,8.093051],[-71.424459,8.090212],[-71.424458,8.089927],[-71.423311,8.084229],[-71.427252,8.078859],[-71.430919,8.076615],[-71.434588,8.074656],[-71.437124,8.072118],[-71.441357,8.06931],[-71.443332,8.068189],[-71.44502,8.065359],[-71.447826,8.058557],[-71.450631,8.05147],[-71.450901,8.047206],[-71.449766,8.046059],[-71.446081,8.042614],[-71.44239,8.037178],[-71.43955,8.032887],[-71.438696,8.031174],[-71.438673,8.023494],[-71.439513,8.020941],[-71.440356,8.019242],[-71.441764,8.017263],[-71.442598,8.012719],[-71.444002,8.009602],[-71.444843,8.007334],[-71.448511,8.004806],[-71.446224,7.996822],[-71.446764,7.988294],[-71.44647,7.984594],[-71.44646,7.981181],[-71.4456,7.977476],[-71.443898,7.975471],[-71.442477,7.972899],[-71.431434,7.966547],[-71.428891,7.966809],[-71.424653,7.96791],[-71.423231,7.965054],[-71.424058,7.95795],[-71.425166,7.950564],[-71.425692,7.937485],[-71.428222,7.932956],[-71.42677,7.920145],[-71.429588,7.917325],[-71.433528,7.911385],[-71.43434,7.907803],[-71.43089,7.905517],[-71.426126,7.903181],[-71.421754,7.900754],[-71.41798,7.898835],[-71.414826,7.897422],[-71.413584,7.896614],[-71.411789,7.895781],[-71.411846,7.893302],[-71.411858,7.890709],[-71.411394,7.886369],[-71.411318,7.88272],[-71.411153,7.878289],[-71.411285,7.87464],[-71.409165,7.869262],[-71.405756,7.86312],[-71.403649,7.85992],[-71.401575,7.859637],[-71.399725,7.860618],[-71.397291,7.863178],[-71.394162,7.866609],[-71.391521,7.869031],[-71.389235,7.869504],[-71.387576,7.86897],[-71.385668,7.867654],[-71.3839,7.86588],[-71.382457,7.863854],[-71.379193,7.861317],[-71.376986,7.859885],[-71.373744,7.857599],[-71.373607,7.85734],[-71.372761,7.855736],[-71.373671,7.853467],[-71.373824,7.853099],[-71.374978,7.850327],[-71.375449,7.848241],[-71.374911,7.847232],[-71.373832,7.848075],[-71.372562,7.848368],[-71.370809,7.848453],[-71.369211,7.849503],[-71.368655,7.849994],[-71.367243,7.851239],[-71.363941,7.851983],[-71.359631,7.851392],[-71.355705,7.852455],[-71.354845,7.853737],[-71.353933,7.856464],[-71.352162,7.86029],[-71.350864,7.861502],[-71.347357,7.861694],[-71.344562,7.862578],[-71.341482,7.865067],[-71.337774,7.868702],[-71.334264,7.870911],[-71.334257,7.870915],[-71.334152,7.871009],[-71.332937,7.872103],[-71.332139,7.874969],[-71.330979,7.876341],[-71.328526,7.878052],[-71.32528,7.881413],[-71.321315,7.885666],[-71.320046,7.88589],[-71.31874,7.883888],[-71.317476,7.882965],[-71.314502,7.882425],[-71.309888,7.882635],[-71.307924,7.883293],[-71.305911,7.884616],[-71.303418,7.889655],[-71.302025,7.891486],[-71.298396,7.893123],[-71.295828,7.894558],[-71.294022,7.895882],[-71.294406,7.89772],[-71.294763,7.900109],[-71.294429,7.902472],[-71.293401,7.905154],[-71.292345,7.908661],[-71.290949,7.911295],[-71.288997,7.91395],[-71.289,7.913959],[-71.288924,7.913998],[-71.289318,7.91512],[-71.289523,7.915394],[-71.289868,7.915857],[-71.290024,7.916379],[-71.29039,7.917604],[-71.290521,7.919234],[-71.290703,7.920294],[-71.290813,7.920934],[-71.291568,7.922222],[-71.290865,7.924331],[-71.289819,7.925979],[-71.288541,7.927994],[-71.288137,7.930448],[-71.28884,7.932954],[-71.289866,7.9353],[-71.291928,7.938407],[-71.29372,7.93986],[-71.293896,7.941606],[-71.293587,7.943693],[-71.292882,7.946215],[-71.293013,7.947776],[-71.293654,7.948766],[-71.293508,7.950418],[-71.293151,7.95262],[-71.293236,7.954227],[-71.29315,7.957693],[-71.291314,7.960394],[-71.290383,7.962043],[-71.290421,7.963902],[-71.290614,7.966887],[-71.2895,7.968283],[-71.287536,7.968871],[-71.286244,7.968774],[-71.285456,7.969459],[-71.28589,7.970402],[-71.286666,7.97215],[-71.287099,7.973231],[-71.287859,7.973601],[-71.2876,7.974633],[-71.28672,7.975295],[-71.286508,7.976212],[-71.286499,7.978209],[-71.286372,7.980482],[-71.286547,7.98248],[-71.28712,7.983377],[-71.286765,7.98512],[-71.285952,7.986242],[-71.285323,7.987547],[-71.28497,7.989038],[-71.284502,7.990459],[-71.283597,7.991442],[-71.283429,7.99275],[-71.282918,7.993528],[-71.281808,7.99396],[-71.280489,7.994804],[-71.279445,7.996039],[-71.279008,7.996895],[-71.278645,7.997449],[-71.277727,7.997873],[-71.27808,7.99851],[-71.278552,7.999399],[-71.278352,8.000089],[-71.277441,8.001245],[-71.277234,8.003333],[-71.276122,8.005019],[-71.275978,8.006603],[-71.27505,8.008218],[-71.274428,8.010425],[-71.274085,8.012721],[-71.272961,8.015393],[-71.271307,8.0183],[-71.270022,8.020974],[-71.26945,8.023502],[-71.268855,8.026031],[-71.268134,8.027621],[-71.266076,8.029319],[-71.266114,8.030647],[-71.266293,8.032272],[-71.266405,8.034036],[-71.265603,8.034504],[-71.265252,8.034095],[-71.264296,8.033236],[-71.263089,8.032654],[-71.260771,8.033874],[-71.259567,8.035584],[-71.25821,8.036036],[-71.256538,8.037224],[-71.254586,8.038118],[-71.252004,8.040441],[-71.250254,8.040897],[-71.24862,8.043323],[-71.247268,8.044279],[-71.246289,8.045482],[-71.24442,8.047727],[-71.243314,8.049941],[-71.241613,8.052688],[-71.239334,8.053265],[-71.237455,8.054457],[-71.237259,8.055513],[-71.237356,8.060141],[-71.237089,8.061038],[-71.235525,8.063624],[-71.234514,8.066112],[-71.234459,8.06939],[-71.232438,8.072485],[-71.232225,8.074046],[-71.232956,8.077498],[-71.232926,8.081005],[-71.233363,8.082971],[-71.232804,8.084536],[-71.231812,8.086725],[-71.231922,8.088259],[-71.231827,8.090139],[-71.231581,8.09287],[-71.230445,8.096619],[-71.230143,8.098456],[-71.229482,8.101328],[-71.227755,8.101739],[-71.227536,8.10275],[-71.227817,8.103182],[-71.228904,8.103352],[-71.230333,8.105146],[-71.232388,8.107253],[-71.233782,8.107992],[-71.23553,8.109461],[-71.236771,8.111005],[-71.238336,8.11259],[-71.240637,8.115956],[-71.242478,8.11747],[-71.245446,8.116586],[-71.246739,8.116571],[-71.248537,8.118383],[-71.250428,8.120262],[-71.250381,8.122234],[-71.249783,8.12451],[-71.248795,8.126928],[-71.248332,8.128927],[-71.248684,8.131513],[-71.250653,8.134102],[-71.253153,8.136685],[-71.255838,8.139334],[-71.259236,8.143694],[-71.262499,8.148467],[-71.265196,8.15217],[-71.268128,8.158254],[-71.270285,8.16107]]]},"properties":{"Parroquia":"Mucuchachi","Parroquia_pcode":"VE140507","Municipio":"Arzobispo Chacón","Municipio_pcode":"VE1405","Ciudad":"Mérida","adm0_name":"Venezuela (República Bolivariana de)","adm0_pcode":"VE","area_sqkm":610.6715733,"Parroquia_ref_name":"Mucuchachi","center_lat":8.0429685,"center_lon":-71.34765948}},{"type":"Feature","geometry":{"type":"Polygon","coordinates":[[[-71.22676,8.545697],[-71.227366,8.546013],[-71.22777,8.546304],[-71.227745,8.546617],[-71.227549,8.547239],[-71.227069,8.547638],[-71.22676,8.548091],[-71.226617,8.548442],[-71.226611,8.548716],[-71.226703,8.549115],[-71.226593,8.54949],[-71.226665,8.551002],[-71.226665,8.55177],[-71.226447,8.552189],[-71.226297,8.552495],[-71.226665,8.552401],[-71.230672,8.549995],[-71.236913,8.54607],[-71.239936,8.545977],[-71.243669,8.545863],[-71.246361,8.54401],[-71.248531,8.545005],[-71.248886,8.54474],[-71.24871,8.544122],[-71.248537,8.54209],[-71.24854,8.540941],[-71.249075,8.539881],[-71.249699,8.538292],[-71.249702,8.537144],[-71.250678,8.53688],[-71.252456,8.535116],[-71.253877,8.534588],[-71.254586,8.534589],[-71.255209,8.533884],[-71.255832,8.532913],[-71.256366,8.53203],[-71.25752,8.531679],[-71.260361,8.530712],[-71.262049,8.529478],[-71.262939,8.528419],[-71.265868,8.527098],[-71.267569,8.526572],[-71.268536,8.526853],[-71.269157,8.527191],[-71.269849,8.527251],[-71.271019,8.527284],[-71.272058,8.526449],[-71.272733,8.526375],[-71.273202,8.52613],[-71.274418,8.525935],[-71.274891,8.525742],[-71.275168,8.525263],[-71.27566,8.523619],[-71.276036,8.523413],[-71.277056,8.523361],[-71.277965,8.523058],[-71.279644,8.522489],[-71.28216,8.520939],[-71.283535,8.51944],[-71.285846,8.5175],[-71.287002,8.516088],[-71.288336,8.514765],[-71.289226,8.513353],[-71.290292,8.512472],[-71.291978,8.511856],[-71.293665,8.511151],[-71.296329,8.5093],[-71.296951,8.508948],[-71.29837,8.508196],[-71.299076,8.507483],[-71.301028,8.507646],[-71.302978,8.507543],[-71.304659,8.506821],[-71.306167,8.506899],[-71.307938,8.506531],[-71.30891,8.505905],[-71.310058,8.5051],[-71.310768,8.505095],[-71.312721,8.505257],[-71.313694,8.504896],[-71.3167,8.503458],[-71.318377,8.50203],[-71.318905,8.501319],[-71.319699,8.500694],[-71.319657,8.500069],[-71.318593,8.499973],[-71.316945,8.499473],[-71.315716,8.497797],[-71.31362,8.496755],[-71.310951,8.49602],[-71.309745,8.495697],[-71.308365,8.494642],[-71.306964,8.493749],[-71.303893,8.492402],[-71.303183,8.491359],[-71.303765,8.490271],[-71.305784,8.488127],[-71.306035,8.485256],[-71.305794,8.483288],[-71.305758,8.482508],[-71.30591,8.481978],[-71.30476,8.482351],[-71.304049,8.48288],[-71.301388,8.483318],[-71.299436,8.483845],[-71.29837,8.48455],[-71.297391,8.486138],[-71.295437,8.487284],[-71.290734,8.488602],[-71.289493,8.488424],[-71.287276,8.488067],[-71.284527,8.487709],[-71.283292,8.485146],[-71.282586,8.483731],[-71.282587,8.483113],[-71.28197,8.481699],[-71.281707,8.480461],[-71.281176,8.479666],[-71.280469,8.478781],[-71.28047,8.478251],[-71.280297,8.476396],[-71.280033,8.475777],[-71.279326,8.474451],[-71.278619,8.473567],[-71.277204,8.472063],[-71.275521,8.471088],[-71.273836,8.470909],[-71.272862,8.470643],[-71.2718,8.469757],[-71.271092,8.46905],[-71.269408,8.468429],[-71.268167,8.468603],[-71.26648,8.469307],[-71.265769,8.469483],[-71.26506,8.469394],[-71.263998,8.468509],[-71.260548,8.46497],[-71.260106,8.464527],[-71.259308,8.464349],[-71.258509,8.464701],[-71.256645,8.465405],[-71.255136,8.465933],[-71.253628,8.466195],[-71.252564,8.466017],[-71.251236,8.465131],[-71.250439,8.464777],[-71.249375,8.464687],[-71.246364,8.46318],[-71.244505,8.461764],[-71.243266,8.460613],[-71.24114,8.459373],[-71.240698,8.458754],[-71.240256,8.4584],[-71.237775,8.457689],[-71.236712,8.457157],[-71.235864,8.456465],[-71.2358,8.45814],[-71.234541,8.460226],[-71.233742,8.462097],[-71.232949,8.465803],[-71.2311,8.467049],[-71.230313,8.469677],[-71.23011,8.472754],[-71.229787,8.475512],[-71.228514,8.476726],[-71.225492,8.479644],[-71.224656,8.480736],[-71.221197,8.483775],[-71.218855,8.485948],[-71.217502,8.486498],[-71.215805,8.487192],[-71.215151,8.488213],[-71.21498,8.490326],[-71.215152,8.492341],[-71.21433,8.494373],[-71.214019,8.496443],[-71.214547,8.499003],[-71.216497,8.500965],[-71.217972,8.500826],[-71.21969,8.502724],[-71.220972,8.504812],[-71.22113,8.507356],[-71.220789,8.510435],[-71.221071,8.512127],[-71.221304,8.513637],[-71.218807,8.514803],[-71.217649,8.516038],[-71.216869,8.51768],[-71.216779,8.519218],[-71.216235,8.521199],[-71.216562,8.522822],[-71.217506,8.525421],[-71.218032,8.527866],[-71.219034,8.531175],[-71.219433,8.532935],[-71.220121,8.535378],[-71.221452,8.537627],[-71.223245,8.539867],[-71.223946,8.541736],[-71.224643,8.543376],[-71.225155,8.543596],[-71.22676,8.545697]]]},"properties":{"Parroquia":"Fernández Peña","Parroquia_pcode":"VE140601","Municipio":"Campo Elías","Municipio_pcode":"VE1406","Ciudad":"Mérida","adm0_name":"Venezuela (República Bolivariana de)","adm0_pcode":"VE","area_sqkm":61.54594922,"Parroquia_ref_name":"Fernandez Pena","center_lat":8.504135,"center_lon":-71.26792056}},{"type":"Feature","geometry":{"type":"Polygon","coordinates":[[[-71.29837,8.508196],[-71.296951,8.508948],[-71.296329,8.5093],[-71.293665,8.511151],[-71.291978,8.511856],[-71.290292,8.512472],[-71.289226,8.513353],[-71.288336,8.514765],[-71.287002,8.516088],[-71.285846,8.5175],[-71.283535,8.51944],[-71.28216,8.520939],[-71.279644,8.522489],[-71.277965,8.523058],[-71.277056,8.523361],[-71.276036,8.523413],[-71.27566,8.523619],[-71.275168,8.525263],[-71.274891,8.525742],[-71.274418,8.525935],[-71.273202,8.52613],[-71.272733,8.526375],[-71.272058,8.526449],[-71.271019,8.527284],[-71.269849,8.527251],[-71.269157,8.527191],[-71.268536,8.526853],[-71.267569,8.526572],[-71.265868,8.527098],[-71.262939,8.528419],[-71.262049,8.529478],[-71.260361,8.530712],[-71.25752,8.531679],[-71.256366,8.53203],[-71.255832,8.532913],[-71.255209,8.533884],[-71.254586,8.534589],[-71.253877,8.534588],[-71.252456,8.535116],[-71.250678,8.53688],[-71.249702,8.537144],[-71.249699,8.538292],[-71.249075,8.539881],[-71.24854,8.540941],[-71.248537,8.54209],[-71.24871,8.544122],[-71.248886,8.54474],[-71.248531,8.545005],[-71.246361,8.54401],[-71.243669,8.545863],[-71.239936,8.545977],[-71.239768,8.548689],[-71.238381,8.54911],[-71.238641,8.550718],[-71.238961,8.55095],[-71.239054,8.550951],[-71.239353,8.550954],[-71.239769,8.550912],[-71.237215,8.557305],[-71.237139,8.557923],[-71.23713,8.558886],[-71.237031,8.55955],[-71.236954,8.560328],[-71.236787,8.5609],[-71.236692,8.56283],[-71.236422,8.564155],[-71.236682,8.566893],[-71.236944,8.568396],[-71.238536,8.57043],[-71.240394,8.572641],[-71.241988,8.573704],[-71.242605,8.575383],[-71.24464,8.577595],[-71.245791,8.578391],[-71.246055,8.579363],[-71.246317,8.581042],[-71.247642,8.583429],[-71.248346,8.58555],[-71.24834,8.588202],[-71.248778,8.590852],[-71.248949,8.593503],[-71.249565,8.595359],[-71.250007,8.596243],[-71.251158,8.597658],[-71.252484,8.599603],[-71.253014,8.600664],[-71.2531,8.601547],[-71.253099,8.602254],[-71.252742,8.603049],[-71.252207,8.604196],[-71.252204,8.605609],[-71.251845,8.607199],[-71.251488,8.608347],[-71.250332,8.609317],[-71.249619,8.610994],[-71.249084,8.612053],[-71.247128,8.613729],[-71.244638,8.615933],[-71.260781,8.617115],[-71.262232,8.616289],[-71.263689,8.612567],[-71.263138,8.609387],[-71.263741,8.606286],[-71.263819,8.604517],[-71.26452,8.603008],[-71.267957,8.599267],[-71.272362,8.594192],[-71.275264,8.589924],[-71.275606,8.58771],[-71.275947,8.585496],[-71.275044,8.582849],[-71.273167,8.580386],[-71.272168,8.576502],[-71.272605,8.575437],[-71.273488,8.574635],[-71.27515,8.570819],[-71.276022,8.568247],[-71.277253,8.56638],[-71.278485,8.564779],[-71.279014,8.564156],[-71.279089,8.561944],[-71.278455,8.559826],[-71.277289,8.557623],[-71.277373,8.556738],[-71.277724,8.556205],[-71.277722,8.555762],[-71.277364,8.555234],[-71.276026,8.553918],[-71.275667,8.553213],[-71.275837,8.552061],[-71.275913,8.549938],[-71.275374,8.548792],[-71.274307,8.548269],[-71.274035,8.547298],[-71.274026,8.545794],[-71.274723,8.543666],[-71.275858,8.540561],[-71.277002,8.539138],[-71.27868,8.537887],[-71.280441,8.535751],[-71.28088,8.534951],[-71.281411,8.534859],[-71.28194,8.534324],[-71.282112,8.533438],[-71.28246,8.532286],[-71.284228,8.531034],[-71.285111,8.530409],[-71.286616,8.529955],[-71.287414,8.529861],[-71.288828,8.529143],[-71.290065,8.528337],[-71.291391,8.52762],[-71.292626,8.526372],[-71.293599,8.526011],[-71.294128,8.525565],[-71.294741,8.524233],[-71.294646,8.523173],[-71.294551,8.522112],[-71.294629,8.520254],[-71.294976,8.518925],[-71.295677,8.517504],[-71.295933,8.515822],[-71.296192,8.51467],[-71.297335,8.512981],[-71.298123,8.511294],[-71.298379,8.5097],[-71.298373,8.50855],[-71.29837,8.508196]]]},"properties":{"Parroquia":"Matriz","Parroquia_pcode":"VE140602","Municipio":"Campo Elías","Municipio_pcode":"VE1406","Ciudad":"Mérida","adm0_name":"Venezuela (República Bolivariana de)","adm0_pcode":"VE","area_sqkm":32.61174821,"Parroquia_ref_name":"Matriz","center_lat":8.562387,"center_lon":-71.25789389}},{"type":"Feature","geometry":{"type":"Polygon","coordinates":[[[-71.265818,8.680538],[-71.255428,8.67714],[-71.254156,8.672196],[-71.254403,8.668921],[-71.252331,8.663806],[-71.252485,8.659825],[-71.252175,8.654102],[-71.253605,8.652683],[-71.255019,8.650703],[-71.2545,8.64998],[-71.254309,8.647682],[-71.253938,8.644943],[-71.253208,8.641498],[-71.253024,8.640527],[-71.253285,8.63964],[-71.253806,8.637779],[-71.253711,8.636718],[-71.253258,8.635039],[-71.253421,8.632561],[-71.253588,8.630791],[-71.254106,8.628487],[-71.254188,8.627248],[-71.255245,8.62609],[-71.25639,8.624667],[-71.257622,8.622977],[-71.257881,8.621825],[-71.258672,8.620492],[-71.259728,8.618981],[-71.259989,8.618271],[-71.260781,8.617115],[-71.244638,8.615933],[-71.247128,8.613729],[-71.249084,8.612053],[-71.249619,8.610994],[-71.250332,8.609317],[-71.251488,8.608347],[-71.251845,8.607199],[-71.252204,8.605609],[-71.252207,8.604196],[-71.252742,8.603049],[-71.253099,8.602254],[-71.2531,8.601547],[-71.253014,8.600664],[-71.252484,8.599603],[-71.251158,8.597658],[-71.250007,8.596243],[-71.249565,8.595359],[-71.248949,8.593503],[-71.248778,8.590852],[-71.24834,8.588202],[-71.248346,8.58555],[-71.247642,8.583429],[-71.246317,8.581042],[-71.246055,8.579363],[-71.245791,8.578391],[-71.24464,8.577595],[-71.242605,8.575383],[-71.241988,8.573704],[-71.240394,8.572641],[-71.238536,8.57043],[-71.236944,8.568396],[-71.236682,8.566893],[-71.236422,8.564155],[-71.236692,8.56283],[-71.236787,8.5609],[-71.236954,8.560328],[-71.237031,8.55955],[-71.23713,8.558886],[-71.237139,8.557923],[-71.237215,8.557305],[-71.239769,8.550912],[-71.239353,8.550954],[-71.239054,8.550951],[-71.238961,8.55095],[-71.238641,8.550718],[-71.238381,8.54911],[-71.239768,8.548689],[-71.239936,8.545977],[-71.236913,8.54607],[-71.230672,8.549995],[-71.226665,8.552401],[-71.226297,8.552495],[-71.226229,8.552759],[-71.226213,8.552865],[-71.225711,8.553381],[-71.22423,8.554575],[-71.223556,8.555155],[-71.223184,8.555316],[-71.222875,8.555574],[-71.222541,8.555901],[-71.222385,8.556053],[-71.222091,8.55614],[-71.221827,8.556268],[-71.221597,8.556535],[-71.221334,8.556916],[-71.221297,8.556947],[-71.220426,8.55745],[-71.220169,8.557442],[-71.219939,8.557496],[-71.219734,8.557634],[-71.219537,8.557825],[-71.21932,8.557832],[-71.21911,8.557793],[-71.218181,8.558387],[-71.217863,8.558561],[-71.217512,8.558643],[-71.216999,8.55875],[-71.217338,8.559508],[-71.217839,8.560463],[-71.218522,8.561208],[-71.218944,8.562967],[-71.21911,8.564593],[-71.21893,8.566293],[-71.218667,8.568522],[-71.218214,8.570411],[-71.217618,8.572072],[-71.216676,8.573716],[-71.216571,8.575713],[-71.216832,8.577521],[-71.21683,8.58016],[-71.217685,8.585673],[-71.218631,8.58974],[-71.21918,8.593538],[-71.219936,8.597332],[-71.220752,8.599108],[-71.221056,8.60213],[-71.22227,8.606972],[-71.223205,8.610397],[-71.223046,8.613289],[-71.221689,8.615009],[-71.21913,8.620809],[-71.218737,8.623545],[-71.219087,8.627852],[-71.220451,8.630719],[-71.225683,8.636778],[-71.227494,8.640073],[-71.227876,8.642177],[-71.228206,8.645336],[-71.228545,8.648977],[-71.229042,8.652432],[-71.228219,8.654327],[-71.225486,8.656643],[-71.223579,8.659978],[-71.221956,8.662368],[-71.22089,8.66334],[-71.220891,8.663363],[-71.220797,8.665725],[-71.220528,8.667588],[-71.218294,8.670788],[-71.213622,8.676509],[-71.210623,8.678745],[-71.209973,8.680362],[-71.209785,8.68083],[-71.2095,8.684549],[-71.209104,8.69166],[-71.207733,8.693622],[-71.205581,8.696477],[-71.201043,8.698024],[-71.195994,8.700227],[-71.192571,8.701284],[-71.188785,8.702559],[-71.188237,8.703536],[-71.188754,8.707919],[-71.186229,8.711471],[-71.181782,8.717849],[-71.179979,8.720831],[-71.178686,8.723135],[-71.181314,8.721596],[-71.185692,8.720099],[-71.190071,8.719404],[-71.197619,8.716032],[-71.20195,8.713665],[-71.206804,8.712727],[-71.209389,8.711304],[-71.212118,8.710105],[-71.213377,8.709039],[-71.216029,8.708369],[-71.221705,8.706377],[-71.225013,8.704475],[-71.230059,8.703005],[-71.234171,8.702683],[-71.237337,8.703053],[-71.241215,8.702577],[-71.246826,8.700725],[-71.250432,8.698035],[-71.251719,8.694724],[-71.253536,8.691466],[-71.256682,8.689545],[-71.260332,8.685961],[-71.263517,8.683031],[-71.265818,8.680538]]]},"properties":{"Parroquia":"Montalbán","Parroquia_pcode":"VE140603","Municipio":"Campo Elías","Municipio_pcode":"VE1406","Ciudad":"Mérida","adm0_name":"Venezuela (República Bolivariana de)","adm0_pcode":"VE","area_sqkm":64.11109971,"Parroquia_ref_name":"Montalban","center_lat":8.6338,"center_lon":-71.23822549}},{"type":"Feature","geometry":{"type":"Polygon","coordinates":[[[-71.235864,8.456465],[-71.236712,8.457157],[-71.237775,8.457689],[-71.240256,8.4584],[-71.240698,8.458754],[-71.24114,8.459373],[-71.243266,8.460613],[-71.244505,8.461764],[-71.246364,8.46318],[-71.249375,8.464687],[-71.250439,8.464777],[-71.251236,8.465131],[-71.252564,8.466017],[-71.253628,8.466195],[-71.255136,8.465933],[-71.256645,8.465405],[-71.258509,8.464701],[-71.259308,8.464349],[-71.260106,8.464527],[-71.260548,8.46497],[-71.263998,8.468509],[-71.26506,8.469394],[-71.265769,8.469483],[-71.26648,8.469307],[-71.268167,8.468603],[-71.269408,8.468429],[-71.271092,8.46905],[-71.2718,8.469757],[-71.272862,8.470643],[-71.273836,8.470909],[-71.275521,8.471088],[-71.277204,8.472063],[-71.278619,8.473567],[-71.279326,8.474451],[-71.280033,8.475777],[-71.280297,8.476396],[-71.28047,8.478251],[-71.280469,8.478781],[-71.281176,8.479666],[-71.281707,8.480461],[-71.28197,8.481699],[-71.282587,8.483113],[-71.282586,8.483731],[-71.283292,8.485146],[-71.284527,8.487709],[-71.287276,8.488067],[-71.289493,8.488424],[-71.290734,8.488602],[-71.295437,8.487284],[-71.297391,8.486138],[-71.29837,8.48455],[-71.299436,8.483845],[-71.301388,8.483318],[-71.304049,8.48288],[-71.30476,8.482351],[-71.30591,8.481978],[-71.306919,8.481548],[-71.306859,8.479348],[-71.30687,8.477283],[-71.307768,8.474447],[-71.307921,8.472541],[-71.308375,8.470721],[-71.308742,8.469224],[-71.309032,8.46727],[-71.308666,8.464753],[-71.308563,8.461407],[-71.308002,8.45958],[-71.307892,8.458573],[-71.30783,8.458593],[-71.307296,8.458768],[-71.30517,8.457705],[-71.304374,8.456997],[-71.301899,8.453637],[-71.299247,8.450188],[-71.296771,8.44718],[-71.295889,8.445059],[-71.294479,8.441082],[-71.292447,8.43781],[-71.291212,8.434717],[-71.290785,8.427914],[-71.290974,8.423056],[-71.290901,8.416254],[-71.289685,8.405386],[-71.287298,8.402555],[-71.283136,8.40034],[-71.281895,8.400427],[-71.274182,8.399796],[-71.268595,8.400229],[-71.263901,8.398278],[-71.259565,8.394649],[-71.25576,8.391462],[-71.249387,8.387123],[-71.246381,8.383673],[-71.244618,8.379606],[-71.241972,8.37386],[-71.236317,8.366341],[-71.234383,8.363666],[-71.232384,8.362851],[-71.231066,8.361337],[-71.227149,8.361815],[-71.223654,8.361254],[-71.21718,8.360605],[-71.213716,8.359149],[-71.211226,8.35653],[-71.207749,8.351565],[-71.206151,8.348449],[-71.202096,8.346109],[-71.198176,8.344981],[-71.195492,8.341815],[-71.191749,8.34018],[-71.188369,8.338193],[-71.18614,8.336005],[-71.183756,8.332857],[-71.181425,8.331473],[-71.178385,8.330492],[-71.175928,8.329867],[-71.17499,8.33041],[-71.17406,8.331389],[-71.171756,8.333033],[-71.16846,8.33474],[-71.166471,8.335897],[-71.166409,8.339132],[-71.166964,8.34199],[-71.167385,8.345148],[-71.167965,8.346744],[-71.170087,8.349438],[-71.170636,8.351929],[-71.16914,8.353583],[-71.166978,8.356829],[-71.164614,8.35907],[-71.162009,8.360673],[-71.15925,8.362783],[-71.157423,8.363983],[-71.154819,8.364325],[-71.152096,8.36437],[-71.149424,8.364689],[-71.145829,8.365115],[-71.147294,8.367155],[-71.14733,8.367935],[-71.148521,8.370186],[-71.149511,8.371408],[-71.151214,8.372481],[-71.153643,8.374184],[-71.154864,8.375471],[-71.15712,8.376397],[-71.159169,8.377441],[-71.160386,8.378476],[-71.161715,8.380634],[-71.163693,8.381634],[-71.165144,8.382802],[-71.166038,8.383843],[-71.167097,8.386417],[-71.16878,8.387719],[-71.170706,8.386885],[-71.17173,8.387395],[-71.172803,8.388088],[-71.173327,8.389043],[-71.174304,8.392261],[-71.174431,8.394392],[-71.17563,8.395702],[-71.176924,8.397172],[-71.178346,8.399304],[-71.180406,8.401059],[-71.181685,8.402965],[-71.183912,8.402216],[-71.184494,8.40395],[-71.184229,8.406065],[-71.185584,8.408404],[-71.18705,8.409068],[-71.189104,8.409034],[-71.191095,8.41079],[-71.192215,8.412904],[-71.191768,8.415182],[-71.192549,8.416316],[-71.194396,8.419084],[-71.196286,8.421667],[-71.196679,8.424504],[-71.196976,8.427091],[-71.19918,8.427651],[-71.200521,8.429165],[-71.200187,8.431327],[-71.2009,8.432508],[-71.202435,8.433216],[-71.204322,8.434194],[-71.206151,8.43453],[-71.208021,8.435921],[-71.209178,8.438793],[-71.210057,8.441714],[-71.210985,8.444726],[-71.212899,8.445978],[-71.215712,8.447101],[-71.218711,8.448358],[-71.221058,8.449213],[-71.223561,8.449791],[-71.224915,8.450639],[-71.227422,8.451469],[-71.228156,8.45258],[-71.229109,8.454331],[-71.229577,8.456089],[-71.231071,8.457027],[-71.235235,8.456154],[-71.235864,8.456465]]]},"properties":{"Parroquia":"Acequias","Parroquia_pcode":"VE140604","Municipio":"Campo Elías","Municipio_pcode":"VE1406","Ciudad":"Mérida","adm0_name":"Venezuela (República Bolivariana de)","adm0_pcode":"VE","area_sqkm":128.66256569,"Parroquia_ref_name":"Acequias","center_lat":8.409929,"center_lon":-71.24015604}},{"type":"Feature","geometry":{"type":"Polygon","coordinates":[[[-71.260781,8.617115],[-71.259989,8.618271],[-71.259728,8.618981],[-71.258672,8.620492],[-71.257881,8.621825],[-71.257622,8.622977],[-71.25639,8.624667],[-71.255245,8.62609],[-71.254188,8.627248],[-71.254106,8.628487],[-71.253588,8.630791],[-71.253421,8.632561],[-71.253258,8.635039],[-71.253711,8.636718],[-71.253806,8.637779],[-71.253285,8.63964],[-71.253024,8.640527],[-71.253208,8.641498],[-71.253938,8.644943],[-71.254309,8.647682],[-71.2545,8.64998],[-71.255019,8.650703],[-71.253605,8.652683],[-71.252175,8.654102],[-71.252485,8.659825],[-71.252331,8.663806],[-71.254403,8.668921],[-71.254156,8.672196],[-71.255428,8.67714],[-71.265818,8.680538],[-71.269729,8.678046],[-71.271014,8.677094],[-71.271398,8.676854],[-71.272834,8.677959],[-71.274643,8.67919],[-71.276899,8.680799],[-71.27834,8.681262],[-71.281806,8.68011],[-71.284138,8.679541],[-71.286739,8.678735],[-71.289092,8.679653],[-71.291077,8.679849],[-71.293978,8.679057],[-71.299848,8.679029],[-71.301928,8.679313],[-71.305624,8.679736],[-71.308183,8.67987],[-71.309801,8.680099],[-71.310729,8.678721],[-71.312907,8.676805],[-71.314097,8.676542],[-71.315952,8.675413],[-71.316943,8.674652],[-71.318251,8.672897],[-71.320297,8.670412],[-71.322141,8.667268],[-71.322651,8.66581],[-71.323295,8.664991],[-71.324345,8.663083],[-71.324368,8.663082],[-71.329357,8.662466],[-71.331557,8.662818],[-71.334288,8.664468],[-71.33582,8.664855],[-71.338582,8.66428],[-71.339905,8.663225],[-71.342647,8.662857],[-71.345622,8.662553],[-71.347856,8.662171],[-71.350548,8.661551],[-71.35311,8.661438],[-71.354289,8.66151],[-71.356312,8.663631],[-71.357229,8.66429],[-71.358973,8.664453],[-71.362895,8.664515],[-71.366726,8.663798],[-71.368991,8.663697],[-71.374049,8.664273],[-71.375537,8.665304],[-71.376331,8.666773],[-71.378078,8.667543],[-71.379382,8.667015],[-71.379633,8.665365],[-71.380059,8.663714],[-71.380832,8.661975],[-71.382221,8.661186],[-71.383095,8.661527],[-71.383991,8.661202],[-71.384903,8.659214],[-71.385898,8.657936],[-71.386519,8.656434],[-71.387173,8.655574],[-71.388218,8.655854],[-71.389173,8.655012],[-71.389414,8.654251],[-71.389061,8.652514],[-71.389795,8.649543],[-71.390983,8.647413],[-71.39249,8.64507],[-71.39396,8.643233],[-71.395245,8.641399],[-71.396618,8.639357],[-71.39862,8.637557],[-71.399323,8.636834],[-71.398372,8.635245],[-71.397227,8.634485],[-71.396968,8.632861],[-71.3968,8.629814],[-71.396978,8.628068],[-71.396683,8.625711],[-71.39557,8.624148],[-71.3948,8.622372],[-71.394346,8.620109],[-71.394341,8.618527],[-71.394659,8.615586],[-71.395431,8.613439],[-71.396362,8.612483],[-71.397707,8.611474],[-71.399325,8.610184],[-71.401276,8.608178],[-71.40139,8.608084],[-71.400818,8.605755],[-71.401704,8.603561],[-71.401523,8.601065],[-71.40129,8.598294],[-71.402558,8.59552],[-71.40368,8.592244],[-71.404893,8.588943],[-71.404691,8.585255],[-71.404143,8.582727],[-71.403988,8.58201],[-71.40331,8.57755],[-71.402006,8.574246],[-71.399436,8.571218],[-71.396592,8.568309],[-71.393781,8.566018],[-71.392089,8.56435],[-71.3887,8.560625],[-71.385983,8.558401],[-71.384192,8.556299],[-71.382512,8.552659],[-71.381687,8.551641],[-71.379844,8.551902],[-71.377509,8.553158],[-71.375769,8.554036],[-71.365219,8.550667],[-71.355706,8.547629],[-71.352838,8.554132],[-71.351639,8.555552],[-71.350782,8.558089],[-71.350402,8.55883],[-71.349429,8.560016],[-71.348655,8.559318],[-71.345585,8.558041],[-71.344378,8.557694],[-71.343282,8.555741],[-71.341342,8.554352],[-71.339461,8.552389],[-71.338349,8.550849],[-71.33735,8.544543],[-71.314367,8.545545],[-71.310616,8.546669],[-71.308214,8.549757],[-71.305285,8.550813],[-71.302618,8.553106],[-71.303876,8.556131],[-71.303431,8.557102],[-71.303074,8.557897],[-71.303688,8.561078],[-71.303949,8.563905],[-71.303769,8.564965],[-71.302967,8.566465],[-71.302699,8.567172],[-71.302785,8.568232],[-71.303048,8.570176],[-71.303044,8.571854],[-71.302773,8.574327],[-71.302058,8.576711],[-71.301611,8.577594],[-71.301164,8.579448],[-71.300536,8.582451],[-71.300268,8.58351],[-71.298934,8.584922],[-71.298132,8.586776],[-71.297151,8.588894],[-71.29679,8.591897],[-71.296165,8.59384],[-71.29563,8.594811],[-71.294741,8.596046],[-71.294382,8.597901],[-71.294201,8.599138],[-71.293579,8.600021],[-71.291801,8.601431],[-71.287092,8.605047],[-71.285315,8.606192],[-71.280609,8.608217],[-71.278923,8.608303],[-71.277147,8.609096],[-71.274725,8.61021],[-71.273925,8.610039],[-71.273303,8.609867],[-71.271176,8.610237],[-71.269495,8.611045],[-71.267466,8.613007],[-71.267025,8.613364],[-71.266142,8.614167],[-71.265259,8.614881],[-71.264285,8.615153],[-71.263755,8.615423],[-71.262232,8.616289],[-71.260781,8.617115]]]},"properties":{"Parroquia":"Jaji","Parroquia_pcode":"VE140605","Municipio":"Campo Elías","Municipio_pcode":"VE1406","Ciudad":"Mérida","adm0_name":"Venezuela (República Bolivariana de)","adm0_pcode":"VE","area_sqkm":174.58510393,"Parroquia_ref_name":"Jaji","center_lat":8.612745,"center_lon":-71.3319219}},{"type":"Feature","geometry":{"type":"Polygon","coordinates":[[[-71.262232,8.616289],[-71.263755,8.615423],[-71.264285,8.615153],[-71.265259,8.614881],[-71.266142,8.614167],[-71.267025,8.613364],[-71.267466,8.613007],[-71.269495,8.611045],[-71.271176,8.610237],[-71.273303,8.609867],[-71.273925,8.610039],[-71.274725,8.61021],[-71.277147,8.609096],[-71.278923,8.608303],[-71.280609,8.608217],[-71.285315,8.606192],[-71.287092,8.605047],[-71.291801,8.601431],[-71.293579,8.600021],[-71.294201,8.599138],[-71.294382,8.597901],[-71.294741,8.596046],[-71.29563,8.594811],[-71.296165,8.59384],[-71.29679,8.591897],[-71.297151,8.588894],[-71.298132,8.586776],[-71.298934,8.584922],[-71.300268,8.58351],[-71.300536,8.582451],[-71.301164,8.579448],[-71.301611,8.577594],[-71.302058,8.576711],[-71.302773,8.574327],[-71.303044,8.571854],[-71.303048,8.570176],[-71.302785,8.568232],[-71.302699,8.567172],[-71.302967,8.566465],[-71.303769,8.564965],[-71.303949,8.563905],[-71.303688,8.561078],[-71.303074,8.557897],[-71.303431,8.557102],[-71.303876,8.556131],[-71.302618,8.553106],[-71.305285,8.550813],[-71.308214,8.549757],[-71.310616,8.546669],[-71.314367,8.545545],[-71.33735,8.544543],[-71.33713,8.541673],[-71.336888,8.539659],[-71.335048,8.534668],[-71.333065,8.53211],[-71.330802,8.530819],[-71.32952,8.528776],[-71.328754,8.527207],[-71.329091,8.526651],[-71.328615,8.52448],[-71.328074,8.522494],[-71.32786,8.520823],[-71.327918,8.518759],[-71.327259,8.516706],[-71.326025,8.513378],[-71.324667,8.510946],[-71.323529,8.509177],[-71.322987,8.507191],[-71.323195,8.505811],[-71.32312,8.504161],[-71.322533,8.502199],[-71.322048,8.500831],[-71.321287,8.49956],[-71.321154,8.49853],[-71.320678,8.499043],[-71.32025,8.499646],[-71.319657,8.500069],[-71.319699,8.500694],[-71.318905,8.501319],[-71.318377,8.50203],[-71.3167,8.503458],[-71.313694,8.504896],[-71.312721,8.505257],[-71.310768,8.505095],[-71.310058,8.5051],[-71.30891,8.505905],[-71.307938,8.506531],[-71.306167,8.506899],[-71.304659,8.506821],[-71.302978,8.507543],[-71.301028,8.507646],[-71.299076,8.507483],[-71.29837,8.508196],[-71.298373,8.50855],[-71.298379,8.5097],[-71.298123,8.511294],[-71.297335,8.512981],[-71.296192,8.51467],[-71.295933,8.515822],[-71.295677,8.517504],[-71.294976,8.518925],[-71.294629,8.520254],[-71.294551,8.522112],[-71.294646,8.523173],[-71.294741,8.524233],[-71.294128,8.525565],[-71.293599,8.526011],[-71.292626,8.526372],[-71.291391,8.52762],[-71.290065,8.528337],[-71.288828,8.529143],[-71.287414,8.529861],[-71.286616,8.529955],[-71.285111,8.530409],[-71.284228,8.531034],[-71.28246,8.532286],[-71.282112,8.533438],[-71.28194,8.534324],[-71.281411,8.534859],[-71.28088,8.534951],[-71.280441,8.535751],[-71.27868,8.537887],[-71.277002,8.539138],[-71.275858,8.540561],[-71.274723,8.543666],[-71.274026,8.545794],[-71.274035,8.547298],[-71.274307,8.548269],[-71.275374,8.548792],[-71.275913,8.549938],[-71.275837,8.552061],[-71.275667,8.553213],[-71.276026,8.553918],[-71.277364,8.555234],[-71.277722,8.555762],[-71.277724,8.556205],[-71.277373,8.556738],[-71.277289,8.557623],[-71.278455,8.559826],[-71.279089,8.561944],[-71.279014,8.564156],[-71.278485,8.564779],[-71.277253,8.56638],[-71.276022,8.568247],[-71.27515,8.570819],[-71.273488,8.574635],[-71.272605,8.575437],[-71.272168,8.576502],[-71.273167,8.580386],[-71.275044,8.582849],[-71.275947,8.585496],[-71.275606,8.58771],[-71.275264,8.589924],[-71.272362,8.594192],[-71.267957,8.599267],[-71.26452,8.603008],[-71.263819,8.604517],[-71.263741,8.606286],[-71.263138,8.609387],[-71.263689,8.612567],[-71.262232,8.616289]]]},"properties":{"Parroquia":"La Mesa","Parroquia_pcode":"VE140606","Municipio":"Campo Elías","Municipio_pcode":"VE1406","Ciudad":"Mérida","adm0_name":"Venezuela (República Bolivariana de)","adm0_pcode":"VE","area_sqkm":40.76539473,"Parroquia_ref_name":"La Mesa","center_lat":8.5573625,"center_lon":-71.29031387}},{"type":"Feature","geometry":{"type":"Polygon","coordinates":[[[-71.234383,8.363666],[-71.236317,8.366341],[-71.241972,8.37386],[-71.244618,8.379606],[-71.246381,8.383673],[-71.249387,8.387123],[-71.25576,8.391462],[-71.259565,8.394649],[-71.263901,8.398278],[-71.268595,8.400229],[-71.274182,8.399796],[-71.281895,8.400427],[-71.283136,8.40034],[-71.287298,8.402555],[-71.289685,8.405386],[-71.290901,8.416254],[-71.290974,8.423056],[-71.290785,8.427914],[-71.291212,8.434717],[-71.292447,8.43781],[-71.294479,8.441082],[-71.295889,8.445059],[-71.296771,8.44718],[-71.299247,8.450188],[-71.301899,8.453637],[-71.304374,8.456997],[-71.30517,8.457705],[-71.307296,8.458768],[-71.30783,8.458593],[-71.307695,8.45782],[-71.30819,8.4571],[-71.309906,8.456177],[-71.311291,8.454754],[-71.312976,8.453372],[-71.313924,8.452095],[-71.314385,8.450711],[-71.31423,8.448351],[-71.314598,8.446923],[-71.31573,8.44562],[-71.316886,8.444316],[-71.318087,8.437552],[-71.319889,8.434838],[-71.321548,8.433297],[-71.321872,8.431961],[-71.322863,8.430499],[-71.324489,8.429715],[-71.327896,8.427799],[-71.329957,8.426801],[-71.33247,8.425244],[-71.334543,8.422273],[-71.335112,8.420428],[-71.334249,8.417186],[-71.333022,8.412895],[-71.332767,8.411478],[-71.333444,8.409173],[-71.334454,8.407458],[-71.335854,8.405669],[-71.337892,8.404694],[-71.339516,8.403817],[-71.34117,8.403331],[-71.343267,8.403088],[-71.345058,8.402507],[-71.346814,8.401262],[-71.349198,8.400235],[-71.351561,8.400745],[-71.352608,8.401209],[-71.35386,8.401555],[-71.354902,8.400344],[-71.356081,8.399086],[-71.356318,8.396742],[-71.355181,8.393689],[-71.35341,8.391357],[-71.349819,8.390592],[-71.347083,8.389905],[-71.345504,8.389382],[-71.344568,8.388618],[-71.34349,8.386343],[-71.343122,8.385042],[-71.343446,8.383706],[-71.343757,8.381659],[-71.344162,8.37968],[-71.344166,8.377203],[-71.343329,8.374097],[-71.342106,8.371389],[-71.341656,8.369379],[-71.343496,8.366228],[-71.346486,8.362921],[-71.349705,8.359472],[-71.353231,8.35643],[-71.356048,8.353699],[-71.359247,8.350434],[-71.362206,8.347998],[-71.365332,8.344482],[-71.367651,8.342424],[-71.368334,8.340532],[-71.367843,8.337421],[-71.365794,8.335002],[-71.365124,8.332283],[-71.364399,8.330346],[-71.363392,8.326566],[-71.361663,8.322921],[-71.359689,8.320035],[-71.35703,8.317936],[-71.354353,8.316159],[-71.349924,8.316649],[-71.346978,8.31554],[-71.345572,8.313815],[-71.344489,8.314012],[-71.341246,8.315266],[-71.338378,8.31686],[-71.336052,8.319455],[-71.332864,8.321557],[-71.329609,8.323682],[-71.325885,8.325264],[-71.32433,8.322647],[-71.320865,8.32065],[-71.317677,8.318626],[-71.314393,8.318277],[-71.312479,8.31853],[-71.311963,8.319888],[-71.309746,8.32191],[-71.308282,8.323211],[-71.30628,8.32594],[-71.302448,8.328164],[-71.29971,8.330779],[-71.297817,8.332118],[-71.294798,8.332376],[-71.290676,8.331551],[-71.286376,8.332541],[-71.283132,8.333192],[-71.279013,8.333972],[-71.276618,8.337017],[-71.274956,8.34115],[-71.27321,8.344413],[-71.272288,8.34725],[-71.269547,8.34897],[-71.26635,8.35102],[-71.262081,8.351091],[-71.259155,8.350039],[-71.256745,8.349552],[-71.251255,8.349713],[-71.247221,8.351455],[-71.243939,8.355364],[-71.241291,8.358505],[-71.237015,8.362315],[-71.234383,8.363666]]]},"properties":{"Parroquia":"San José del Sur","Parroquia_pcode":"VE140607","Municipio":"Campo Elías","Municipio_pcode":"VE1406","Ciudad":"Mérida","adm0_name":"Venezuela (República Bolivariana de)","adm0_pcode":"VE","area_sqkm":114.19025331,"Parroquia_ref_name":"San Jose del Sur","center_lat":8.3856925,"center_lon":-71.2957233}},{"type":"Feature","geometry":{"type":"Polygon","coordinates":[[[-71.035382,8.893255],[-71.03739,8.89336],[-71.041947,8.893188],[-71.04486,8.89352],[-71.04887,8.893569],[-71.053865,8.893408],[-71.057842,8.893114],[-71.060247,8.893437],[-71.061341,8.895445],[-71.06152,8.897708],[-71.062094,8.89925],[-71.064334,8.901066],[-71.067703,8.901224],[-71.070974,8.901202],[-71.073614,8.900052],[-71.076087,8.899548],[-71.077393,8.900886],[-71.078094,8.902081],[-71.079351,8.903329],[-71.080838,8.904593],[-71.084364,8.903006],[-71.085702,8.900609],[-71.087702,8.898859],[-71.090239,8.8973],[-71.093714,8.894729],[-71.09666,8.892998],[-71.099353,8.890472],[-71.102447,8.887477],[-71.104046,8.885348],[-71.105449,8.88366],[-71.107587,8.881882],[-71.110148,8.881193],[-71.111842,8.881649],[-71.115513,8.879486],[-71.117886,8.879465],[-71.121745,8.880709],[-71.125125,8.882081],[-71.127215,8.883488],[-71.130549,8.885686],[-71.134493,8.887454],[-71.13699,8.888598],[-71.140411,8.88896],[-71.143182,8.888379],[-71.14575,8.886337],[-71.147739,8.886602],[-71.147375,8.888376],[-71.146952,8.89132],[-71.148222,8.894651],[-71.150362,8.896996],[-71.150616,8.90267],[-71.150717,8.905392],[-71.153159,8.907821],[-71.154393,8.908267],[-71.156537,8.909948],[-71.157538,8.911912],[-71.157582,8.915874],[-71.157942,8.917994],[-71.159155,8.920113],[-71.164154,8.920874],[-71.16579,8.92097],[-71.166772,8.921565],[-71.169057,8.922723],[-71.170857,8.923871],[-71.173848,8.923772],[-71.175912,8.923444],[-71.178045,8.924055],[-71.179283,8.924804],[-71.184381,8.926097],[-71.186784,8.926426],[-71.189825,8.926532],[-71.193453,8.927083],[-71.196264,8.92809],[-71.198601,8.927663],[-71.201154,8.92567],[-71.203636,8.925515],[-71.204429,8.925908],[-71.206233,8.926252],[-71.207736,8.926535],[-71.210035,8.927302],[-71.211569,8.926942],[-71.212876,8.926748],[-71.215367,8.926937],[-71.215758,8.926927],[-71.217166,8.927074],[-71.218,8.927283],[-71.21884,8.926802],[-71.219245,8.926425],[-71.220106,8.925852],[-71.221053,8.925965],[-71.221944,8.926631],[-71.222602,8.927165],[-71.223733,8.928238],[-71.225243,8.929714],[-71.227093,8.930056],[-71.227396,8.930209],[-71.228197,8.930923],[-71.230232,8.931284],[-71.230811,8.931453],[-71.231014,8.932205],[-71.231018,8.932366],[-71.231364,8.933275],[-71.23176,8.934412],[-71.23184,8.935787],[-71.232266,8.937153],[-71.232666,8.93751],[-71.233063,8.937729],[-71.232737,8.939436],[-71.232744,8.939734],[-71.233206,8.940777],[-71.233256,8.940891],[-71.233147,8.942982],[-71.232941,8.943974],[-71.232259,8.945254],[-71.232246,8.945668],[-71.232221,8.946494],[-71.23256,8.947174],[-71.233353,8.948508],[-71.234409,8.949353],[-71.235463,8.95006],[-71.235881,8.950569],[-71.235899,8.950556],[-71.249726,8.941107],[-71.250572,8.940529],[-71.250596,8.940512],[-71.268993,8.928366],[-71.270565,8.927328],[-71.270667,8.926997],[-71.270692,8.926925],[-71.27072,8.926844],[-71.270814,8.925632],[-71.270823,8.925513],[-71.27056,8.925244],[-71.269583,8.925235],[-71.268966,8.924874],[-71.268882,8.924429],[-71.269423,8.923635],[-71.269442,8.921859],[-71.269319,8.921646],[-71.268309,8.919895],[-71.267786,8.919002],[-71.267885,8.918027],[-71.268155,8.917674],[-71.268156,8.917596],[-71.26816,8.91723],[-71.266398,8.91597],[-71.264195,8.914439],[-71.263766,8.913102],[-71.26105,8.909791],[-71.259824,8.908181],[-71.259213,8.907198],[-71.2585,8.907369],[-71.257968,8.907364],[-71.257712,8.906384],[-71.257111,8.904514],[-71.25792,8.903545],[-71.258731,8.902399],[-71.258914,8.901957],[-71.25804,8.900705],[-71.256538,8.89998],[-71.255038,8.899166],[-71.253025,8.896483],[-71.251817,8.893275],[-71.25134,8.888121],[-71.250856,8.883676],[-71.250628,8.880122],[-71.251404,8.874003],[-71.249441,8.858534],[-71.247224,8.850166],[-71.243937,8.847652],[-71.240212,8.847519],[-71.23821,8.847414],[-71.236098,8.846504],[-71.234393,8.845455],[-71.233402,8.843541],[-71.233627,8.838437],[-71.233561,8.837122],[-71.233055,8.83529],[-71.23248,8.83207],[-71.23065,8.828538],[-71.230243,8.827291],[-71.229331,8.825598],[-71.22866,8.824565],[-71.227234,8.823593],[-71.225089,8.822026],[-71.22279,8.821478],[-71.22092,8.819916],[-71.219671,8.818363],[-71.21898,8.815579],[-71.218144,8.812647],[-71.217222,8.810733],[-71.215672,8.808665],[-71.21168,8.805974],[-71.208992,8.804544],[-71.207218,8.803493],[-71.206202,8.802455],[-71.205369,8.799596],[-71.205607,8.797484],[-71.20554,8.794783],[-71.205502,8.792666],[-71.204863,8.790904],[-71.202189,8.784294],[-71.198594,8.778544],[-71.194302,8.776723],[-71.190181,8.774175],[-71.188424,8.772103],[-71.186797,8.768502],[-71.185932,8.766371],[-71.185091,8.76198],[-71.184748,8.757888],[-71.184677,8.755113],[-71.184247,8.752041],[-71.183864,8.748532],[-71.175132,8.727661],[-71.174957,8.728026],[-71.173691,8.728863],[-71.170748,8.729793],[-71.164738,8.735458],[-71.160906,8.736756],[-71.156624,8.736852],[-71.1522,8.735121],[-71.14794,8.733499],[-71.144219,8.733831],[-71.141313,8.73531],[-71.139454,8.737125],[-71.136706,8.739286],[-71.135716,8.742566],[-71.132775,8.746062],[-71.129364,8.746775],[-71.126444,8.747773],[-71.124326,8.749389],[-71.118359,8.752556],[-71.114705,8.75607],[-71.112161,8.75976],[-71.109979,8.762409],[-71.108835,8.765922],[-71.106305,8.768512],[-71.102747,8.771382],[-71.0999,8.774118],[-71.095477,8.773256],[-71.092246,8.77385],[-71.089558,8.775711],[-71.085573,8.781389],[-71.083465,8.783394],[-71.081518,8.787044],[-71.080858,8.789765],[-71.079152,8.79137],[-71.077414,8.792633],[-71.07504,8.79744],[-71.072969,8.798345],[-71.07001,8.797144],[-71.067568,8.796295],[-71.064033,8.797539],[-71.058967,8.801664],[-71.057196,8.805837],[-71.055917,8.807842],[-71.053993,8.808216],[-71.052094,8.809528],[-71.050554,8.811266],[-71.048173,8.81179],[-71.044434,8.811527],[-71.042161,8.810971],[-71.039637,8.811293],[-71.036784,8.813044],[-71.033238,8.815571],[-71.032125,8.81693],[-71.031402,8.81908],[-71.0307,8.822765],[-71.030123,8.828461],[-71.028201,8.836279],[-71.027291,8.8473],[-71.026525,8.852841],[-71.027146,8.856076],[-71.026695,8.860511],[-71.025341,8.864763],[-71.025363,8.86719],[-71.027584,8.869145],[-71.031,8.87102],[-71.032015,8.873512],[-71.030904,8.874986],[-71.028915,8.876323],[-71.027569,8.878445],[-71.02804,8.880425],[-71.027806,8.882745],[-71.027683,8.884924],[-71.029866,8.888002],[-71.035382,8.893255]]]},"properties":{"Parroquia":"Capital Caracciolo Parra Olmedo","Parroquia_pcode":"VE140701","Municipio":"Caracciolo Parra Olmedo","Municipio_pcode":"VE1407","Ciudad":"Mérida","adm0_name":"Venezuela (República Bolivariana de)","adm0_pcode":"VE","area_sqkm":348.07171993,"Parroquia_ref_name":"Capital Caracciolo Parra Olmedo","center_lat":8.840989,"center_lon":-71.1306633}},{"type":"Feature","geometry":{"type":"Polygon","coordinates":[[[-71.175132,8.727661],[-71.183864,8.748532],[-71.184247,8.752041],[-71.184677,8.755113],[-71.184748,8.757888],[-71.185091,8.76198],[-71.185932,8.766371],[-71.186797,8.768502],[-71.188424,8.772103],[-71.190181,8.774175],[-71.194302,8.776723],[-71.198594,8.778544],[-71.202189,8.784294],[-71.204863,8.790904],[-71.205502,8.792666],[-71.20554,8.794783],[-71.205607,8.797484],[-71.205369,8.799596],[-71.206202,8.802455],[-71.207218,8.803493],[-71.208992,8.804544],[-71.21168,8.805974],[-71.215672,8.808665],[-71.217222,8.810733],[-71.218144,8.812647],[-71.21898,8.815579],[-71.219671,8.818363],[-71.22092,8.819916],[-71.22279,8.821478],[-71.225089,8.822026],[-71.227234,8.823593],[-71.22866,8.824565],[-71.229331,8.825598],[-71.230243,8.827291],[-71.23065,8.828538],[-71.23248,8.83207],[-71.233055,8.83529],[-71.233561,8.837122],[-71.233627,8.838437],[-71.233402,8.843541],[-71.234393,8.845455],[-71.236098,8.846504],[-71.23821,8.847414],[-71.240212,8.847519],[-71.243937,8.847652],[-71.247224,8.850166],[-71.249441,8.858534],[-71.251404,8.874003],[-71.250628,8.880122],[-71.250856,8.883676],[-71.25134,8.888121],[-71.251817,8.893275],[-71.253025,8.896483],[-71.255038,8.899166],[-71.256538,8.89998],[-71.25804,8.900705],[-71.258914,8.901957],[-71.258731,8.902399],[-71.25792,8.903545],[-71.257111,8.904514],[-71.257712,8.906384],[-71.257968,8.907364],[-71.2585,8.907369],[-71.259213,8.907198],[-71.259824,8.908181],[-71.26105,8.909791],[-71.263766,8.913102],[-71.264195,8.914439],[-71.266398,8.91597],[-71.26816,8.91723],[-71.268156,8.917596],[-71.268155,8.917674],[-71.267885,8.918027],[-71.267786,8.919002],[-71.268309,8.919895],[-71.269319,8.921646],[-71.269442,8.921859],[-71.269423,8.923635],[-71.268882,8.924429],[-71.268966,8.924874],[-71.269583,8.925235],[-71.27056,8.925244],[-71.270823,8.925513],[-71.270814,8.925632],[-71.27072,8.926844],[-71.270692,8.926925],[-71.270667,8.926997],[-71.270565,8.927328],[-71.308464,8.902305],[-71.308729,8.902257],[-71.308411,8.903059],[-71.308264,8.904965],[-71.308949,8.906969],[-71.310676,8.909319],[-71.312487,8.911254],[-71.314944,8.913245],[-71.316011,8.913659],[-71.317916,8.914538],[-71.319733,8.915647],[-71.322112,8.917204],[-71.324668,8.918413],[-71.327087,8.919648],[-71.329824,8.920694],[-71.332148,8.920578],[-71.333416,8.920713],[-71.333995,8.920885],[-71.335029,8.920795],[-71.337233,8.920498],[-71.339434,8.920018],[-71.340792,8.920036],[-71.342189,8.919641],[-71.342443,8.918536],[-71.342452,8.917825],[-71.342942,8.917035],[-71.34429,8.916504],[-71.345406,8.915908],[-71.345786,8.915327],[-71.347124,8.914337],[-71.348254,8.914452],[-71.3492,8.914547],[-71.350293,8.915121],[-71.35095,8.915727],[-71.350951,8.915728],[-71.351632,8.914875],[-71.352022,8.914407],[-71.352768,8.913512],[-71.352694,8.913308],[-71.352089,8.913048],[-71.352885,8.911627],[-71.353015,8.911395],[-71.353943,8.910219],[-71.354844,8.909076],[-71.355948,8.907211],[-71.356603,8.904877],[-71.356865,8.902483],[-71.357586,8.900904],[-71.357963,8.89938],[-71.358363,8.897006],[-71.359428,8.894478],[-71.359056,8.893409],[-71.357567,8.89191],[-71.356448,8.890423],[-71.355475,8.888314],[-71.354835,8.887574],[-71.354421,8.885772],[-71.354496,8.883246],[-71.35469,8.880877],[-71.354949,8.879287],[-71.355195,8.878087],[-71.355881,8.876968],[-71.356706,8.874973],[-71.357293,8.873604],[-71.357405,8.872569],[-71.357267,8.870737],[-71.356969,8.868955],[-71.356587,8.866578],[-71.35641,8.864999],[-71.356359,8.862958],[-71.356265,8.861974],[-71.355916,8.860905],[-71.355853,8.859323],[-71.355404,8.857935],[-71.355499,8.856188],[-71.35533,8.854059],[-71.355413,8.852749],[-71.354767,8.850838],[-71.354079,8.849112],[-71.353529,8.848277],[-71.353125,8.846865],[-71.353077,8.845856],[-71.353044,8.844549],[-71.351846,8.844488],[-71.349892,8.844585],[-71.349008,8.845112],[-71.347854,8.845899],[-71.346486,8.84644],[-71.345118,8.846016],[-71.344043,8.845355],[-71.343349,8.844295],[-71.342517,8.843238],[-71.341582,8.842665],[-71.339648,8.842692],[-71.338224,8.842798],[-71.337522,8.842311],[-71.336222,8.840968],[-71.335063,8.839713],[-71.334226,8.838425],[-71.333748,8.836808],[-71.332646,8.835093],[-71.331933,8.83417],[-71.333004,8.832812],[-71.333141,8.831867],[-71.333198,8.830443],[-71.333745,8.829305],[-71.334474,8.828093],[-71.335374,8.826348],[-71.335598,8.824255],[-71.335627,8.823565],[-71.336185,8.821945],[-71.337414,8.820467],[-71.338292,8.81877],[-71.338325,8.816428],[-71.337675,8.815275],[-71.336543,8.814179],[-71.335322,8.813178],[-71.334594,8.810742],[-71.33372,8.809846],[-71.333796,8.808284],[-71.331787,8.807097],[-71.331516,8.805451],[-71.330292,8.803418],[-71.329537,8.801739],[-71.328856,8.799347],[-71.328673,8.796621],[-71.326525,8.796332],[-71.325486,8.793422],[-71.324166,8.792148],[-71.322359,8.791689],[-71.320569,8.790955],[-71.318882,8.789759],[-71.317254,8.788148],[-71.315077,8.785726],[-71.313085,8.784285],[-71.312268,8.782907],[-71.311236,8.782084],[-71.310151,8.781056],[-71.308316,8.780346],[-71.305712,8.780184],[-71.30431,8.779348],[-71.302906,8.778397],[-71.300937,8.776956],[-71.298854,8.774646],[-71.296867,8.773412],[-71.295398,8.771705],[-71.294059,8.77057],[-71.292934,8.769749],[-71.291877,8.767964],[-71.290893,8.767047],[-71.289923,8.766135],[-71.288814,8.764426],[-71.287955,8.762572],[-71.287508,8.759836],[-71.285004,8.758464],[-71.2814,8.758039],[-71.278516,8.754663],[-71.275637,8.753049],[-71.271963,8.751],[-71.268126,8.749711],[-71.265713,8.748267],[-71.262796,8.747731],[-71.260254,8.74581],[-71.258436,8.744235],[-71.253439,8.741055],[-71.248984,8.739074],[-71.24637,8.737865],[-71.243479,8.734213],[-71.239881,8.731566],[-71.23753,8.729891],[-71.23421,8.728954],[-71.230522,8.72805],[-71.227637,8.726985],[-71.224186,8.723074],[-71.222459,8.719846],[-71.220262,8.718717],[-71.217047,8.715784],[-71.213377,8.709039],[-71.212118,8.710105],[-71.209389,8.711304],[-71.206804,8.712727],[-71.20195,8.713665],[-71.197619,8.716032],[-71.190071,8.719404],[-71.185692,8.720099],[-71.181314,8.721596],[-71.178686,8.723135],[-71.177164,8.724643],[-71.175132,8.727661]]]},"properties":{"Parroquia":"Florencio Ramírez","Parroquia_pcode":"VE140702","Municipio":"Caracciolo Parra Olmedo","Municipio_pcode":"VE1407","Ciudad":"Mérida","adm0_name":"Venezuela (República Bolivariana de)","adm0_pcode":"VE","area_sqkm":241.00231521,"Parroquia_ref_name":"Florencio Ramirez","center_lat":8.8173955,"center_lon":-71.27887112}},{"type":"Feature","geometry":{"type":"Polygon","coordinates":[[[-70.674973,8.898538],[-70.676336,8.898504],[-70.678221,8.897115],[-70.680442,8.89697],[-70.682655,8.897443],[-70.684235,8.898704],[-70.686394,8.900565],[-70.688135,8.90259],[-70.691777,8.904776],[-70.695593,8.906156],[-70.698732,8.90713],[-70.700269,8.909341],[-70.700864,8.91216],[-70.70172,8.913828],[-70.703829,8.913941],[-70.706283,8.915635],[-70.708686,8.915262],[-70.712055,8.914441],[-70.716984,8.912659],[-70.720026,8.913289],[-70.72277,8.912498],[-70.725918,8.910738],[-70.728766,8.910796],[-70.730212,8.911491],[-70.731736,8.91122],[-70.733636,8.911358],[-70.735383,8.910441],[-70.736911,8.908837],[-70.741291,8.905867],[-70.739611,8.90329],[-70.739835,8.901082],[-70.74123,8.898215],[-70.743919,8.896828],[-70.745216,8.895204],[-70.747096,8.892286],[-70.74999,8.89062],[-70.752212,8.890524],[-70.756409,8.89222],[-70.757052,8.892219],[-70.763038,8.890992],[-70.76425,8.890803],[-70.765001,8.889962],[-70.766604,8.887629],[-70.767289,8.886322],[-70.767383,8.883434],[-70.767045,8.881479],[-70.766843,8.880268],[-70.767729,8.877751],[-70.767873,8.875794],[-70.768363,8.873091],[-70.769546,8.871318],[-70.771285,8.86973],[-70.773216,8.86721],[-70.775045,8.865342],[-70.777974,8.864217],[-70.78102,8.864488],[-70.782587,8.863273],[-70.785191,8.85982],[-70.787264,8.857858],[-70.790601,8.856545],[-70.794292,8.856722],[-70.795426,8.856439],[-70.799181,8.85466],[-70.800244,8.854098],[-70.802265,8.85372],[-70.804451,8.853248],[-70.807193,8.852962],[-70.809146,8.852212],[-70.812144,8.851457],[-70.809572,8.849345],[-70.809315,8.847601],[-70.809331,8.845464],[-70.809577,8.843232],[-70.810123,8.840882],[-70.812006,8.838193],[-70.812425,8.836741],[-70.812804,8.83414],[-70.812513,8.831547],[-70.810761,8.828764],[-70.808492,8.827091],[-70.805306,8.824487],[-70.802683,8.82229],[-70.79987,8.819819],[-70.797498,8.81902],[-70.796422,8.818183],[-70.795611,8.816492],[-70.794419,8.815633],[-70.793372,8.813624],[-70.794201,8.813361],[-70.79536,8.813508],[-70.797031,8.813832],[-70.798808,8.813443],[-70.80109,8.812773],[-70.802488,8.811814],[-70.803576,8.810215],[-70.804776,8.806662],[-70.805656,8.805088],[-70.80739,8.80332],[-70.807547,8.801342],[-70.807137,8.798544],[-70.807733,8.79486],[-70.808782,8.792136],[-70.808572,8.790346],[-70.80776,8.78861],[-70.807123,8.787721],[-70.806494,8.785775],[-70.805537,8.781995],[-70.804623,8.779548],[-70.803061,8.778693],[-70.802372,8.776558],[-70.801364,8.774136],[-70.800897,8.772576],[-70.800952,8.770832],[-70.801351,8.76882],[-70.802546,8.767229],[-70.80279,8.766266],[-70.802415,8.764965],[-70.801696,8.763933],[-70.801041,8.761679],[-70.801261,8.759409],[-70.801851,8.758264],[-70.792681,8.758957],[-70.786774,8.764366],[-70.784999,8.766478],[-70.78377,8.767987],[-70.782653,8.770826],[-70.780566,8.772161],[-70.777375,8.773992],[-70.775725,8.775114],[-70.773633,8.777782],[-70.770099,8.779938],[-70.76856,8.780761],[-70.766176,8.78072],[-70.763135,8.780113],[-70.760497,8.780145],[-70.757296,8.781286],[-70.753313,8.782781],[-70.749434,8.783424],[-70.749171,8.782807],[-70.749751,8.78126],[-70.749445,8.779242],[-70.747323,8.77474],[-70.745576,8.772302],[-70.745442,8.771017],[-70.746439,8.769465],[-70.746747,8.768359],[-70.74753,8.766396],[-70.749142,8.762516],[-70.749844,8.75975],[-70.749449,8.757986],[-70.748435,8.758319],[-70.747426,8.75732],[-70.746268,8.755634],[-70.74523,8.754198],[-70.742877,8.753066],[-70.742666,8.752965],[-70.74054,8.753151],[-70.738578,8.753496],[-70.737213,8.753301],[-70.736792,8.753241],[-70.734219,8.751272],[-70.733369,8.750041],[-70.734133,8.748681],[-70.734133,8.748681],[-70.73414,8.748669],[-70.733846,8.748488],[-70.733636,8.74877],[-70.729648,8.75104],[-70.727405,8.752478],[-70.725376,8.752923],[-70.723513,8.752171],[-70.720938,8.7532],[-70.718218,8.755174],[-70.715689,8.757559],[-70.714025,8.760505],[-70.711319,8.763375],[-70.705872,8.765712],[-70.70498,8.768105],[-70.703769,8.771356],[-70.704028,8.77154],[-70.703626,8.772522],[-70.70319,8.773587],[-70.700547,8.774905],[-70.698181,8.776127],[-70.695063,8.778279],[-70.692675,8.781581],[-70.692632,8.78164],[-70.690749,8.78435],[-70.689138,8.78669],[-70.68811,8.789368],[-70.686857,8.792462],[-70.686039,8.795252],[-70.684973,8.798505],[-70.682678,8.801542],[-70.679901,8.803229],[-70.678489,8.804946],[-70.675869,8.806264],[-70.671397,8.807626],[-70.665998,8.810585],[-70.664365,8.812994],[-70.662658,8.815105],[-70.66252,8.816877],[-70.663938,8.818998],[-70.66392,8.82102],[-70.663133,8.822707],[-70.661463,8.824082],[-70.661446,8.824236],[-70.662589,8.826526],[-70.664927,8.831367],[-70.665431,8.83241],[-70.66579,8.834341],[-70.666503,8.838175],[-70.663236,8.84954],[-70.661925,8.854387],[-70.659872,8.861523],[-70.657857,8.865919],[-70.656116,8.869698],[-70.656966,8.872452],[-70.658881,8.875133],[-70.659757,8.875942],[-70.661531,8.876056],[-70.662592,8.876336],[-70.664265,8.877333],[-70.66602,8.878773],[-70.666618,8.880374],[-70.66722,8.881798],[-70.66792,8.882515],[-70.667909,8.883311],[-70.66798,8.884551],[-70.668659,8.886772],[-70.669875,8.888647],[-70.670745,8.889898],[-70.670895,8.891846],[-70.671507,8.892562],[-70.672567,8.892931],[-70.673179,8.893559],[-70.673952,8.895428],[-70.67429,8.896671],[-70.674811,8.897475],[-70.674973,8.898538]]]},"properties":{"Parroquia":"Capital Cardenal Quintero","Parroquia_pcode":"VE140801","Municipio":"Cardenal Quintero","Municipio_pcode":"VE1408","Ciudad":"Mérida","adm0_name":"Venezuela (República Bolivariana de)","adm0_pcode":"VE","area_sqkm":203.8024834,"Parroquia_ref_name":"Capital Cardenal Quintero","center_lat":8.8319785,"center_lon":-70.73889202}},{"type":"Feature","geometry":{"type":"Polygon","coordinates":[[[-70.549838,9.005528],[-70.549903,9.005565],[-70.553339,9.00746],[-70.555031,9.008328],[-70.556799,9.008621],[-70.558636,9.008911],[-70.560632,9.009082],[-70.562252,9.009837],[-70.563972,9.010865],[-70.565313,9.011583],[-70.567106,9.011943],[-70.568878,9.011547],[-70.570988,9.010888],[-70.573853,9.010712],[-70.574689,9.010779],[-70.576848,9.011017],[-70.577394,9.010954],[-70.579054,9.010766],[-70.582559,9.01037],[-70.584859,9.00886],[-70.587041,9.007427],[-70.587499,9.007001],[-70.595771,8.999324],[-70.59865,8.996712],[-70.599664,8.994072],[-70.602372,8.991015],[-70.60506,8.989284],[-70.605974,8.987439],[-70.606973,8.985861],[-70.60842,8.984023],[-70.608892,8.982083],[-70.609349,8.981117],[-70.610892,8.97875],[-70.61137,8.976369],[-70.613366,8.973389],[-70.613664,8.971182],[-70.613694,8.969059],[-70.61365,8.965874],[-70.613575,8.9649],[-70.612711,8.963207],[-70.612828,8.961262],[-70.613463,8.960298],[-70.614718,8.959431],[-70.616231,8.959187],[-70.618203,8.957889],[-70.619633,8.957201],[-70.620791,8.956952],[-70.621151,8.956604],[-70.62437,8.955057],[-70.625636,8.953483],[-70.626277,8.952077],[-70.62718,8.951028],[-70.628709,8.949634],[-70.630852,8.94878],[-70.63264,8.947921],[-70.633197,8.94616],[-70.633238,8.94324],[-70.634256,8.940335],[-70.63597,8.938413],[-70.638832,8.93695],[-70.640007,8.935463],[-70.640468,8.934231],[-70.640493,8.932462],[-70.640342,8.930602],[-70.640005,8.929359],[-70.638252,8.927742],[-70.638279,8.925796],[-70.638227,8.92323],[-70.637951,8.917653],[-70.638516,8.915361],[-70.639691,8.913874],[-70.641765,8.911603],[-70.64483,8.908285],[-70.64574,8.906706],[-70.646303,8.904591],[-70.646594,8.902824],[-70.648299,8.901522],[-70.650456,8.899606],[-70.651628,8.898384],[-70.653775,8.897265],[-70.657509,8.896876],[-70.661435,8.895427],[-70.663759,8.89431],[-70.664469,8.89432],[-70.666849,8.895504],[-70.671326,8.899106],[-70.67212,8.899471],[-70.674073,8.89941],[-70.674973,8.898538],[-70.674811,8.897475],[-70.67429,8.896671],[-70.673952,8.895428],[-70.673179,8.893559],[-70.672567,8.892931],[-70.671507,8.892562],[-70.670895,8.891846],[-70.670745,8.889898],[-70.669875,8.888647],[-70.668659,8.886772],[-70.66798,8.884551],[-70.667909,8.883311],[-70.66792,8.882515],[-70.66722,8.881798],[-70.666618,8.880374],[-70.66602,8.878773],[-70.664265,8.877333],[-70.662592,8.876336],[-70.661531,8.876056],[-70.659757,8.875942],[-70.658881,8.875133],[-70.656966,8.872452],[-70.656116,8.869698],[-70.657857,8.865919],[-70.659872,8.861523],[-70.661925,8.854387],[-70.663236,8.84954],[-70.666503,8.838175],[-70.66579,8.834341],[-70.665431,8.83241],[-70.664927,8.831367],[-70.662589,8.826526],[-70.661446,8.824236],[-70.66107,8.827488],[-70.659401,8.830679],[-70.657074,8.831464],[-70.655516,8.832631],[-70.654293,8.834576],[-70.650881,8.835627],[-70.649481,8.836447],[-70.648016,8.837659],[-70.645709,8.839915],[-70.64448,8.841469],[-70.641856,8.844189],[-70.639785,8.845086],[-70.637585,8.845088],[-70.635822,8.84481],[-70.633575,8.844721],[-70.631211,8.844519],[-70.629783,8.84334],[-70.628117,8.841682],[-70.626426,8.839932],[-70.625313,8.838084],[-70.624349,8.837038],[-70.622126,8.836949],[-70.62009,8.837041],[-70.615835,8.835619],[-70.613677,8.8353],[-70.612148,8.835202],[-70.612019,8.835939],[-70.61201,8.836996],[-70.611706,8.838448],[-70.61098,8.839513],[-70.609702,8.840884],[-70.608527,8.843012],[-70.607208,8.844728],[-70.60661,8.84501],[-70.605202,8.845256],[-70.603021,8.846615],[-70.600531,8.847333],[-70.597613,8.847252],[-70.594531,8.847035],[-70.591505,8.845805],[-70.587801,8.844147],[-70.585281,8.84266],[-70.583754,8.842723],[-70.583346,8.843371],[-70.583133,8.844729],[-70.58211,8.846143],[-70.580476,8.846851],[-70.578012,8.847776],[-70.576445,8.850023],[-70.576176,8.850259],[-70.574752,8.851513],[-70.573697,8.852214],[-70.570629,8.854709],[-70.568985,8.856428],[-70.568025,8.857335],[-70.567601,8.858489],[-70.567835,8.858693],[-70.568929,8.859095],[-70.569771,8.859705],[-70.571271,8.86109],[-70.572171,8.862574],[-70.572347,8.863629],[-70.57261,8.865924],[-70.573427,8.868144],[-70.575591,8.868992],[-70.576279,8.870156],[-70.577533,8.872164],[-70.57796,8.874664],[-70.577414,8.877015],[-70.576851,8.878239],[-70.576303,8.880475],[-70.576767,8.882239],[-70.577703,8.884711],[-70.577382,8.888277],[-70.577057,8.889935],[-70.577244,8.891772],[-70.577883,8.894499],[-70.578579,8.89633],[-70.578266,8.897115],[-70.577826,8.900521],[-70.577808,8.900912],[-70.576994,8.902346],[-70.576314,8.903434],[-70.575622,8.905326],[-70.575215,8.907744],[-70.574506,8.90835],[-70.573454,8.90935],[-70.572521,8.910532],[-70.571046,8.910986],[-70.569967,8.911688],[-70.56864,8.912875],[-70.567737,8.91454],[-70.566218,8.916925],[-70.564852,8.918664],[-70.563472,8.921047],[-70.563314,8.921306],[-70.562679,8.922343],[-70.561273,8.92452],[-70.560439,8.926184],[-70.558879,8.927213],[-70.558293,8.927478],[-70.557268,8.927944],[-70.555427,8.92877],[-70.554606,8.929721],[-70.552412,8.931952],[-70.549499,8.933962],[-70.547042,8.935461],[-70.547831,8.937359],[-70.548956,8.938335],[-70.549092,8.938433],[-70.550172,8.939217],[-70.55219,8.941148],[-70.55336,8.943685],[-70.553199,8.947226],[-70.552844,8.950034],[-70.552636,8.95087],[-70.552331,8.952097],[-70.552665,8.953943],[-70.553219,8.955499],[-70.55337,8.956238],[-70.553688,8.957797],[-70.553715,8.957929],[-70.554099,8.958936],[-70.554134,8.961487],[-70.554394,8.962601],[-70.554601,8.963481],[-70.555371,8.965655],[-70.555114,8.967199],[-70.554169,8.969209],[-70.55402,8.969212],[-70.553733,8.971296],[-70.548427,8.976233],[-70.547329,8.980044],[-70.547343,8.9837],[-70.546858,8.988098],[-70.546753,8.991641],[-70.543646,8.999116],[-70.543832,9.000292],[-70.544971,9.002382],[-70.546203,9.003355],[-70.54776,9.004342],[-70.549838,9.005528]]]},"properties":{"Parroquia":"Las Piedras","Parroquia_pcode":"VE140802","Municipio":"Cardenal Quintero","Municipio_pcode":"VE1408","Ciudad":"Mérida","adm0_name":"Venezuela (República Bolivariana de)","adm0_pcode":"VE","area_sqkm":152.72350995,"Parroquia_ref_name":"Las Piedras","center_lat":8.91815868,"center_lon":-70.60161256}},{"type":"Feature","geometry":{"type":"Polygon","coordinates":[[[-71.710917,8.256665],[-71.713979,8.257696],[-71.717276,8.259297],[-71.721256,8.260298],[-71.722859,8.259668],[-71.726271,8.258316],[-71.729087,8.257173],[-71.731494,8.256606],[-71.733665,8.25524],[-71.736314,8.253114],[-71.741881,8.248358],[-71.74542,8.245676],[-71.748627,8.241669],[-71.751456,8.239314],[-71.752596,8.238275],[-71.754713,8.235787],[-71.755705,8.233421],[-71.756677,8.231468],[-71.758711,8.230172],[-71.760631,8.229059],[-71.763011,8.227828],[-71.7665,8.227665],[-71.770512,8.226811],[-71.775975,8.226495],[-71.78006,8.226213],[-71.783111,8.225778],[-71.785748,8.228277],[-71.787804,8.229749],[-71.790221,8.227534],[-71.791011,8.222812],[-71.791484,8.218712],[-71.793395,8.213456],[-71.79565,8.211104],[-71.798973,8.207371],[-71.799694,8.205557],[-71.798096,8.200877],[-71.8012,8.198427],[-71.804436,8.195289],[-71.805152,8.192995],[-71.8061,8.190813],[-71.808549,8.186881],[-71.80933,8.184059],[-71.810444,8.179679],[-71.81235,8.176781],[-71.815311,8.17376],[-71.817762,8.170102],[-71.818288,8.168974],[-71.818982,8.167484],[-71.819036,8.165675],[-71.819071,8.165254],[-71.819207,8.163608],[-71.819225,8.163385],[-71.820683,8.161726],[-71.822896,8.160038],[-71.823762,8.158928],[-71.823919,8.158726],[-71.824086,8.158406],[-71.824035,8.158398],[-71.824232,8.157017],[-71.824312,8.156459],[-71.824333,8.156411],[-71.823903,8.155462],[-71.822681,8.152974],[-71.821369,8.150663],[-71.820577,8.149948],[-71.818632,8.149312],[-71.817047,8.147971],[-71.815911,8.145927],[-71.815568,8.144419],[-71.815672,8.142474],[-71.815505,8.141145],[-71.814283,8.138746],[-71.813768,8.136618],[-71.813692,8.135024],[-71.813974,8.132903],[-71.814435,8.130606],[-71.814007,8.128745],[-71.813481,8.127944],[-71.812598,8.127494],[-71.809947,8.126586],[-71.808713,8.125691],[-71.807929,8.124003],[-71.80689,8.120897],[-71.805573,8.119292],[-71.803268,8.119184],[-71.797604,8.118252],[-71.795036,8.117964],[-71.793703,8.118484],[-71.791398,8.118552],[-71.78928,8.117384],[-71.787964,8.11569],[-71.787085,8.114798],[-71.785581,8.114431],[-71.784613,8.113626],[-71.783911,8.112735],[-71.78312,8.111844],[-71.783042,8.110604],[-71.78314,8.109366],[-71.783415,8.108218],[-71.78342,8.10751],[-71.782802,8.10724],[-71.781746,8.106346],[-71.780782,8.104833],[-71.780168,8.104032],[-71.779835,8.101374],[-71.778958,8.100128],[-71.777104,8.099227],[-71.775774,8.099304],[-71.773999,8.099642],[-71.772143,8.099007],[-71.770559,8.097666],[-71.769861,8.096244],[-71.768281,8.094372],[-71.766175,8.091788],[-71.765215,8.089833],[-71.765497,8.0878],[-71.765948,8.08683],[-71.766575,8.086039],[-71.766411,8.084357],[-71.764736,8.08328],[-71.7643,8.082303],[-71.764395,8.081761],[-71.764579,8.080713],[-71.765206,8.079922],[-71.765664,8.078068],[-71.765584,8.076917],[-71.764167,8.076816],[-71.762138,8.075648],[-71.760195,8.074835],[-71.758603,8.074378],[-71.758077,8.073666],[-71.758619,8.072343],[-71.759073,8.070931],[-71.759431,8.070492],[-71.758909,8.069249],[-71.759008,8.068011],[-71.759105,8.06695],[-71.759071,8.066893],[-71.757793,8.064814],[-71.756827,8.063656],[-71.756136,8.061526],[-71.755447,8.059041],[-71.754749,8.057619],[-71.752983,8.056808],[-71.752018,8.055649],[-71.750519,8.054662],[-71.749465,8.053591],[-71.748666,8.053761],[-71.747252,8.053218],[-71.74602,8.052145],[-71.745501,8.050636],[-71.744357,8.049653],[-71.742675,8.049373],[-71.740994,8.049093],[-71.74012,8.047581],[-71.738538,8.045885],[-71.736506,8.04516],[-71.734383,8.044698],[-71.732531,8.04362],[-71.731032,8.042634],[-71.729089,8.04182],[-71.727321,8.041362],[-71.726087,8.040555],[-71.724937,8.040279],[-71.724049,8.040537],[-71.722989,8.040085],[-71.722197,8.039459],[-71.721672,8.038658],[-71.721222,8.03945],[-71.720864,8.039889],[-71.720334,8.039708],[-71.719449,8.039611],[-71.719176,8.040494],[-71.718375,8.040929],[-71.717491,8.040567],[-71.716164,8.040379],[-71.715356,8.04161],[-71.714462,8.042487],[-71.714372,8.042494],[-71.713747,8.043274],[-71.71365,8.043395],[-71.713477,8.044372],[-71.713453,8.044674],[-71.713393,8.045437],[-71.713041,8.046059],[-71.711457,8.048372],[-71.711374,8.04951],[-71.711373,8.049526],[-71.710937,8.051036],[-71.710468,8.051383],[-71.709612,8.052017],[-71.705458,8.054074],[-71.702985,8.055681],[-71.702369,8.056659],[-71.701398,8.057373],[-71.700514,8.05782],[-71.699017,8.059777],[-71.698666,8.060755],[-71.697607,8.061469],[-71.69699,8.06227],[-71.696993,8.063068],[-71.696731,8.063868],[-71.696029,8.065467],[-71.695949,8.067419],[-71.696492,8.070167],[-71.696496,8.071143],[-71.696146,8.072121],[-71.695267,8.073544],[-71.692265,8.075774],[-71.690497,8.07658],[-71.687846,8.07801],[-71.687408,8.079165],[-71.686353,8.081032],[-71.686002,8.081921],[-71.685918,8.083074],[-71.685569,8.08414],[-71.68469,8.08583],[-71.683813,8.087785],[-71.683111,8.089384],[-71.682142,8.09063],[-71.682059,8.092139],[-71.682687,8.093911],[-71.683045,8.094885],[-71.683049,8.095773],[-71.682257,8.097018],[-71.681643,8.098262],[-71.681381,8.09915],[-71.681034,8.101015],[-71.680862,8.10208],[-71.680422,8.102969],[-71.67963,8.104037],[-71.679279,8.104925],[-71.679107,8.105991],[-71.678943,8.109274],[-71.678951,8.11096],[-71.67922,8.111846],[-71.679226,8.113354],[-71.67932,8.114418],[-71.682027,8.11479],[-71.681992,8.116442],[-71.682152,8.117379],[-71.682336,8.118786],[-71.682743,8.120069],[-71.682943,8.12183],[-71.683563,8.12275],[-71.683987,8.124385],[-71.684606,8.127662],[-71.686919,8.130289],[-71.688165,8.132247],[-71.691903,8.133408],[-71.694078,8.135568],[-71.696891,8.136645],[-71.69766,8.138267],[-71.698653,8.139763],[-71.702705,8.147395],[-71.706963,8.154547],[-71.708817,8.157191],[-71.70958,8.158695],[-71.710803,8.160183],[-71.714758,8.163457],[-71.71919,8.167068],[-71.720091,8.169039],[-71.720182,8.170921],[-71.718453,8.173223],[-71.718394,8.176762],[-71.717882,8.178077],[-71.716318,8.183791],[-71.713756,8.187891],[-71.712514,8.193122],[-71.710112,8.19816],[-71.709639,8.202656],[-71.711073,8.208497],[-71.712144,8.213997],[-71.712143,8.216354],[-71.712176,8.221775],[-71.71079,8.22878],[-71.711378,8.236184],[-71.71306,8.242369],[-71.712114,8.249366],[-71.710917,8.256665]]]},"properties":{"Parroquia":"Capital Guaraque","Parroquia_pcode":"VE140901","Municipio":"Guaraque","Municipio_pcode":"VE1409","Ciudad":"Mérida","adm0_name":"Venezuela (República Bolivariana de)","adm0_pcode":"VE","area_sqkm":216.04239584,"Parroquia_ref_name":"Capital Guaraque","center_lat":8.14963004,"center_lon":-71.76182022}},{"type":"Feature","geometry":{"type":"Polygon","coordinates":[[[-71.561397,8.048888],[-71.561842,8.050121],[-71.562801,8.05245],[-71.564129,8.055165],[-71.565702,8.056826],[-71.567694,8.059376],[-71.56994,8.06204],[-71.570388,8.063685],[-71.572079,8.065802],[-71.574671,8.06883],[-71.575682,8.072165],[-71.57664,8.074402],[-71.578965,8.075348],[-71.580167,8.076553],[-71.581788,8.078419],[-71.583254,8.081202],[-71.585201,8.083661],[-71.585744,8.085741],[-71.585419,8.088399],[-71.58408,8.09056],[-71.58414,8.092551],[-71.585106,8.095979],[-71.58642,8.099977],[-71.587675,8.102121],[-71.590984,8.105646],[-71.593224,8.107417],[-71.596258,8.111059],[-71.599503,8.11534],[-71.601963,8.115758],[-71.603569,8.115632],[-71.605791,8.11477],[-71.609926,8.115153],[-71.614133,8.115834],[-71.618357,8.115804],[-71.623001,8.116619],[-71.625722,8.118317],[-71.629895,8.120509],[-71.635817,8.123352],[-71.637146,8.126181],[-71.63844,8.126024],[-71.642776,8.124854],[-71.647461,8.122529],[-71.65056,8.122162],[-71.653041,8.121975],[-71.654547,8.12188],[-71.655695,8.121166],[-71.657998,8.121157],[-71.659945,8.120528],[-71.663304,8.119007],[-71.665425,8.117757],[-71.667817,8.117747],[-71.66879,8.117477],[-71.669141,8.116765],[-71.670198,8.115164],[-71.671433,8.114006],[-71.673027,8.113999],[-71.674977,8.114258],[-71.677017,8.114693],[-71.678168,8.114423],[-71.67932,8.114418],[-71.679226,8.113354],[-71.67922,8.111846],[-71.678951,8.11096],[-71.678943,8.109274],[-71.679107,8.105991],[-71.679279,8.104925],[-71.67963,8.104037],[-71.680422,8.102969],[-71.680862,8.10208],[-71.681034,8.101015],[-71.681381,8.09915],[-71.681643,8.098262],[-71.682257,8.097018],[-71.683049,8.095773],[-71.683045,8.094885],[-71.682687,8.093911],[-71.682059,8.092139],[-71.682142,8.09063],[-71.683111,8.089384],[-71.683813,8.087785],[-71.68469,8.08583],[-71.685569,8.08414],[-71.685918,8.083074],[-71.686002,8.081921],[-71.686353,8.081032],[-71.687408,8.079165],[-71.687846,8.07801],[-71.690497,8.07658],[-71.692265,8.075774],[-71.695267,8.073544],[-71.696146,8.072121],[-71.696496,8.071143],[-71.696492,8.070167],[-71.695949,8.067419],[-71.696029,8.065467],[-71.696731,8.063868],[-71.696993,8.063068],[-71.69699,8.06227],[-71.697607,8.061469],[-71.698666,8.060755],[-71.699017,8.059777],[-71.700514,8.05782],[-71.701398,8.057373],[-71.702369,8.056659],[-71.702985,8.055681],[-71.705458,8.054074],[-71.709612,8.052017],[-71.710468,8.051383],[-71.710937,8.051036],[-71.711373,8.049526],[-71.711374,8.04951],[-71.711457,8.048372],[-71.713041,8.046059],[-71.713393,8.045437],[-71.713453,8.044674],[-71.713477,8.044372],[-71.71365,8.043395],[-71.713747,8.043274],[-71.714372,8.042494],[-71.712245,8.042645],[-71.711269,8.042902],[-71.710293,8.043118],[-71.70896,8.043412],[-71.707722,8.043136],[-71.706226,8.041884],[-71.704456,8.041602],[-71.70322,8.040972],[-71.7027,8.03964],[-71.703332,8.038141],[-71.704406,8.036823],[-71.706185,8.036043],[-71.705845,8.03427],[-71.706657,8.032507],[-71.706671,8.030738],[-71.705895,8.028076],[-71.704043,8.026998],[-71.703431,8.026019],[-71.701658,8.026091],[-71.700062,8.026254],[-71.698637,8.027126],[-71.697397,8.027027],[-71.69669,8.026844],[-71.695812,8.026646],[-71.695278,8.025939],[-71.694742,8.024879],[-71.693409,8.023556],[-71.691985,8.022055],[-71.690828,8.020643],[-71.690555,8.018521],[-71.690017,8.016754],[-71.688861,8.015518],[-71.68735,8.014106],[-71.685221,8.013314],[-71.68327,8.012787],[-71.682116,8.01217],[-71.680069,8.009522],[-71.678823,8.007932],[-71.677492,8.007404],[-71.676517,8.007052],[-71.675184,8.005905],[-71.673765,8.005466],[-71.671992,8.005469],[-71.670395,8.004764],[-71.668179,8.004768],[-71.66694,8.005124],[-71.666676,8.005743],[-71.667567,8.007156],[-71.667925,8.008217],[-71.667574,8.009278],[-71.666601,8.009722],[-71.666073,8.010872],[-71.664835,8.011582],[-71.663776,8.012822],[-71.662981,8.013707],[-71.662097,8.014328],[-71.661392,8.01539],[-71.660687,8.016452],[-71.660161,8.018398],[-71.659101,8.019196],[-71.657065,8.01973],[-71.655299,8.021589],[-71.65442,8.02389],[-71.653095,8.02513],[-71.651507,8.027166],[-71.650446,8.028052],[-71.649208,8.028673],[-71.648056,8.028587],[-71.646816,8.028942],[-71.645845,8.030094],[-71.643813,8.031689],[-71.641957,8.03355],[-71.640369,8.035763],[-71.639224,8.037887],[-71.638164,8.038861],[-71.636125,8.038599],[-71.634697,8.039001],[-71.633912,8.039222],[-71.632318,8.039755],[-71.630722,8.039227],[-71.628948,8.038788],[-71.627002,8.039852],[-71.625854,8.04118],[-71.623467,8.042776],[-71.621874,8.043486],[-71.621702,8.045166],[-71.62144,8.046316],[-71.61932,8.048442],[-71.616136,8.050304],[-71.614097,8.050395],[-71.61135,8.050577],[-71.609493,8.051729],[-71.607107,8.053855],[-71.605425,8.054388],[-71.604011,8.055629],[-71.602952,8.057045],[-71.60189,8.0574],[-71.600025,8.056077],[-71.598068,8.053693],[-71.595048,8.051664],[-71.592831,8.051049],[-71.590432,8.049549],[-71.588033,8.047608],[-71.585191,8.045756],[-71.583947,8.044431],[-71.580574,8.042845],[-71.578002,8.04223],[-71.575251,8.040996],[-71.57312,8.039673],[-71.571782,8.039422],[-71.571695,8.039405],[-71.571653,8.039648],[-71.571605,8.039871],[-71.571574,8.040003],[-71.571171,8.040316],[-71.57009,8.041158],[-71.568969,8.041738],[-71.568225,8.042197],[-71.567392,8.04271],[-71.565997,8.043407],[-71.56586,8.043477],[-71.563961,8.044452],[-71.563578,8.045439],[-71.562664,8.046246],[-71.56173,8.04726],[-71.561397,8.048888]]]},"properties":{"Parroquia":"Mesa de Quintero","Parroquia_pcode":"VE140902","Municipio":"Guaraque","Municipio_pcode":"VE1409","Ciudad":"Mérida","adm0_name":"Venezuela (República Bolivariana de)","adm0_pcode":"VE","area_sqkm":119.06424526,"Parroquia_ref_name":"Mesa de Quintero","center_lat":8.0656345,"center_lon":-71.63398367}},{"type":"Feature","geometry":{"type":"Polygon","coordinates":[[[-71.710917,8.256665],[-71.712114,8.249366],[-71.71306,8.242369],[-71.711378,8.236184],[-71.71079,8.22878],[-71.712176,8.221775],[-71.712143,8.216354],[-71.712144,8.213997],[-71.711073,8.208497],[-71.709639,8.202656],[-71.710112,8.19816],[-71.712514,8.193122],[-71.713756,8.187891],[-71.716318,8.183791],[-71.717882,8.178077],[-71.718394,8.176762],[-71.718453,8.173223],[-71.720182,8.170921],[-71.720091,8.169039],[-71.71919,8.167068],[-71.714758,8.163457],[-71.710803,8.160183],[-71.70958,8.158695],[-71.708817,8.157191],[-71.706963,8.154547],[-71.702705,8.147395],[-71.698653,8.139763],[-71.69766,8.138267],[-71.696891,8.136645],[-71.694078,8.135568],[-71.691903,8.133408],[-71.688165,8.132247],[-71.686919,8.130289],[-71.684606,8.127662],[-71.683987,8.124385],[-71.683563,8.12275],[-71.682943,8.12183],[-71.682743,8.120069],[-71.682336,8.118786],[-71.682152,8.117379],[-71.681992,8.116442],[-71.682027,8.11479],[-71.67932,8.114418],[-71.678168,8.114423],[-71.677017,8.114693],[-71.674977,8.114258],[-71.673027,8.113999],[-71.671433,8.114006],[-71.670198,8.115164],[-71.669141,8.116765],[-71.66879,8.117477],[-71.667817,8.117747],[-71.665425,8.117757],[-71.663304,8.119007],[-71.659945,8.120528],[-71.657998,8.121157],[-71.655695,8.121166],[-71.654547,8.12188],[-71.653041,8.121975],[-71.65056,8.122162],[-71.647461,8.122529],[-71.642776,8.124854],[-71.63844,8.126024],[-71.637146,8.126181],[-71.63666,8.128817],[-71.636548,8.132343],[-71.63613,8.134773],[-71.634266,8.137396],[-71.632546,8.140842],[-71.630925,8.142066],[-71.628704,8.142837],[-71.626144,8.144458],[-71.623997,8.146167],[-71.622683,8.148534],[-71.621481,8.150695],[-71.62111,8.153215],[-71.620904,8.156537],[-71.621935,8.159346],[-71.624416,8.162465],[-71.626171,8.167031],[-71.62803,8.169902],[-71.631914,8.173538],[-71.634974,8.177546],[-71.636784,8.180051],[-71.635418,8.181686],[-71.63294,8.185092],[-71.631944,8.186976],[-71.628691,8.188029],[-71.626803,8.190537],[-71.626104,8.192214],[-71.624336,8.192226],[-71.623041,8.194112],[-71.622019,8.195745],[-71.618674,8.196867],[-71.616023,8.198603],[-71.61452,8.200353],[-71.611104,8.201202],[-71.609785,8.202975],[-71.608309,8.205251],[-71.604816,8.208023],[-71.593787,8.210458],[-71.591572,8.212259],[-71.588644,8.213905],[-71.586867,8.21584],[-71.586535,8.21756],[-71.586194,8.221271],[-71.584448,8.224213],[-71.583944,8.227536],[-71.584843,8.23117],[-71.585033,8.235244],[-71.584964,8.238404],[-71.585174,8.242043],[-71.585149,8.244859],[-71.583374,8.247115],[-71.580819,8.24956],[-71.579671,8.25275],[-71.579725,8.257008],[-71.579529,8.261519],[-71.580645,8.263458],[-71.582073,8.263951],[-71.584191,8.264623],[-71.586612,8.265797],[-71.590085,8.266482],[-71.593513,8.267259],[-71.596734,8.267946],[-71.599256,8.27047],[-71.602815,8.273352],[-71.606809,8.27614],[-71.608539,8.277227],[-71.610432,8.278266],[-71.613037,8.279621],[-71.615903,8.282005],[-71.618197,8.284759],[-71.619861,8.286075],[-71.622558,8.287429],[-71.624768,8.288009],[-71.62851,8.287776],[-71.63205,8.288048],[-71.637841,8.288373],[-71.643452,8.289226],[-71.64853,8.289533],[-71.653347,8.288628],[-71.654518,8.28862],[-71.656135,8.289845],[-71.65854,8.291842],[-71.662532,8.294285],[-71.665597,8.295614],[-71.669033,8.297466],[-71.672032,8.299207],[-71.675327,8.30058],[-71.677326,8.300634],[-71.678284,8.299711],[-71.679407,8.299405],[-71.681375,8.298292],[-71.683407,8.296767],[-71.685918,8.29462],[-71.688986,8.29343],[-71.689937,8.292499],[-71.690423,8.292023],[-71.691055,8.290622],[-71.692459,8.287956],[-71.693741,8.284422],[-71.694608,8.280615],[-71.695683,8.276968],[-71.695974,8.272982],[-71.697827,8.269009],[-71.700907,8.266261],[-71.703137,8.263521],[-71.705527,8.260734],[-71.708603,8.257552],[-71.710917,8.256665]]]},"properties":{"Parroquia":"Rio Negro","Parroquia_pcode":"VE140903","Municipio":"Guaraque","Municipio_pcode":"VE1409","Ciudad":"Mérida","adm0_name":"Venezuela (República Bolivariana de)","adm0_pcode":"VE","area_sqkm":201.30077051,"Parroquia_ref_name":"Rio Negro","center_lat":8.206637,"center_lon":-71.65858943}},{"type":"Feature","geometry":{"type":"Polygon","coordinates":[[[-70.800736,9.079953],[-70.800808,9.08001],[-70.801306,9.07925],[-70.802359,9.077648],[-70.803454,9.076255],[-70.803754,9.075965],[-70.804021,9.075643],[-70.805577,9.074508],[-70.807429,9.074234],[-70.809165,9.075062],[-70.814119,9.077797],[-70.817407,9.079291],[-70.818564,9.079912],[-70.822245,9.082462],[-70.824353,9.084621],[-70.825814,9.085703],[-70.826497,9.086209],[-70.827548,9.086987],[-70.829654,9.087838],[-70.831831,9.087564],[-70.834979,9.087889],[-70.837016,9.08773],[-70.839563,9.08826],[-70.841114,9.089477],[-70.842619,9.089662],[-70.844579,9.08907],[-70.84461,9.089228],[-70.845084,9.089837],[-70.846363,9.091777],[-70.846503,9.091659],[-70.847435,9.092855],[-70.847912,9.094105],[-70.848732,9.096252],[-70.84989,9.099259],[-70.850052,9.101576],[-70.851233,9.104422],[-70.853201,9.107567],[-70.856305,9.113994],[-70.858065,9.118721],[-70.858922,9.121613],[-70.859292,9.124045],[-70.860097,9.125849],[-70.860265,9.126226],[-70.86133,9.127879],[-70.862095,9.130725],[-70.863369,9.13263],[-70.864017,9.134191],[-70.864203,9.135476],[-70.86499,9.136304],[-70.865338,9.13667],[-70.866149,9.138231],[-70.867237,9.13892],[-70.866913,9.140939],[-70.866752,9.143233],[-70.867724,9.14484],[-70.868627,9.145712],[-70.868118,9.147065],[-70.867123,9.148694],[-70.867332,9.150506],[-70.868003,9.151516],[-70.87106,9.151725],[-70.874153,9.151501],[-70.87451,9.151475],[-70.878122,9.150514],[-70.88009,9.150631],[-70.881248,9.151526],[-70.883748,9.151941],[-70.885045,9.153158],[-70.886226,9.153641],[-70.888195,9.153435],[-70.889862,9.153873],[-70.890465,9.15447],[-70.890951,9.155778],[-70.890975,9.157498],[-70.891577,9.159036],[-70.892666,9.160482],[-70.892874,9.162295],[-70.892556,9.163195],[-70.892388,9.163671],[-70.891254,9.163946],[-70.89056,9.165092],[-70.891417,9.167502],[-70.892321,9.16998],[-70.893826,9.172551],[-70.895286,9.174433],[-70.896907,9.176407],[-70.897394,9.177348],[-70.897764,9.178496],[-70.897733,9.17857],[-70.896445,9.181616],[-70.896495,9.181715],[-70.897303,9.183337],[-70.897789,9.18499],[-70.897888,9.18555],[-70.898114,9.186825],[-70.8983,9.188684],[-70.898248,9.188939],[-70.89738,9.191291],[-70.898218,9.193632],[-70.898539,9.192821],[-70.90281,9.189348],[-70.937038,9.161514],[-70.949756,9.151172],[-70.949509,9.151025],[-70.948728,9.150644],[-70.948214,9.150393],[-70.946459,9.149387],[-70.945482,9.149369],[-70.944847,9.149975],[-70.944403,9.149966],[-70.942544,9.149665],[-70.94168,9.148588],[-70.94148,9.148336],[-70.939927,9.146374],[-70.939692,9.146076],[-70.937791,9.143654],[-70.936999,9.143285],[-70.935054,9.142805],[-70.93302,9.142413],[-70.931507,9.14256],[-70.93081,9.141928],[-70.930561,9.141128],[-70.929724,9.138815],[-70.928602,9.137291],[-70.926944,9.135934],[-70.926583,9.136192],[-70.924319,9.134116],[-70.923478,9.131979],[-70.922432,9.131075],[-70.920886,9.130437],[-70.919726,9.129746],[-70.918339,9.129477],[-70.916765,9.130968],[-70.914658,9.132802],[-70.912992,9.135232],[-70.91049,9.134497],[-70.907596,9.132545],[-70.904794,9.12995],[-70.901506,9.128342],[-70.89882,9.127285],[-70.895832,9.124507],[-70.894095,9.121683],[-70.89215,9.119479],[-70.890784,9.118836],[-70.889255,9.117688],[-70.887958,9.115874],[-70.885804,9.113762],[-70.884299,9.1111],[-70.883141,9.108208],[-70.881798,9.106303],[-70.879922,9.105177],[-70.878116,9.104373],[-70.875454,9.10343],[-70.869341,9.099961],[-70.867812,9.098468],[-70.866562,9.097205],[-70.865751,9.095736],[-70.865265,9.093877],[-70.864709,9.090573],[-70.863505,9.086281],[-70.862277,9.083068],[-70.860957,9.080061],[-70.859244,9.077972],[-70.856998,9.076662],[-70.853734,9.07386],[-70.85216,9.071771],[-70.852021,9.069018],[-70.852159,9.066815],[-70.851696,9.061951],[-70.850561,9.058462],[-70.848361,9.056097],[-70.846486,9.055384],[-70.843917,9.055887],[-70.841949,9.056092],[-70.83894,9.056112],[-70.837042,9.057349],[-70.835236,9.058839],[-70.832643,9.059158],[-70.829194,9.060072],[-70.825721,9.059266],[-70.823128,9.058461],[-70.820837,9.056508],[-70.819262,9.054809],[-70.818522,9.054441],[-70.81723,9.056123],[-70.81556,9.058793],[-70.812916,9.061916],[-70.811333,9.064232],[-70.806013,9.065534],[-70.803002,9.066807],[-70.802175,9.067811],[-70.800075,9.070363],[-70.798155,9.072695],[-70.797327,9.073952],[-70.797001,9.074448],[-70.795873,9.076157],[-70.795934,9.076193],[-70.800736,9.079953]]]},"properties":{"Parroquia":"Palmira","Parroquia_pcode":"VE141002","Municipio":"Julio Cesar Sala","Municipio_pcode":"VE1410","Ciudad":"Mérida","adm0_name":"Venezuela (República Bolivariana de)","adm0_pcode":"VE","area_sqkm":62.74628246,"Parroquia_ref_name":"Palmira","center_lat":9.1228642,"center_lon":-70.87696701}},{"type":"Feature","geometry":{"type":"Polygon","coordinates":[[[-70.968369,9.070083],[-70.970917,9.072472],[-70.972608,9.075639],[-70.97416,9.078415],[-70.975272,9.08149],[-70.978491,9.084314],[-70.979464,9.086333],[-70.979905,9.088857],[-70.981457,9.09106],[-70.982847,9.092735],[-70.984051,9.093791],[-70.985302,9.095283],[-70.986159,9.096614],[-70.986414,9.097371],[-70.987434,9.099001],[-70.988337,9.099758],[-70.988036,9.100905],[-70.988801,9.101915],[-70.992112,9.102169],[-70.993501,9.10256],[-70.994091,9.102671],[-70.99533,9.102904],[-70.996997,9.103548],[-70.997577,9.104947],[-70.997648,9.105131],[-70.998342,9.106921],[-70.99885,9.108038],[-70.999393,9.109374],[-70.999904,9.110393],[-71.000165,9.11018],[-71.029564,9.086274],[-71.029798,9.086512],[-71.031394,9.087272],[-71.032211,9.089067],[-71.032648,9.090573],[-71.032881,9.0922],[-71.033252,9.093018],[-71.033733,9.094409],[-71.034227,9.095476],[-71.035045,9.096535],[-71.03601,9.097842],[-71.037359,9.098863],[-71.037597,9.098813],[-71.038993,9.098517],[-71.039328,9.098899],[-71.039916,9.099159],[-71.040338,9.099331],[-71.041467,9.100749],[-71.042261,9.101762],[-71.044044,9.102563],[-71.045425,9.103077],[-71.046755,9.10343],[-71.0469,9.103539],[-71.048239,9.102304],[-71.049349,9.10128],[-71.052217,9.098635],[-71.055719,9.095405],[-71.057665,9.09361],[-71.057631,9.089999],[-71.057429,9.087518],[-71.056934,9.082649],[-71.05685,9.080281],[-71.057083,9.077426],[-71.056891,9.075543],[-71.054673,9.073069],[-71.052574,9.070755],[-71.050275,9.06895],[-71.04755,9.068117],[-71.045625,9.068008],[-71.043087,9.067287],[-71.04241,9.066998],[-71.041951,9.065809],[-71.041393,9.06423],[-71.041896,9.06236],[-71.040964,9.060534],[-71.039142,9.058192],[-71.038269,9.055698],[-71.038091,9.053263],[-71.038589,9.051025],[-71.039193,9.048232],[-71.039295,9.045885],[-71.039271,9.04439],[-71.039777,9.044107],[-71.041093,9.045283],[-71.042521,9.047676],[-71.044978,9.049226],[-71.048301,9.054144],[-71.050294,9.057036],[-71.052467,9.058176],[-71.056205,9.058671],[-71.059447,9.058553],[-71.06313,9.058475],[-71.068526,9.058255],[-71.071696,9.057932],[-71.073308,9.057286],[-71.07457,9.05798],[-71.077136,9.059045],[-71.080562,9.058832],[-71.082935,9.057991],[-71.087754,9.056469],[-71.088293,9.056208],[-71.090789,9.054998],[-71.091637,9.054732],[-71.092794,9.054368],[-71.095652,9.053313],[-71.09583,9.053225],[-71.096013,9.053135],[-71.0964,9.052944],[-71.097136,9.052564],[-71.097043,9.052442],[-71.096568,9.051822],[-71.096554,9.051804],[-71.095867,9.050872],[-71.094863,9.050335],[-71.0943,9.048503],[-71.092309,9.047177],[-71.092292,9.047157],[-71.091482,9.046223],[-71.090853,9.046003],[-71.089216,9.046465],[-71.087949,9.045472],[-71.087925,9.04544],[-71.086457,9.043493],[-71.085653,9.042494],[-71.084886,9.040872],[-71.083902,9.040197],[-71.083367,9.038572],[-71.081921,9.037996],[-71.079977,9.036692],[-71.078238,9.035177],[-71.074694,9.033759],[-71.072168,9.033751],[-71.069837,9.032935],[-71.068479,9.032036],[-71.06759,9.028553],[-71.066063,9.027242],[-71.064816,9.024593],[-71.064652,9.023031],[-71.062387,9.021916],[-71.060216,9.022385],[-71.057227,9.022338],[-71.053857,9.023148],[-71.051944,9.022303],[-71.050357,9.020119],[-71.04754,9.017907],[-71.044271,9.017749],[-71.041757,9.017028],[-71.038967,9.016403],[-71.035851,9.015668],[-71.03355,9.013724],[-71.031461,9.012076],[-71.029351,9.010498],[-71.027686,9.007763],[-71.0271,9.00584],[-71.025532,9.003471],[-71.023971,9.001447],[-71.022875,8.999532],[-71.021286,8.997163],[-71.023472,8.996161],[-71.024226,8.994285],[-71.023207,8.987578],[-71.021249,8.983554],[-71.019714,8.982223],[-71.017332,8.98112],[-71.016064,8.980285],[-71.016909,8.975909],[-71.017947,8.974323],[-71.019076,8.971864],[-71.019988,8.969891],[-71.02142,8.968386],[-71.024135,8.966616],[-71.025931,8.964917],[-71.026232,8.962503],[-71.02666,8.95972],[-71.028454,8.956349],[-71.030034,8.953533],[-71.03033,8.95096],[-71.031623,8.948609],[-71.03422,8.945926],[-71.035669,8.943366],[-71.036028,8.940562],[-71.035691,8.939266],[-71.036092,8.936323],[-71.03703,8.935243],[-71.03684,8.932591],[-71.035754,8.929277],[-71.034148,8.922977],[-71.033299,8.919014],[-71.032494,8.915005],[-71.031554,8.912718],[-71.030997,8.911771],[-71.031086,8.90918],[-71.033103,8.905551],[-71.035108,8.902311],[-71.036248,8.900263],[-71.036808,8.898072],[-71.036299,8.895543],[-71.035615,8.894165],[-71.035382,8.893255],[-71.029866,8.888002],[-71.027683,8.884924],[-71.027806,8.882745],[-71.02804,8.880425],[-71.027569,8.878445],[-71.028915,8.876323],[-71.030904,8.874986],[-71.032015,8.873512],[-71.031,8.87102],[-71.027584,8.869145],[-71.025363,8.86719],[-71.025341,8.864763],[-71.026695,8.860511],[-71.027146,8.856076],[-71.026525,8.852841],[-71.027291,8.8473],[-71.028201,8.836279],[-71.030123,8.828461],[-71.0307,8.822765],[-71.031402,8.81908],[-71.032125,8.81693],[-71.033238,8.815571],[-71.03171,8.811191],[-71.031411,8.808748],[-71.0297,8.806894],[-71.02658,8.806545],[-71.024486,8.807451],[-71.02321,8.808746],[-71.021682,8.808467],[-71.019718,8.808246],[-71.017192,8.806873],[-71.013713,8.80603],[-71.011019,8.806906],[-71.00819,8.809481],[-71.006375,8.812143],[-71.004165,8.811356],[-71.00204,8.81053],[-71.001142,8.810863],[-70.9993,8.813046],[-70.998277,8.814277],[-70.995571,8.816011],[-70.993601,8.815806],[-70.990753,8.817266],[-70.98895,8.819012],[-70.98711,8.818208],[-70.985052,8.816717],[-70.981999,8.815262],[-70.979659,8.813476],[-70.977562,8.811021],[-70.976052,8.809064],[-70.974673,8.808116],[-70.97423,8.807914],[-70.973178,8.808224],[-70.972272,8.80849],[-70.968398,8.809481],[-70.965373,8.811518],[-70.963707,8.813078],[-70.962526,8.814655],[-70.961368,8.81614],[-70.961165,8.818118],[-70.961505,8.819217],[-70.9622,8.819277],[-70.958952,8.822638],[-70.954864,8.824395],[-70.949705,8.827742],[-70.944728,8.829673],[-70.940992,8.832316],[-70.938846,8.837621],[-70.93514,8.844407],[-70.932844,8.845676],[-70.931174,8.847007],[-70.92902,8.846918],[-70.926646,8.846029],[-70.923856,8.843628],[-70.922479,8.842841],[-70.920405,8.843441],[-70.918236,8.843881],[-70.916844,8.845254],[-70.91553,8.847223],[-70.9137,8.848693],[-70.911359,8.850078],[-70.910883,8.850796],[-70.910708,8.85305],[-70.910489,8.855557],[-70.910637,8.857784],[-70.911386,8.859935],[-70.913483,8.860897],[-70.91496,8.862212],[-70.91641,8.863228],[-70.917446,8.864456],[-70.917569,8.86496],[-70.916606,8.865569],[-70.913967,8.867118],[-70.909034,8.870143],[-70.906517,8.872173],[-70.904397,8.874383],[-70.902246,8.87611],[-70.902085,8.877767],[-70.902267,8.879166],[-70.901499,8.880508],[-70.899512,8.882325],[-70.899276,8.883615],[-70.898389,8.884728],[-70.89631,8.886707],[-70.89451,8.888659],[-70.892955,8.889988],[-70.890418,8.889032],[-70.887645,8.887733],[-70.886041,8.88727],[-70.88449,8.887312],[-70.88194,8.88863],[-70.880278,8.890535],[-70.878865,8.892092],[-70.877301,8.8928],[-70.875867,8.892864],[-70.875068,8.893632],[-70.874925,8.896714],[-70.87491,8.901316],[-70.87507,8.907159],[-70.872745,8.912463],[-70.869535,8.916878],[-70.867929,8.919174],[-70.867737,8.923953],[-70.868136,8.926431],[-70.869844,8.931749],[-70.870857,8.937042],[-70.872942,8.938903],[-70.874411,8.941205],[-70.874895,8.944278],[-70.875469,8.948775],[-70.874859,8.95301],[-70.874444,8.954739],[-70.874929,8.957813],[-70.87587,8.960467],[-70.876786,8.962983],[-70.877699,8.965293],[-70.879616,8.968141],[-70.883016,8.971086],[-70.885751,8.972822],[-70.888416,8.974604],[-70.890533,8.978484],[-70.892756,8.98172],[-70.894183,8.984321],[-70.895015,8.987344],[-70.89621,8.989949],[-70.897448,8.9923],[-70.897792,8.993652],[-70.897767,8.995122],[-70.897353,8.996897],[-70.898213,8.999878],[-70.899232,9.001095],[-70.900806,9.002886],[-70.901825,9.005227],[-70.902404,9.007361],[-70.903053,9.010575],[-70.904303,9.013191],[-70.905392,9.014936],[-70.905624,9.01684],[-70.905138,9.020052],[-70.90493,9.021222],[-70.904375,9.024227],[-70.903474,9.028654],[-70.904053,9.031958],[-70.904979,9.03368],[-70.905442,9.034345],[-70.905905,9.035149],[-70.906369,9.036732],[-70.906994,9.03843],[-70.90674,9.040679],[-70.906393,9.042468],[-70.906718,9.0449],[-70.907435,9.046071],[-70.909775,9.051969],[-70.914035,9.056193],[-70.916442,9.057594],[-70.920192,9.057711],[-70.922854,9.058103],[-70.925309,9.058564],[-70.928712,9.059988],[-70.930148,9.061252],[-70.931468,9.063708],[-70.931932,9.066094],[-70.931122,9.068801],[-70.930081,9.070888],[-70.929688,9.071966],[-70.9308,9.073963],[-70.931911,9.075868],[-70.934158,9.072556],[-70.935988,9.069922],[-70.939318,9.067624],[-70.943808,9.06726],[-70.946801,9.067017],[-70.949791,9.065976],[-70.954508,9.064926],[-70.960156,9.065812],[-70.964882,9.066588],[-70.967652,9.067716],[-70.968369,9.070083]]]},"properties":{"Parroquia":"Capital Justo Briceño","Parroquia_pcode":"VE141101","Municipio":"Justo Briceño","Municipio_pcode":"VE1411","Ciudad":"Mérida","adm0_name":"Venezuela (República Bolivariana de)","adm0_pcode":"VE","area_sqkm":453.46474143,"Parroquia_ref_name":"Capital Justo Briceno","center_lat":8.9587665,"center_lon":-70.95121726}},{"type":"Feature","geometry":{"type":"Polygon","coordinates":[[[-70.968369,9.070083],[-70.967652,9.067716],[-70.964882,9.066588],[-70.960156,9.065812],[-70.954508,9.064926],[-70.949791,9.065976],[-70.946801,9.067017],[-70.943808,9.06726],[-70.939318,9.067624],[-70.935988,9.069922],[-70.934158,9.072556],[-70.931911,9.075868],[-70.931819,9.077038],[-70.930569,9.077381],[-70.929204,9.077472],[-70.926611,9.077792],[-70.923162,9.078248],[-70.91999,9.078154],[-70.916703,9.079185],[-70.9133,9.079894],[-70.908532,9.082253],[-70.906009,9.083101],[-70.903995,9.083833],[-70.902861,9.085163],[-70.901241,9.086332],[-70.899458,9.085689],[-70.897838,9.085848],[-70.897583,9.086743],[-70.897074,9.087063],[-70.896866,9.087591],[-70.896032,9.087682],[-70.894434,9.087842],[-70.891541,9.088987],[-70.890383,9.089789],[-70.888786,9.090453],[-70.886471,9.091415],[-70.884897,9.090657],[-70.882397,9.089989],[-70.881054,9.090034],[-70.878322,9.091501],[-70.876679,9.092968],[-70.875475,9.094964],[-70.873554,9.096591],[-70.871054,9.09675],[-70.868367,9.096564],[-70.866562,9.097205],[-70.867812,9.098468],[-70.869341,9.099961],[-70.875454,9.10343],[-70.878116,9.104373],[-70.879922,9.105177],[-70.881798,9.106303],[-70.883141,9.108208],[-70.884299,9.1111],[-70.885804,9.113762],[-70.887958,9.115874],[-70.889255,9.117688],[-70.890784,9.118836],[-70.89215,9.119479],[-70.894095,9.121683],[-70.895832,9.124507],[-70.89882,9.127285],[-70.901506,9.128342],[-70.904794,9.12995],[-70.907596,9.132545],[-70.91049,9.134497],[-70.912992,9.135232],[-70.914658,9.132802],[-70.916765,9.130968],[-70.918339,9.129477],[-70.930354,9.127512],[-70.931192,9.129161],[-70.934565,9.131409],[-70.935363,9.131424],[-70.936695,9.13145],[-70.938665,9.130781],[-70.939217,9.129909],[-70.939927,9.129922],[-70.941255,9.130125],[-70.94332,9.129105],[-70.944332,9.127534],[-70.946158,9.125273],[-70.946876,9.124933],[-70.948215,9.124606],[-70.94975,9.123487],[-70.95129,9.122103],[-70.952663,9.120275],[-70.954193,9.119333],[-70.954564,9.118633],[-70.954846,9.117932],[-70.954865,9.117049],[-70.954354,9.116067],[-70.95447,9.114833],[-70.954761,9.11369],[-70.955767,9.112384],[-70.957786,9.109419],[-70.958714,9.107581],[-70.959828,9.105394],[-70.960301,9.104078],[-70.96034,9.102312],[-70.960454,9.101166],[-70.961085,9.100736],[-70.961645,9.099511],[-70.96176,9.098276],[-70.961456,9.095973],[-70.961568,9.094915],[-70.963121,9.092913],[-70.963131,9.092472],[-70.962699,9.091934],[-70.962539,9.091135],[-70.96273,9.090521],[-70.964235,9.090726],[-70.964679,9.090735],[-70.964868,9.090209],[-70.964282,9.088607],[-70.964656,9.087731],[-70.965208,9.086858],[-70.966655,9.085649],[-70.967207,9.084777],[-70.967138,9.083892],[-70.967262,9.082304],[-70.967825,9.080902],[-70.968613,9.077383],[-70.968744,9.075442],[-70.968165,9.073488],[-70.968369,9.070083]]]},"properties":{"Parroquia":"San Cristóbal de Torondoy","Parroquia_pcode":"VE141102","Municipio":"Justo Briceño","Municipio_pcode":"VE1411","Ciudad":"Mérida","adm0_name":"Venezuela (República Bolivariana de)","adm0_pcode":"VE","area_sqkm":49.07157616,"Parroquia_ref_name":"San Cristobal de Torondoy","center_lat":9.1003485,"center_lon":-70.91564299}},{"type":"Feature","geometry":{"type":"Polygon","coordinates":[[[-71.144057,8.60047],[-71.143903,8.600827],[-71.143693,8.601096],[-71.143339,8.601333],[-71.143108,8.601533],[-71.142706,8.601906],[-71.142519,8.602186],[-71.142417,8.602478],[-71.142262,8.602779],[-71.142163,8.602937],[-71.142034,8.603133],[-71.141875,8.603451],[-71.141617,8.603609],[-71.141227,8.603704],[-71.140949,8.603798],[-71.140724,8.604019],[-71.140577,8.604296],[-71.1405,8.604576],[-71.140446,8.604912],[-71.140449,8.605168],[-71.140386,8.605403],[-71.140377,8.605586],[-71.140418,8.605885],[-71.140598,8.606232],[-71.140615,8.606592],[-71.140594,8.606967],[-71.140628,8.607337],[-71.140618,8.607566],[-71.140675,8.607889],[-71.140627,8.608104],[-71.140463,8.608261],[-71.140401,8.608449],[-71.140456,8.608615],[-71.140644,8.60896],[-71.140758,8.6092],[-71.140793,8.609435],[-71.140751,8.60964],[-71.140819,8.60992],[-71.140967,8.610105],[-71.141017,8.610278],[-71.141116,8.610474],[-71.141063,8.610633],[-71.141018,8.610931],[-71.141164,8.61117],[-71.141265,8.611394],[-71.141277,8.611574],[-71.141403,8.611846],[-71.141533,8.612132],[-71.141571,8.612616],[-71.141661,8.613055],[-71.14174,8.613307],[-71.141792,8.613557],[-71.141747,8.613728],[-71.141713,8.613831],[-71.141712,8.613981],[-71.14175,8.614268],[-71.141728,8.614471],[-71.141707,8.614734],[-71.141854,8.614937],[-71.141959,8.615169],[-71.141956,8.615398],[-71.141989,8.615639],[-71.142196,8.615855],[-71.142313,8.616154],[-71.142292,8.616318],[-71.142339,8.616574],[-71.142484,8.616863],[-71.142797,8.61812],[-71.142864,8.618343],[-71.142941,8.618582],[-71.143043,8.61884],[-71.143192,8.619116],[-71.143487,8.6193],[-71.143728,8.619483],[-71.143884,8.619739],[-71.144033,8.620016],[-71.144131,8.620316],[-71.144368,8.620562],[-71.144589,8.620782],[-71.144683,8.621024],[-71.144792,8.62127],[-71.144981,8.621421],[-71.145288,8.621693],[-71.145413,8.621897],[-71.164502,8.620107],[-71.163225,8.618179],[-71.16209,8.616513],[-71.161909,8.614566],[-71.162157,8.61243],[-71.162496,8.611244],[-71.162355,8.610864],[-71.16179,8.609485],[-71.161413,8.608534],[-71.161181,8.607251],[-71.160998,8.605826],[-71.160624,8.604353],[-71.160247,8.603497],[-71.159726,8.602878],[-71.158825,8.602019],[-71.158022,8.600829],[-71.157503,8.59983],[-71.157505,8.599308],[-71.159274,8.597796],[-71.160037,8.597467],[-71.160183,8.596803],[-71.160852,8.596142],[-71.162871,8.594682],[-71.160369,8.594518],[-71.160029,8.594523],[-71.159807,8.594566],[-71.159546,8.594667],[-71.15919,8.594837],[-71.157514,8.595886],[-71.15715,8.594432],[-71.157022,8.594309],[-71.156875,8.594305],[-71.156743,8.594346],[-71.156338,8.593823],[-71.156241,8.593901],[-71.155698,8.594281],[-71.155265,8.594597],[-71.154854,8.59485],[-71.154546,8.594998],[-71.15426,8.595132],[-71.153994,8.595197],[-71.153725,8.595234],[-71.153562,8.59528],[-71.153385,8.595371],[-71.15314,8.595521],[-71.152322,8.596143],[-71.15211,8.595969],[-71.151939,8.595867],[-71.151773,8.595769],[-71.151524,8.595774],[-71.151193,8.595823],[-71.150918,8.5959],[-71.15053,8.595986],[-71.150199,8.596039],[-71.149783,8.596124],[-71.149558,8.596067],[-71.149322,8.596166],[-71.148908,8.596275],[-71.148685,8.596519],[-71.147906,8.597248],[-71.147754,8.597469],[-71.14739,8.597662],[-71.146804,8.597799],[-71.1466,8.597931],[-71.146339,8.598168],[-71.145954,8.598616],[-71.145736,8.598817],[-71.145332,8.599122],[-71.145117,8.599301],[-71.144833,8.599485],[-71.144295,8.600018],[-71.144057,8.60047]]]},"properties":{"Parroquia":"Antonio Spinetti Dini","Parroquia_pcode":"VE141201","Municipio":"Libertador","Municipio_pcode":"VE1412","Ciudad":"Mérida","adm0_name":"Venezuela (República Bolivariana de)","adm0_pcode":"VE","area_sqkm":5.75982069,"Parroquia_ref_name":"Antonio Spinetti Dini","center_lat":8.6077275,"center_lon":-71.15095683}},{"type":"Feature","geometry":{"type":"Polygon","coordinates":[[[-71.09018,8.530702],[-71.087702,8.531999],[-71.085504,8.532078],[-71.083444,8.532153],[-71.081106,8.532908],[-71.080006,8.53335],[-71.076301,8.532276],[-71.074561,8.533152],[-71.072988,8.532265],[-71.071498,8.530706],[-71.069989,8.530358],[-71.067791,8.530437],[-71.06573,8.530511],[-71.064357,8.530561],[-71.062153,8.531982],[-71.060433,8.532619],[-71.059415,8.533103],[-71.057478,8.533627],[-71.054989,8.534256],[-71.052121,8.533552],[-71.050749,8.533199],[-71.048277,8.53302],[-71.046355,8.532821],[-71.04498,8.533273],[-71.043602,8.534665],[-71.044353,8.538909],[-71.044195,8.540604],[-71.04344,8.542453],[-71.041947,8.544359],[-71.040134,8.545256],[-71.036696,8.546319],[-71.034908,8.547055],[-71.032159,8.547691],[-71.029779,8.548738],[-71.028309,8.548903],[-71.023496,8.550687],[-71.020475,8.550393],[-71.017452,8.550771],[-71.015938,8.551765],[-71.013053,8.551869],[-71.010173,8.550363],[-71.006097,8.549922],[-71.003171,8.549408],[-71.001111,8.549214],[-70.997953,8.548792],[-70.977721,8.544029],[-70.978998,8.54598],[-70.981274,8.549399],[-70.984165,8.550541],[-70.988991,8.556161],[-70.995975,8.5652],[-70.999036,8.568502],[-71.002021,8.568115],[-71.006476,8.569304],[-71.012333,8.570081],[-71.018035,8.571295],[-71.021743,8.57206],[-71.025527,8.573192],[-71.034144,8.574611],[-71.041075,8.576149],[-71.065307,8.580362],[-71.082488,8.584277],[-71.089142,8.587149],[-71.093861,8.590397],[-71.096295,8.592307],[-71.097316,8.594033],[-71.097528,8.597058],[-71.099449,8.6001],[-71.099614,8.60168],[-71.100201,8.603689],[-71.101566,8.605181],[-71.102967,8.606052],[-71.104045,8.606998],[-71.104159,8.60828],[-71.103723,8.609847],[-71.104801,8.612215],[-71.105978,8.613526],[-71.107037,8.614724],[-71.108042,8.615395],[-71.108039,8.615758],[-71.108339,8.61561],[-71.108722,8.615381],[-71.109201,8.614859],[-71.10998,8.614305],[-71.110167,8.614262],[-71.110437,8.61422],[-71.110772,8.614132],[-71.111142,8.614022],[-71.111439,8.613918],[-71.111723,8.61373],[-71.112382,8.61317],[-71.112701,8.61301],[-71.113058,8.612774],[-71.113497,8.612595],[-71.113925,8.612475],[-71.11432,8.612481],[-71.114517,8.612373],[-71.114674,8.612191],[-71.115142,8.611936],[-71.115379,8.611839],[-71.115813,8.61186],[-71.11624,8.61179],[-71.116503,8.6117],[-71.116841,8.611485],[-71.117217,8.611246],[-71.117663,8.610932],[-71.118128,8.610547],[-71.118943,8.610142],[-71.119301,8.609938],[-71.119592,8.609684],[-71.119812,8.609444],[-71.120154,8.609038],[-71.120451,8.608778],[-71.12091,8.608513],[-71.121219,8.608344],[-71.121688,8.608257],[-71.121958,8.608167],[-71.122109,8.608076],[-71.122187,8.607986],[-71.122453,8.607711],[-71.122647,8.607425],[-71.122799,8.607111],[-71.12298,8.606907],[-71.123386,8.606639],[-71.123995,8.606328],[-71.124207,8.606186],[-71.124298,8.605978],[-71.124326,8.605603],[-71.124342,8.605158],[-71.124362,8.604851],[-71.124505,8.604659],[-71.124784,8.604455],[-71.125183,8.604385],[-71.12537,8.604355],[-71.125575,8.604233],[-71.12579,8.604029],[-71.126152,8.603457],[-71.126795,8.603138],[-71.12685,8.603105],[-71.127155,8.603009],[-71.127802,8.602883],[-71.128111,8.602798],[-71.12827,8.602492],[-71.128297,8.60199],[-71.12827,8.601569],[-71.128208,8.601297],[-71.127957,8.600149],[-71.128147,8.600051],[-71.128359,8.600022],[-71.128633,8.600125],[-71.128902,8.600222],[-71.129171,8.600114],[-71.129427,8.59995],[-71.129856,8.599722],[-71.130363,8.599546],[-71.130821,8.599621],[-71.13127,8.599644],[-71.13161,8.599556],[-71.131923,8.599291],[-71.132039,8.598943],[-71.132058,8.598584],[-71.132033,8.598089],[-71.132166,8.597577],[-71.13231,8.597041],[-71.132625,8.59669],[-71.132884,8.596447],[-71.132969,8.596169],[-71.13305,8.596624],[-71.133216,8.596937],[-71.133205,8.597232],[-71.13305,8.59761],[-71.133117,8.598386],[-71.133275,8.598784],[-71.133533,8.599143],[-71.133619,8.599604],[-71.133522,8.599982],[-71.133549,8.600238],[-71.134373,8.600216],[-71.134588,8.601],[-71.135394,8.600769],[-71.13559,8.601361],[-71.136239,8.601323],[-71.136765,8.601721],[-71.137236,8.602288],[-71.141067,8.599388],[-71.140873,8.599137],[-71.140535,8.598681],[-71.139493,8.597456],[-71.138654,8.596414],[-71.138381,8.596076],[-71.135037,8.593058],[-71.132523,8.591377],[-71.132017,8.589696],[-71.12912,8.58875],[-71.125848,8.588362],[-71.122108,8.587879],[-71.119487,8.58824],[-71.117242,8.588323],[-71.115753,8.586638],[-71.115342,8.584513],[-71.115255,8.583207],[-71.11451,8.582457],[-71.113108,8.582171],[-71.111799,8.581979],[-71.111245,8.580484],[-71.110788,8.578243],[-71.110622,8.574044],[-71.109978,8.571803],[-71.109143,8.570213],[-71.108309,8.568717],[-71.107282,8.568059],[-71.106161,8.567681],[-71.104856,8.566742],[-71.103561,8.563658],[-71.10059,8.559073],[-71.100042,8.556365],[-71.095566,8.553453],[-71.095302,8.549999],[-71.095034,8.547479],[-71.095991,8.543099],[-71.097519,8.53667],[-71.096681,8.53592],[-71.09018,8.530702]]]},"properties":{"Parroquia":"Arias","Parroquia_pcode":"VE141202","Municipio":"Libertador","Municipio_pcode":"VE1412","Ciudad":"Mérida","adm0_name":"Venezuela (República Bolivariana de)","adm0_pcode":"VE","area_sqkm":60.50823246,"Parroquia_ref_name":"Arias","center_lat":8.572626,"center_lon":-71.06692475}},{"type":"Feature","geometry":{"type":"Polygon","coordinates":[[[-71.170831,8.579913],[-71.172442,8.582063],[-71.172756,8.582567],[-71.174778,8.580855],[-71.175287,8.580583],[-71.176429,8.582361],[-71.175985,8.58294],[-71.175825,8.583208],[-71.175558,8.583527],[-71.174974,8.584025],[-71.174507,8.584448],[-71.174485,8.584608],[-71.17435,8.584904],[-71.174025,8.585019],[-71.173654,8.585081],[-71.173576,8.585249],[-71.173642,8.585363],[-71.173693,8.585438],[-71.173744,8.585513],[-71.173789,8.585602],[-71.173814,8.585703],[-71.174082,8.586555],[-71.174152,8.586622],[-71.178044,8.593366],[-71.180563,8.601165],[-71.179116,8.605241],[-71.178928,8.606334],[-71.180579,8.605838],[-71.183541,8.603382],[-71.1851,8.595794],[-71.185624,8.585353],[-71.1832,8.57948],[-71.18332,8.579125],[-71.183322,8.578745],[-71.183086,8.578317],[-71.18279,8.578014],[-71.182461,8.577675],[-71.182545,8.577396],[-71.182598,8.57736],[-71.182664,8.57735],[-71.182776,8.57734],[-71.182826,8.57733],[-71.182872,8.577315],[-71.182905,8.577258],[-71.182946,8.577197],[-71.182992,8.57713],[-71.183023,8.577093],[-71.183051,8.577078],[-71.183093,8.577069],[-71.183151,8.577041],[-71.183231,8.577051],[-71.183336,8.57707],[-71.183411,8.577076],[-71.183494,8.57704],[-71.183538,8.577001],[-71.1836,8.576939],[-71.183652,8.57685],[-71.183702,8.576766],[-71.183765,8.576698],[-71.183844,8.576566],[-71.183896,8.576483],[-71.183973,8.576425],[-71.183996,8.576392],[-71.184037,8.576327],[-71.184076,8.57629],[-71.18413,8.576268],[-71.18418,8.576261],[-71.184267,8.576273],[-71.184321,8.576295],[-71.184375,8.576336],[-71.184414,8.576355],[-71.184467,8.576379],[-71.184522,8.576412],[-71.18456,8.576431],[-71.184629,8.576429],[-71.184727,8.576424],[-71.184837,8.5764],[-71.184932,8.576399],[-71.185037,8.576406],[-71.185105,8.576424],[-71.185175,8.576406],[-71.185211,8.57639],[-71.185283,8.576298],[-71.185287,8.576233],[-71.185276,8.576174],[-71.185268,8.576128],[-71.185277,8.576069],[-71.185289,8.575983],[-71.185318,8.575886],[-71.185313,8.575822],[-71.185318,8.575804],[-71.185465,8.575504],[-71.185538,8.575337],[-71.18562,8.575167],[-71.185652,8.575069],[-71.18565,8.574936],[-71.185663,8.57478],[-71.185725,8.574653],[-71.185752,8.574568],[-71.185775,8.574482],[-71.185789,8.574363],[-71.185777,8.574257],[-71.185703,8.574092],[-71.185678,8.574035],[-71.185642,8.573933],[-71.185647,8.573849],[-71.185692,8.573764],[-71.185706,8.57375],[-71.185752,8.573741],[-71.185802,8.573734],[-71.185888,8.573733],[-71.186037,8.573742],[-71.186159,8.573708],[-71.186201,8.573691],[-71.186268,8.573686],[-71.186288,8.57367],[-71.186347,8.573643],[-71.186385,8.573618],[-71.186427,8.573595],[-71.186459,8.573559],[-71.186474,8.573536],[-71.186495,8.573482],[-71.186511,8.573446],[-71.186531,8.573421],[-71.186573,8.573409],[-71.186617,8.5734],[-71.186936,8.573498],[-71.18716,8.573396],[-71.187323,8.573066],[-71.187374,8.572302],[-71.187603,8.571449],[-71.187822,8.569828],[-71.187221,8.569436],[-71.187076,8.569554],[-71.186918,8.569593],[-71.186822,8.569607],[-71.186502,8.569608],[-71.186229,8.569653],[-71.186035,8.569684],[-71.185945,8.56971],[-71.185879,8.569773],[-71.185837,8.569906],[-71.185781,8.570037],[-71.185617,8.570312],[-71.185477,8.570483],[-71.185355,8.570633],[-71.185215,8.57078],[-71.185132,8.570883],[-71.185076,8.571019],[-71.185032,8.571118],[-71.184798,8.571192],[-71.184727,8.571177],[-71.184582,8.571145],[-71.184425,8.571066],[-71.184239,8.570969],[-71.184135,8.570931],[-71.183946,8.570904],[-71.183806,8.570949],[-71.183596,8.571024],[-71.183456,8.571083],[-71.183254,8.571132],[-71.183061,8.571156],[-71.182953,8.571188],[-71.182847,8.571251],[-71.182746,8.571295],[-71.18263,8.571379],[-71.182569,8.571439],[-71.182496,8.57152],[-71.182434,8.571616],[-71.182305,8.571788],[-71.182075,8.572141],[-71.181741,8.572386],[-71.181215,8.572617],[-71.180789,8.572855],[-71.18062,8.573046],[-71.1802,8.57326],[-71.179837,8.573316],[-71.179328,8.573444],[-71.178803,8.573999],[-71.178479,8.574238],[-71.178046,8.574288],[-71.177857,8.574274],[-71.17761,8.574172],[-71.177392,8.574209],[-71.17706,8.574784],[-71.176658,8.574977],[-71.176228,8.575243],[-71.17582,8.57548],[-71.175323,8.575604],[-71.175125,8.575793],[-71.174893,8.576219],[-71.174384,8.576987],[-71.173953,8.577183],[-71.173332,8.577389],[-71.172955,8.577397],[-71.172649,8.577483],[-71.172492,8.577764],[-71.172321,8.578084],[-71.171932,8.578223],[-71.171584,8.578438],[-71.171535,8.579014],[-71.171525,8.579393],[-71.171343,8.579576],[-71.171045,8.579719],[-71.170831,8.579913]]]},"properties":{"Parroquia":"Caracciolo Parra Perez","Parroquia_pcode":"VE141203","Municipio":"Libertador","Municipio_pcode":"VE1412","Ciudad":"Mérida","adm0_name":"Venezuela (República Bolivariana de)","adm0_pcode":"VE","area_sqkm":3.30494036,"Parroquia_ref_name":"Caracciolo Parra Perez","center_lat":8.589994,"center_lon":-71.18074454}},{"type":"Feature","geometry":{"type":"Polygon","coordinates":[[[-71.171911,8.56593],[-71.171622,8.565959],[-71.170946,8.566375],[-71.170625,8.566734],[-71.170235,8.566782],[-71.169848,8.566516],[-71.169184,8.565757],[-71.168897,8.565343],[-71.168347,8.564947],[-71.167921,8.56469],[-71.167275,8.564442],[-71.166512,8.564435],[-71.16593,8.564513],[-71.165229,8.564738],[-71.164567,8.564677],[-71.164016,8.564731],[-71.163872,8.565026],[-71.163794,8.56547],[-71.163596,8.565937],[-71.163157,8.56637],[-71.162843,8.566848],[-71.162387,8.567187],[-71.161829,8.567462],[-71.161491,8.567769],[-71.16063,8.568075],[-71.159683,8.5684],[-71.158899,8.569186],[-71.158888,8.569773],[-71.158932,8.570254],[-71.159098,8.570977],[-71.158942,8.571519],[-71.158577,8.571977],[-71.158252,8.57231],[-71.158114,8.572698],[-71.158047,8.573081],[-71.157589,8.573266],[-71.157106,8.573281],[-71.156724,8.573069],[-71.15642,8.57265],[-71.15574,8.572594],[-71.155417,8.572935],[-71.155152,8.57351],[-71.154801,8.574103],[-71.154465,8.574615],[-71.153987,8.575131],[-71.153741,8.575944],[-71.15371,8.576175],[-71.153591,8.57638],[-71.15316,8.576876],[-71.152776,8.577276],[-71.152313,8.577717],[-71.152024,8.578109],[-71.151374,8.579029],[-71.151058,8.579417],[-71.150619,8.579913],[-71.150288,8.580418],[-71.150182,8.580984],[-71.150251,8.581675],[-71.150193,8.582299],[-71.150334,8.582974],[-71.150409,8.583394],[-71.150223,8.5839],[-71.150185,8.584455],[-71.150201,8.585025],[-71.149976,8.585432],[-71.149782,8.585935],[-71.149569,8.586555],[-71.151754,8.58856],[-71.153816,8.586884],[-71.153855,8.586686],[-71.154963,8.584967],[-71.155445,8.584653],[-71.168012,8.577355],[-71.169262,8.578931],[-71.171566,8.577397],[-71.171299,8.576784],[-71.169977,8.577734],[-71.167679,8.575116],[-71.16785,8.574846],[-71.168013,8.574588],[-71.168357,8.574233],[-71.168735,8.573851],[-71.16884,8.573661],[-71.168907,8.573501],[-71.168999,8.57342],[-71.169091,8.573301],[-71.16912,8.573078],[-71.169207,8.572879],[-71.169357,8.572744],[-71.169456,8.572692],[-71.169548,8.572671],[-71.169771,8.572606],[-71.169916,8.572497],[-71.170002,8.572353],[-71.170028,8.572206],[-71.170043,8.572115],[-71.170076,8.571898],[-71.170207,8.571707],[-71.170336,8.571549],[-71.170492,8.571378],[-71.170543,8.571274],[-71.17057,8.571119],[-71.170627,8.570963],[-71.17079,8.57077],[-71.171,8.570555],[-71.171144,8.570406],[-71.171205,8.570304],[-71.171229,8.570173],[-71.171274,8.570056],[-71.1714,8.569857],[-71.171637,8.569728],[-71.17192,8.569574],[-71.172163,8.569391],[-71.172197,8.569256],[-71.172293,8.569119],[-71.172501,8.569066],[-71.172698,8.569052],[-71.17288,8.569044],[-71.17297,8.569023],[-71.173043,8.568975],[-71.173045,8.568901],[-71.172966,8.568875],[-71.172781,8.568895],[-71.172564,8.568888],[-71.172441,8.568836],[-71.172254,8.568898],[-71.172079,8.568948],[-71.171926,8.568953],[-71.171693,8.56889],[-71.17145,8.56877],[-71.171321,8.568644],[-71.17127,8.568495],[-71.171273,8.568413],[-71.171359,8.568392],[-71.171511,8.568367],[-71.171597,8.56824],[-71.171475,8.568012],[-71.171439,8.567891],[-71.171449,8.567813],[-71.171488,8.567709],[-71.171586,8.567646],[-71.171657,8.567588],[-71.171714,8.567502],[-71.171862,8.567415],[-71.172049,8.567353],[-71.172188,8.567332],[-71.172314,8.567312],[-71.17237,8.567241],[-71.172338,8.567143],[-71.172228,8.567137],[-71.172088,8.567176],[-71.17188,8.567158],[-71.171658,8.567181],[-71.171406,8.567297],[-71.171171,8.567437],[-71.170889,8.567552],[-71.170747,8.567577],[-71.17057,8.56757],[-71.170401,8.567438],[-71.170287,8.567329],[-71.170168,8.567277],[-71.170021,8.567252],[-71.1697,8.56704],[-71.170216,8.567147],[-71.17054,8.567133],[-71.170764,8.567036],[-71.17102,8.566797],[-71.171207,8.566601],[-71.171442,8.566465],[-71.171747,8.566215],[-71.171911,8.56593]]]},"properties":{"Parroquia":"Domingo Peña","Parroquia_pcode":"VE141204","Municipio":"Libertador","Municipio_pcode":"VE1412","Ciudad":"Mérida","adm0_name":"Venezuela (República Bolivariana de)","adm0_pcode":"VE","area_sqkm":2.95887979,"Parroquia_ref_name":"Domingo Pena","center_lat":8.576582,"center_lon":-71.16119064}},{"type":"Feature","geometry":{"type":"Polygon","coordinates":[[[-71.147906,8.597248],[-71.148685,8.596519],[-71.148908,8.596275],[-71.149322,8.596166],[-71.149558,8.596067],[-71.149984,8.595882],[-71.150227,8.595628],[-71.150475,8.595295],[-71.15063,8.595044],[-71.150918,8.594855],[-71.151213,8.594673],[-71.151487,8.594435],[-71.151612,8.594084],[-71.151858,8.593875],[-71.15236,8.59362],[-71.152727,8.5935],[-71.153137,8.593237],[-71.153295,8.593025],[-71.153434,8.592889],[-71.153704,8.592976],[-71.154042,8.593067],[-71.154221,8.592893],[-71.154282,8.592701],[-71.154404,8.592579],[-71.154797,8.592479],[-71.155034,8.592319],[-71.155181,8.591995],[-71.1553,8.591787],[-71.155648,8.591704],[-71.155973,8.591621],[-71.15621,8.591297],[-71.156391,8.59107],[-71.156618,8.590748],[-71.156793,8.590587],[-71.157091,8.590313],[-71.157341,8.590176],[-71.157861,8.590279],[-71.1581,8.590355],[-71.158412,8.590274],[-71.158536,8.590068],[-71.158478,8.589866],[-71.159011,8.589096],[-71.159237,8.588591],[-71.160083,8.588363],[-71.160429,8.588059],[-71.160804,8.587617],[-71.161033,8.587307],[-71.161658,8.586844],[-71.162226,8.586621],[-71.162511,8.586519],[-71.162737,8.586249],[-71.162948,8.585917],[-71.163101,8.585727],[-71.163234,8.585405],[-71.163339,8.585051],[-71.163546,8.584921],[-71.164256,8.584556],[-71.165137,8.584487],[-71.16542,8.584137],[-71.165899,8.583802],[-71.166405,8.583388],[-71.166769,8.583245],[-71.167063,8.583169],[-71.167369,8.582901],[-71.167567,8.582523],[-71.167919,8.582322],[-71.168328,8.582169],[-71.168666,8.58194],[-71.168952,8.581514],[-71.169281,8.581263],[-71.169583,8.581105],[-71.169874,8.580847],[-71.170254,8.580555],[-71.170354,8.580434],[-71.169262,8.578931],[-71.168012,8.577355],[-71.155445,8.584653],[-71.154963,8.584967],[-71.153855,8.586686],[-71.153816,8.586884],[-71.151754,8.58856],[-71.149569,8.586555],[-71.148677,8.587187],[-71.148095,8.587239],[-71.147743,8.587324],[-71.147542,8.587579],[-71.147503,8.588057],[-71.147383,8.588574],[-71.14704,8.588742],[-71.146743,8.588765],[-71.146375,8.588683],[-71.146206,8.588689],[-71.145569,8.58868],[-71.144851,8.58844],[-71.144302,8.588389],[-71.143848,8.588204],[-71.143442,8.587775],[-71.142915,8.587665],[-71.142584,8.587647],[-71.142326,8.587624],[-71.14194,8.58787],[-71.141137,8.587411],[-71.140755,8.587183],[-71.14002,8.587112],[-71.139841,8.58754],[-71.139841,8.588016],[-71.139823,8.588287],[-71.13988,8.588555],[-71.139856,8.58875],[-71.144024,8.591973],[-71.145788,8.594611],[-71.147906,8.597248]]]},"properties":{"Parroquia":"El Llano","Parroquia_pcode":"VE141205","Municipio":"Libertador","Municipio_pcode":"VE1412","Ciudad":"Mérida","adm0_name":"Venezuela (República Bolivariana de)","adm0_pcode":"VE","area_sqkm":2.09407067,"Parroquia_ref_name":"El Llano","center_lat":8.587273,"center_lon":-71.15720815}},{"type":"Feature","geometry":{"type":"Polygon","coordinates":[[[-71.170748,8.729793],[-71.1651,8.721281],[-71.162058,8.717586],[-71.15851,8.71217],[-71.155277,8.701632],[-71.154135,8.695772],[-71.153315,8.685295],[-71.152794,8.67553],[-71.149169,8.671519],[-71.143305,8.666146],[-71.13907,8.659807],[-71.136659,8.65291],[-71.135469,8.64363],[-71.133622,8.642579],[-71.132754,8.642558],[-71.129319,8.63835],[-71.125697,8.634541],[-71.121625,8.633133],[-71.110538,8.632236],[-71.111031,8.634108],[-71.110615,8.635537],[-71.108419,8.636835],[-71.107118,8.63782],[-71.106833,8.640096],[-71.106094,8.641553],[-71.104059,8.642803],[-71.098969,8.646535],[-71.095841,8.648858],[-71.094795,8.651283],[-71.093407,8.653921],[-71.09239,8.656736],[-71.090546,8.659749],[-71.088366,8.662101],[-71.085646,8.663306],[-71.08493,8.666487],[-71.083384,8.669645],[-71.08228,8.672951],[-71.080769,8.674871],[-71.078136,8.677051],[-71.077126,8.678774],[-71.076771,8.681716],[-71.073953,8.686307],[-71.070924,8.690743],[-71.068456,8.694705],[-71.066549,8.698973],[-71.065371,8.702097],[-71.064658,8.705393],[-71.063015,8.709195],[-71.060604,8.711895],[-71.057396,8.714916],[-71.055496,8.717763],[-71.054221,8.719906],[-71.05274,8.722947],[-71.051094,8.72581],[-71.049254,8.728359],[-71.04732,8.730015],[-71.043222,8.734137],[-71.040877,8.735072],[-71.039111,8.736152],[-71.037512,8.737449],[-71.036295,8.739253],[-71.03412,8.742153],[-71.032905,8.744821],[-71.030585,8.748298],[-71.029005,8.75109],[-71.026857,8.754127],[-71.024527,8.755658],[-71.023615,8.756782],[-71.022949,8.75932],[-71.02102,8.76116],[-71.01856,8.762946],[-71.01661,8.764879],[-71.015683,8.767126],[-71.014948,8.768017],[-71.007774,8.770093],[-71.004707,8.771621],[-71.003345,8.774796],[-71.002317,8.77755],[-71.002096,8.777036],[-70.998745,8.779013],[-70.996236,8.780622],[-70.994335,8.781777],[-70.991684,8.781691],[-70.989986,8.783506],[-70.989367,8.785199],[-70.987507,8.789406],[-70.985064,8.790118],[-70.982515,8.791154],[-70.98084,8.791407],[-70.979484,8.793098],[-70.977545,8.794553],[-70.975167,8.798361],[-70.974211,8.801143],[-70.974783,8.804249],[-70.974835,8.806083],[-70.97423,8.807914],[-70.974673,8.808116],[-70.976052,8.809064],[-70.977562,8.811021],[-70.979659,8.813476],[-70.981999,8.815262],[-70.985052,8.816717],[-70.98711,8.818208],[-70.98895,8.819012],[-70.990753,8.817266],[-70.993601,8.815806],[-70.995571,8.816011],[-70.998277,8.814277],[-70.9993,8.813046],[-71.001142,8.810863],[-71.00204,8.81053],[-71.004165,8.811356],[-71.006375,8.812143],[-71.00819,8.809481],[-71.011019,8.806906],[-71.013713,8.80603],[-71.017192,8.806873],[-71.019718,8.808246],[-71.021682,8.808467],[-71.02321,8.808746],[-71.024486,8.807451],[-71.02658,8.806545],[-71.0297,8.806894],[-71.031411,8.808748],[-71.03171,8.811191],[-71.033238,8.815571],[-71.036784,8.813044],[-71.039637,8.811293],[-71.042161,8.810971],[-71.044434,8.811527],[-71.048173,8.81179],[-71.050554,8.811266],[-71.052094,8.809528],[-71.053993,8.808216],[-71.055917,8.807842],[-71.057196,8.805837],[-71.058967,8.801664],[-71.064033,8.797539],[-71.067568,8.796295],[-71.07001,8.797144],[-71.072969,8.798345],[-71.07504,8.79744],[-71.077414,8.792633],[-71.079152,8.79137],[-71.080858,8.789765],[-71.081518,8.787044],[-71.083465,8.783394],[-71.085573,8.781389],[-71.089558,8.775711],[-71.092246,8.77385],[-71.095477,8.773256],[-71.0999,8.774118],[-71.102747,8.771382],[-71.106305,8.768512],[-71.108835,8.765922],[-71.109979,8.762409],[-71.112161,8.75976],[-71.114705,8.75607],[-71.118359,8.752556],[-71.124326,8.749389],[-71.126444,8.747773],[-71.129364,8.746775],[-71.132775,8.746062],[-71.135716,8.742566],[-71.136706,8.739286],[-71.139454,8.737125],[-71.141313,8.73531],[-71.144219,8.733831],[-71.14794,8.733499],[-71.1522,8.735121],[-71.156624,8.736852],[-71.160906,8.736756],[-71.164738,8.735458],[-71.170748,8.729793]]]},"properties":{"Parroquia":"Gonzalo Picón Febres","Parroquia_pcode":"VE141206","Municipio":"Libertador","Municipio_pcode":"VE1412","Ciudad":"Mérida","adm0_name":"Venezuela (República Bolivariana de)","adm0_pcode":"VE","area_sqkm":177.9564786,"Parroquia_ref_name":"Gonzalo Picon Febres","center_lat":8.7243785,"center_lon":-71.10953615}},{"type":"Feature","geometry":{"type":"Polygon","coordinates":[[[-71.22676,8.545697],[-71.225155,8.543596],[-71.224643,8.543376],[-71.223946,8.541736],[-71.223245,8.539867],[-71.221452,8.537627],[-71.220121,8.535378],[-71.219433,8.532935],[-71.219034,8.531175],[-71.218032,8.527866],[-71.217506,8.525421],[-71.216562,8.522822],[-71.216235,8.521199],[-71.216779,8.519218],[-71.216869,8.51768],[-71.217649,8.516038],[-71.218807,8.514803],[-71.221304,8.513637],[-71.221071,8.512127],[-71.220789,8.510435],[-71.22113,8.507356],[-71.220972,8.504812],[-71.21969,8.502724],[-71.217972,8.500826],[-71.216497,8.500965],[-71.214547,8.499003],[-71.209386,8.500639],[-71.209523,8.50201],[-71.207972,8.502204],[-71.205157,8.501067],[-71.203888,8.501113],[-71.201221,8.497905],[-71.200378,8.49711],[-71.197137,8.496951],[-71.194051,8.492658],[-71.188423,8.489282],[-71.186177,8.48661],[-71.180534,8.488465],[-71.179831,8.488078],[-71.171227,8.490316],[-71.167702,8.490994],[-71.162899,8.494333],[-71.159507,8.497209],[-71.151758,8.4968],[-71.144287,8.497345],[-71.13668,8.495968],[-71.126815,8.495911],[-71.118774,8.498542],[-71.105775,8.508924],[-71.101963,8.511126],[-71.101117,8.511157],[-71.098776,8.510186],[-71.097373,8.514744],[-71.093777,8.522388],[-71.091983,8.52527],[-71.090894,8.527548],[-71.09018,8.530702],[-71.096681,8.53592],[-71.097519,8.53667],[-71.095991,8.543099],[-71.095034,8.547479],[-71.095302,8.549999],[-71.095566,8.553453],[-71.100042,8.556365],[-71.10059,8.559073],[-71.103561,8.563658],[-71.104856,8.566742],[-71.106161,8.567681],[-71.107282,8.568059],[-71.108309,8.568717],[-71.109143,8.570213],[-71.109978,8.571803],[-71.110622,8.574044],[-71.110788,8.578243],[-71.111245,8.580484],[-71.111799,8.581979],[-71.113108,8.582171],[-71.11451,8.582457],[-71.115255,8.583207],[-71.115342,8.584513],[-71.115753,8.586638],[-71.117242,8.588323],[-71.119487,8.58824],[-71.122108,8.587879],[-71.125848,8.588362],[-71.12912,8.58875],[-71.132017,8.589696],[-71.132523,8.591377],[-71.135037,8.593058],[-71.135964,8.592605],[-71.137215,8.592407],[-71.137715,8.592122],[-71.138015,8.591835],[-71.138294,8.591489],[-71.138554,8.591132],[-71.138661,8.590759],[-71.138827,8.589882],[-71.13908,8.589445],[-71.139506,8.589115],[-71.139856,8.58875],[-71.13988,8.588555],[-71.139823,8.588287],[-71.139841,8.588016],[-71.139841,8.58754],[-71.14002,8.587112],[-71.140755,8.587183],[-71.141137,8.587411],[-71.14194,8.58787],[-71.142326,8.587624],[-71.142584,8.587647],[-71.142915,8.587665],[-71.143442,8.587775],[-71.143848,8.588204],[-71.144302,8.588389],[-71.144851,8.58844],[-71.145569,8.58868],[-71.146206,8.588689],[-71.146375,8.588683],[-71.146743,8.588765],[-71.14704,8.588742],[-71.147383,8.588574],[-71.147503,8.588057],[-71.147542,8.587579],[-71.147743,8.587324],[-71.148095,8.587239],[-71.148677,8.587187],[-71.149569,8.586555],[-71.149782,8.585935],[-71.149976,8.585432],[-71.150201,8.585025],[-71.150185,8.584455],[-71.150223,8.5839],[-71.150409,8.583394],[-71.150334,8.582974],[-71.150193,8.582299],[-71.150251,8.581675],[-71.150182,8.580984],[-71.150288,8.580418],[-71.150619,8.579913],[-71.151058,8.579417],[-71.151374,8.579029],[-71.152024,8.578109],[-71.152313,8.577717],[-71.152776,8.577276],[-71.15316,8.576876],[-71.153591,8.57638],[-71.15371,8.576175],[-71.153741,8.575944],[-71.153987,8.575131],[-71.154465,8.574615],[-71.154801,8.574103],[-71.155152,8.57351],[-71.155417,8.572935],[-71.15574,8.572594],[-71.15642,8.57265],[-71.156724,8.573069],[-71.157106,8.573281],[-71.157589,8.573266],[-71.158047,8.573081],[-71.158114,8.572698],[-71.158252,8.57231],[-71.158577,8.571977],[-71.158942,8.571519],[-71.159098,8.570977],[-71.158932,8.570254],[-71.158888,8.569773],[-71.158899,8.569186],[-71.159683,8.5684],[-71.16063,8.568075],[-71.161491,8.567769],[-71.161829,8.567462],[-71.162387,8.567187],[-71.162843,8.566848],[-71.163157,8.56637],[-71.163596,8.565937],[-71.163794,8.56547],[-71.163872,8.565026],[-71.164016,8.564731],[-71.164567,8.564677],[-71.165229,8.564738],[-71.16593,8.564513],[-71.166512,8.564435],[-71.167275,8.564442],[-71.167921,8.56469],[-71.168347,8.564947],[-71.168897,8.565343],[-71.169184,8.565757],[-71.169848,8.566516],[-71.170235,8.566782],[-71.170625,8.566734],[-71.170946,8.566375],[-71.171622,8.565959],[-71.171911,8.56593],[-71.172321,8.565993],[-71.172614,8.566266],[-71.173082,8.566881],[-71.173451,8.567268],[-71.174022,8.567514],[-71.174441,8.567353],[-71.174899,8.56739],[-71.175312,8.567551],[-71.175761,8.567425],[-71.176405,8.567186],[-71.177042,8.567231],[-71.177561,8.567423],[-71.178226,8.567334],[-71.178561,8.567435],[-71.179158,8.567546],[-71.179362,8.567245],[-71.179574,8.56698],[-71.180098,8.566747],[-71.181006,8.566632],[-71.181573,8.566572],[-71.181983,8.566619],[-71.182377,8.566474],[-71.182679,8.5662],[-71.182909,8.56592],[-71.183164,8.565663],[-71.183411,8.565164],[-71.183551,8.56481],[-71.18364,8.56459],[-71.183858,8.564262],[-71.184058,8.563992],[-71.184452,8.563733],[-71.184909,8.563396],[-71.184972,8.563127],[-71.184999,8.56283],[-71.18507,8.562579],[-71.185151,8.562405],[-71.18527,8.562199],[-71.185409,8.561974],[-71.185527,8.561834],[-71.185546,8.561645],[-71.185524,8.561299],[-71.185506,8.561167],[-71.185505,8.561005],[-71.185605,8.560751],[-71.185694,8.560545],[-71.185821,8.560345],[-71.185923,8.560169],[-71.186071,8.560014],[-71.186132,8.559933],[-71.186199,8.559852],[-71.186312,8.559756],[-71.186534,8.55957],[-71.186828,8.559254],[-71.187008,8.558971],[-71.187205,8.558525],[-71.187315,8.55821],[-71.187468,8.557879],[-71.187597,8.557549],[-71.18775,8.557248],[-71.187915,8.557029],[-71.188169,8.556788],[-71.188383,8.55661],[-71.188688,8.556445],[-71.188981,8.556299],[-71.189303,8.556107],[-71.189577,8.555997],[-71.189577,8.555995],[-71.189871,8.555877],[-71.190194,8.555734],[-71.190321,8.555729],[-71.190506,8.55563],[-71.190629,8.555536],[-71.190857,8.555352],[-71.191037,8.555166],[-71.191251,8.554964],[-71.191505,8.55478],[-71.191846,8.55459],[-71.192375,8.554246],[-71.192606,8.554112],[-71.192891,8.553839],[-71.193055,8.553664],[-71.193308,8.553421],[-71.193599,8.553266],[-71.193909,8.553152],[-71.19426,8.553216],[-71.194508,8.553252],[-71.194911,8.553305],[-71.195354,8.553335],[-71.195729,8.553345],[-71.196109,8.55345],[-71.196344,8.553554],[-71.196699,8.553644],[-71.197081,8.553738],[-71.197513,8.553694],[-71.197833,8.553705],[-71.198099,8.553718],[-71.198603,8.553557],[-71.199016,8.553374],[-71.199074,8.553353],[-71.199393,8.553203],[-71.199892,8.552984],[-71.19999,8.552946],[-71.200537,8.552603],[-71.201331,8.552322],[-71.201797,8.552142],[-71.202219,8.552021],[-71.202696,8.551888],[-71.203489,8.551682],[-71.204204,8.551442],[-71.204593,8.551347],[-71.205173,8.551246],[-71.205739,8.551173],[-71.206241,8.551136],[-71.206632,8.550959],[-71.20693,8.550767],[-71.207164,8.550657],[-71.207629,8.550489],[-71.208145,8.550352],[-71.208785,8.550239],[-71.209348,8.549997],[-71.209735,8.549834],[-71.210137,8.549829],[-71.211599,8.549635],[-71.211629,8.549632],[-71.212187,8.549571],[-71.213058,8.549473],[-71.213778,8.549431],[-71.214091,8.549413],[-71.214631,8.549438],[-71.215047,8.549333],[-71.215455,8.549173],[-71.215914,8.548987],[-71.216707,8.548665],[-71.217077,8.54844],[-71.218681,8.547018],[-71.219,8.546742],[-71.219503,8.546473],[-71.220084,8.546134],[-71.220555,8.545998],[-71.222367,8.545833],[-71.223257,8.545643],[-71.2239,8.545285],[-71.224372,8.544985],[-71.224387,8.545138],[-71.224446,8.545562],[-71.224704,8.545956],[-71.225187,8.546179],[-71.225755,8.546119],[-71.226378,8.54589],[-71.22676,8.545697]]]},"properties":{"Parroquia":"Jacinto Plaza","Parroquia_pcode":"VE141207","Municipio":"Libertador","Municipio_pcode":"VE1412","Ciudad":"Mérida","adm0_name":"Venezuela (República Bolivariana de)","adm0_pcode":"VE","area_sqkm":109.56024189,"Parroquia_ref_name":"Jacinto Plaza","center_lat":8.538747,"center_lon":-71.15968693}},{"type":"Feature","geometry":{"type":"Polygon","coordinates":[[[-71.216999,8.55875],[-71.217512,8.558643],[-71.217863,8.558561],[-71.218181,8.558387],[-71.21911,8.557793],[-71.21932,8.557832],[-71.219537,8.557825],[-71.219734,8.557634],[-71.219939,8.557496],[-71.220169,8.557442],[-71.220426,8.55745],[-71.221297,8.556947],[-71.221334,8.556916],[-71.221597,8.556535],[-71.221827,8.556268],[-71.222091,8.55614],[-71.222385,8.556053],[-71.222541,8.555901],[-71.222875,8.555574],[-71.223184,8.555316],[-71.223556,8.555155],[-71.22423,8.554575],[-71.225711,8.553381],[-71.226213,8.552865],[-71.226229,8.552759],[-71.226297,8.552495],[-71.226447,8.552189],[-71.226665,8.55177],[-71.226665,8.551002],[-71.226593,8.54949],[-71.226703,8.549115],[-71.226611,8.548716],[-71.226617,8.548442],[-71.22676,8.548091],[-71.227069,8.547638],[-71.227549,8.547239],[-71.227745,8.546617],[-71.22777,8.546304],[-71.227366,8.546013],[-71.22676,8.545697],[-71.226378,8.54589],[-71.225755,8.546119],[-71.225187,8.546179],[-71.224704,8.545956],[-71.224446,8.545562],[-71.224387,8.545138],[-71.224372,8.544985],[-71.2239,8.545285],[-71.223257,8.545643],[-71.222367,8.545833],[-71.220555,8.545998],[-71.220084,8.546134],[-71.219503,8.546473],[-71.219,8.546742],[-71.218681,8.547018],[-71.217077,8.54844],[-71.216707,8.548665],[-71.215914,8.548987],[-71.215455,8.549173],[-71.215047,8.549333],[-71.214631,8.549438],[-71.214091,8.549413],[-71.213778,8.549431],[-71.213058,8.549473],[-71.212187,8.549571],[-71.211629,8.549632],[-71.211599,8.549635],[-71.210137,8.549829],[-71.209735,8.549834],[-71.209348,8.549997],[-71.208785,8.550239],[-71.208145,8.550352],[-71.207629,8.550489],[-71.207164,8.550657],[-71.20693,8.550767],[-71.206632,8.550959],[-71.206241,8.551136],[-71.205739,8.551173],[-71.205173,8.551246],[-71.204593,8.551347],[-71.204204,8.551442],[-71.203489,8.551682],[-71.202696,8.551888],[-71.202219,8.552021],[-71.201797,8.552142],[-71.201331,8.552322],[-71.200537,8.552603],[-71.19999,8.552946],[-71.199892,8.552984],[-71.199393,8.553203],[-71.199074,8.553353],[-71.199016,8.553374],[-71.198603,8.553557],[-71.198099,8.553718],[-71.197833,8.553705],[-71.197513,8.553694],[-71.197081,8.553738],[-71.196699,8.553644],[-71.196344,8.553554],[-71.196109,8.55345],[-71.195729,8.553345],[-71.195354,8.553335],[-71.194911,8.553305],[-71.194508,8.553252],[-71.19426,8.553216],[-71.193909,8.553152],[-71.193599,8.553266],[-71.193308,8.553421],[-71.193055,8.553664],[-71.192891,8.553839],[-71.192606,8.554112],[-71.192375,8.554246],[-71.191846,8.55459],[-71.191505,8.55478],[-71.191251,8.554964],[-71.191037,8.555166],[-71.190857,8.555352],[-71.190629,8.555536],[-71.190506,8.55563],[-71.190321,8.555729],[-71.190194,8.555734],[-71.189871,8.555877],[-71.189577,8.555995],[-71.189577,8.555997],[-71.189303,8.556107],[-71.188981,8.556299],[-71.188688,8.556445],[-71.188383,8.55661],[-71.188169,8.556788],[-71.187915,8.557029],[-71.18775,8.557248],[-71.187597,8.557549],[-71.187468,8.557879],[-71.187315,8.55821],[-71.187205,8.558525],[-71.187008,8.558971],[-71.186828,8.559254],[-71.186534,8.55957],[-71.186312,8.559756],[-71.186199,8.559852],[-71.186132,8.559933],[-71.186071,8.560014],[-71.185923,8.560169],[-71.185821,8.560345],[-71.185694,8.560545],[-71.185605,8.560751],[-71.185505,8.561005],[-71.185506,8.561167],[-71.185524,8.561299],[-71.185546,8.561645],[-71.185527,8.561834],[-71.185409,8.561974],[-71.18527,8.562199],[-71.185151,8.562405],[-71.18507,8.562579],[-71.184999,8.56283],[-71.184972,8.563127],[-71.184909,8.563396],[-71.184452,8.563733],[-71.184058,8.563992],[-71.183858,8.564262],[-71.18364,8.56459],[-71.183551,8.56481],[-71.183411,8.565164],[-71.183164,8.565663],[-71.182909,8.56592],[-71.182679,8.5662],[-71.182377,8.566474],[-71.181983,8.566619],[-71.181573,8.566572],[-71.181006,8.566632],[-71.180098,8.566747],[-71.179574,8.56698],[-71.179362,8.567245],[-71.179158,8.567546],[-71.178561,8.567435],[-71.178226,8.567334],[-71.177561,8.567423],[-71.177042,8.567231],[-71.176405,8.567186],[-71.175761,8.567425],[-71.175312,8.567551],[-71.174899,8.56739],[-71.174441,8.567353],[-71.174022,8.567514],[-71.173451,8.567268],[-71.173082,8.566881],[-71.172614,8.566266],[-71.172321,8.565993],[-71.171911,8.56593],[-71.171747,8.566215],[-71.171442,8.566465],[-71.171207,8.566601],[-71.17102,8.566797],[-71.170764,8.567036],[-71.17054,8.567133],[-71.170216,8.567147],[-71.1697,8.56704],[-71.170021,8.567252],[-71.170168,8.567277],[-71.170287,8.567329],[-71.170401,8.567438],[-71.17057,8.56757],[-71.170747,8.567577],[-71.170889,8.567552],[-71.171171,8.567437],[-71.171406,8.567297],[-71.171658,8.567181],[-71.17188,8.567158],[-71.172088,8.567176],[-71.172228,8.567137],[-71.172338,8.567143],[-71.17237,8.567241],[-71.172314,8.567312],[-71.172188,8.567332],[-71.172049,8.567353],[-71.171862,8.567415],[-71.171714,8.567502],[-71.171657,8.567588],[-71.171586,8.567646],[-71.171488,8.567709],[-71.171449,8.567813],[-71.171439,8.567891],[-71.171475,8.568012],[-71.171597,8.56824],[-71.171511,8.568367],[-71.171359,8.568392],[-71.171273,8.568413],[-71.17127,8.568495],[-71.171321,8.568644],[-71.17145,8.56877],[-71.171693,8.56889],[-71.171926,8.568953],[-71.172079,8.568948],[-71.172254,8.568898],[-71.172441,8.568836],[-71.172564,8.568888],[-71.172781,8.568895],[-71.172966,8.568875],[-71.173045,8.568901],[-71.173043,8.568975],[-71.17297,8.569023],[-71.17288,8.569044],[-71.172698,8.569052],[-71.172501,8.569066],[-71.172293,8.569119],[-71.172197,8.569256],[-71.172163,8.569391],[-71.17192,8.569574],[-71.171637,8.569728],[-71.1714,8.569857],[-71.171274,8.570056],[-71.171229,8.570173],[-71.171205,8.570304],[-71.171144,8.570406],[-71.171,8.570555],[-71.17079,8.57077],[-71.170627,8.570963],[-71.17057,8.571119],[-71.170543,8.571274],[-71.170492,8.571378],[-71.170336,8.571549],[-71.170207,8.571707],[-71.170076,8.571898],[-71.170043,8.572115],[-71.170028,8.572206],[-71.170002,8.572353],[-71.169916,8.572497],[-71.169771,8.572606],[-71.169548,8.572671],[-71.169456,8.572692],[-71.169357,8.572744],[-71.169207,8.572879],[-71.16912,8.573078],[-71.169091,8.573301],[-71.168999,8.57342],[-71.168907,8.573501],[-71.16884,8.573661],[-71.168735,8.573851],[-71.168357,8.574233],[-71.168013,8.574588],[-71.16785,8.574846],[-71.167679,8.575116],[-71.169977,8.577734],[-71.171299,8.576784],[-71.171566,8.577397],[-71.169262,8.578931],[-71.170354,8.580434],[-71.170544,8.580327],[-71.170831,8.579913],[-71.171045,8.579719],[-71.171343,8.579576],[-71.171525,8.579393],[-71.171535,8.579014],[-71.171584,8.578438],[-71.171932,8.578223],[-71.172321,8.578084],[-71.172492,8.577764],[-71.172649,8.577483],[-71.172955,8.577397],[-71.173332,8.577389],[-71.173953,8.577183],[-71.174384,8.576987],[-71.174893,8.576219],[-71.175125,8.575793],[-71.175323,8.575604],[-71.17582,8.57548],[-71.176228,8.575243],[-71.176658,8.574977],[-71.17706,8.574784],[-71.177392,8.574209],[-71.17761,8.574172],[-71.177857,8.574274],[-71.178046,8.574288],[-71.178479,8.574238],[-71.178803,8.573999],[-71.179328,8.573444],[-71.179837,8.573316],[-71.1802,8.57326],[-71.18062,8.573046],[-71.180789,8.572855],[-71.181215,8.572617],[-71.181741,8.572386],[-71.182075,8.572141],[-71.182305,8.571788],[-71.182434,8.571616],[-71.182496,8.57152],[-71.182569,8.571439],[-71.18263,8.571379],[-71.182746,8.571295],[-71.182847,8.571251],[-71.182953,8.571188],[-71.183061,8.571156],[-71.183254,8.571132],[-71.183456,8.571083],[-71.183596,8.571024],[-71.183806,8.570949],[-71.183946,8.570904],[-71.184135,8.570931],[-71.184239,8.570969],[-71.184425,8.571066],[-71.184582,8.571145],[-71.184727,8.571177],[-71.184798,8.571192],[-71.185032,8.571118],[-71.185076,8.571019],[-71.185132,8.570883],[-71.185215,8.57078],[-71.185355,8.570633],[-71.185477,8.570483],[-71.185617,8.570312],[-71.185781,8.570037],[-71.185837,8.569906],[-71.185879,8.569773],[-71.185945,8.56971],[-71.186035,8.569684],[-71.186229,8.569653],[-71.186502,8.569608],[-71.186822,8.569607],[-71.186918,8.569593],[-71.187076,8.569554],[-71.187221,8.569436],[-71.187294,8.569248],[-71.187255,8.568974],[-71.187225,8.568817],[-71.187242,8.56864],[-71.187329,8.568489],[-71.187486,8.568344],[-71.187644,8.568291],[-71.187801,8.568176],[-71.187986,8.568047],[-71.18813,8.567898],[-71.18821,8.567766],[-71.188365,8.567642],[-71.18848,8.567578],[-71.18877,8.567586],[-71.189028,8.5676],[-71.189212,8.567559],[-71.189323,8.567471],[-71.189408,8.567375],[-71.189534,8.567211],[-71.189656,8.567069],[-71.189872,8.566847],[-71.190023,8.566628],[-71.19009,8.566426],[-71.190103,8.566136],[-71.190089,8.565934],[-71.190126,8.565721],[-71.19024,8.565611],[-71.190411,8.565494],[-71.190738,8.565402],[-71.191002,8.565341],[-71.191165,8.565224],[-71.191271,8.565064],[-71.191366,8.56485],[-71.191428,8.564737],[-71.191461,8.564644],[-71.191556,8.564457],[-71.19172,8.564085],[-71.191743,8.563905],[-71.191763,8.563776],[-71.191776,8.563674],[-71.191834,8.563563],[-71.191941,8.563479],[-71.192112,8.563492],[-71.192305,8.563444],[-71.192422,8.563374],[-71.192498,8.563345],[-71.192619,8.563227],[-71.192761,8.562974],[-71.192863,8.562712],[-71.192996,8.562587],[-71.193259,8.562473],[-71.193378,8.562463],[-71.19376,8.562562],[-71.194162,8.562553],[-71.194565,8.562492],[-71.194807,8.562426],[-71.195086,8.562265],[-71.195207,8.56218],[-71.195304,8.562079],[-71.195457,8.561976],[-71.195459,8.561976],[-71.19551,8.561981],[-71.195628,8.561957],[-71.195837,8.561933],[-71.195987,8.561919],[-71.196274,8.56187],[-71.196527,8.561685],[-71.196684,8.561606],[-71.19699,8.561525],[-71.19726,8.561534],[-71.197567,8.561501],[-71.197826,8.56159],[-71.198018,8.561639],[-71.19818,8.561578],[-71.198334,8.561499],[-71.198441,8.561393],[-71.198668,8.561297],[-71.199076,8.561274],[-71.199287,8.561279],[-71.199711,8.561225],[-71.199856,8.561145],[-71.20008,8.560957],[-71.200328,8.560738],[-71.20084,8.560573],[-71.201037,8.560437],[-71.201297,8.560267],[-71.201484,8.560229],[-71.201711,8.560125],[-71.201982,8.560088],[-71.202179,8.560093],[-71.20224,8.560092],[-71.202362,8.56007],[-71.202545,8.560047],[-71.202797,8.560094],[-71.20299,8.560093],[-71.203207,8.560037],[-71.20336,8.559968],[-71.203507,8.559846],[-71.203709,8.559676],[-71.203906,8.559556],[-71.204226,8.559417],[-71.204311,8.559377],[-71.204581,8.559276],[-71.204721,8.559342],[-71.204779,8.559449],[-71.204811,8.559645],[-71.204811,8.559761],[-71.204859,8.559956],[-71.204924,8.560009],[-71.205144,8.560062],[-71.205378,8.559977],[-71.2057,8.559735],[-71.205856,8.559715],[-71.206156,8.559702],[-71.206379,8.559732],[-71.206676,8.559853],[-71.206738,8.559864],[-71.206987,8.559911],[-71.207275,8.559894],[-71.207554,8.559878],[-71.207919,8.559915],[-71.208287,8.560013],[-71.208564,8.560128],[-71.208928,8.560252],[-71.209097,8.560345],[-71.209533,8.560558],[-71.209721,8.560601],[-71.209961,8.560619],[-71.210334,8.560556],[-71.21075,8.560413],[-71.211059,8.560285],[-71.211327,8.560196],[-71.211644,8.560147],[-71.211818,8.560162],[-71.212145,8.560246],[-71.212291,8.560322],[-71.212535,8.560223],[-71.212789,8.560029],[-71.212994,8.560003],[-71.213436,8.559897],[-71.213613,8.559736],[-71.213815,8.55956],[-71.21403,8.559478],[-71.214339,8.559535],[-71.214488,8.559627],[-71.214743,8.559734],[-71.214906,8.559824],[-71.215164,8.559871],[-71.215473,8.559816],[-71.215743,8.559603],[-71.215968,8.559399],[-71.216206,8.559208],[-71.2163,8.559141],[-71.216592,8.558941],[-71.216678,8.558896],[-71.216999,8.55875]]]},"properties":{"Parroquia":"Juan Rodríguez Suarez","Parroquia_pcode":"VE141208","Municipio":"Libertador","Municipio_pcode":"VE1412","Ciudad":"Mérida","adm0_name":"Venezuela (República Bolivariana de)","adm0_pcode":"VE","area_sqkm":6.34848205,"Parroquia_ref_name":"Juan Rodriguez Suarez","center_lat":8.5626495,"center_lon":-71.18898978}},{"type":"Feature","geometry":{"type":"Polygon","coordinates":[[[-71.187221,8.569436],[-71.187822,8.569828],[-71.187603,8.571449],[-71.187374,8.572302],[-71.187323,8.573066],[-71.18716,8.573396],[-71.186936,8.573498],[-71.186617,8.5734],[-71.186573,8.573409],[-71.186531,8.573421],[-71.186511,8.573446],[-71.186495,8.573482],[-71.186474,8.573536],[-71.186459,8.573559],[-71.186427,8.573595],[-71.186385,8.573618],[-71.186347,8.573643],[-71.186288,8.57367],[-71.186268,8.573686],[-71.186201,8.573691],[-71.186159,8.573708],[-71.186037,8.573742],[-71.185888,8.573733],[-71.185802,8.573734],[-71.185752,8.573741],[-71.185706,8.57375],[-71.185692,8.573764],[-71.185647,8.573849],[-71.185642,8.573933],[-71.185678,8.574035],[-71.185703,8.574092],[-71.185777,8.574257],[-71.185789,8.574363],[-71.185775,8.574482],[-71.185752,8.574568],[-71.185725,8.574653],[-71.185663,8.57478],[-71.18565,8.574936],[-71.185652,8.575069],[-71.18562,8.575167],[-71.185538,8.575337],[-71.185465,8.575504],[-71.185318,8.575804],[-71.185313,8.575822],[-71.185318,8.575886],[-71.185289,8.575983],[-71.185277,8.576069],[-71.185268,8.576128],[-71.185276,8.576174],[-71.185287,8.576233],[-71.185283,8.576298],[-71.185211,8.57639],[-71.185175,8.576406],[-71.185105,8.576424],[-71.185037,8.576406],[-71.184932,8.576399],[-71.184837,8.5764],[-71.184727,8.576424],[-71.184629,8.576429],[-71.18456,8.576431],[-71.184522,8.576412],[-71.184467,8.576379],[-71.184414,8.576355],[-71.184375,8.576336],[-71.184321,8.576295],[-71.184267,8.576273],[-71.18418,8.576261],[-71.18413,8.576268],[-71.184076,8.57629],[-71.184037,8.576327],[-71.183996,8.576392],[-71.183973,8.576425],[-71.183896,8.576483],[-71.183844,8.576566],[-71.183765,8.576698],[-71.183702,8.576766],[-71.183652,8.57685],[-71.1836,8.576939],[-71.183538,8.577001],[-71.183494,8.57704],[-71.183411,8.577076],[-71.183336,8.57707],[-71.183231,8.577051],[-71.183151,8.577041],[-71.183093,8.577069],[-71.183051,8.577078],[-71.183023,8.577093],[-71.182992,8.57713],[-71.182946,8.577197],[-71.182905,8.577258],[-71.182872,8.577315],[-71.182826,8.57733],[-71.182776,8.57734],[-71.182664,8.57735],[-71.182598,8.57736],[-71.182545,8.577396],[-71.182461,8.577675],[-71.18279,8.578014],[-71.183086,8.578317],[-71.183322,8.578745],[-71.18332,8.579125],[-71.1832,8.57948],[-71.185624,8.585353],[-71.1851,8.595794],[-71.183541,8.603382],[-71.180579,8.605838],[-71.178928,8.606334],[-71.178724,8.607517],[-71.177092,8.610359],[-71.173208,8.621403],[-71.170926,8.626739],[-71.180323,8.637739],[-71.186435,8.654569],[-71.190216,8.660567],[-71.195212,8.672076],[-71.199762,8.676653],[-71.204608,8.679046],[-71.209973,8.680362],[-71.210623,8.678745],[-71.213622,8.676509],[-71.218294,8.670788],[-71.220528,8.667588],[-71.220797,8.665725],[-71.220891,8.663363],[-71.22089,8.66334],[-71.221956,8.662368],[-71.223579,8.659978],[-71.225486,8.656643],[-71.228219,8.654327],[-71.229042,8.652432],[-71.228545,8.648977],[-71.228206,8.645336],[-71.227876,8.642177],[-71.227494,8.640073],[-71.225683,8.636778],[-71.220451,8.630719],[-71.219087,8.627852],[-71.218737,8.623545],[-71.21913,8.620809],[-71.21835,8.616611],[-71.215895,8.608264],[-71.209243,8.602754],[-71.203639,8.597341],[-71.201219,8.594724],[-71.198998,8.591059],[-71.198197,8.589395],[-71.198563,8.582133],[-71.198085,8.57729],[-71.197273,8.572752],[-71.196886,8.57128],[-71.196803,8.571049],[-71.196581,8.570523],[-71.196413,8.570235],[-71.196225,8.570086],[-71.195773,8.569766],[-71.194864,8.569221],[-71.194596,8.569075],[-71.194308,8.56904],[-71.194026,8.569147],[-71.193844,8.569321],[-71.193686,8.569696],[-71.193349,8.570713],[-71.193097,8.57136],[-71.192884,8.571587],[-71.192641,8.571748],[-71.192653,8.571708],[-71.192632,8.571472],[-71.192621,8.571312],[-71.192604,8.571092],[-71.192604,8.570798],[-71.19256,8.570566],[-71.192448,8.570362],[-71.192428,8.570156],[-71.192456,8.569917],[-71.192506,8.56957],[-71.192544,8.569395],[-71.192544,8.569073],[-71.192537,8.568817],[-71.192452,8.568672],[-71.192372,8.568557],[-71.192299,8.568382],[-71.192338,8.568095],[-71.19234,8.567889],[-71.192318,8.567763],[-71.192297,8.567631],[-71.192308,8.567417],[-71.192359,8.567232],[-71.192419,8.567093],[-71.192412,8.566909],[-71.192378,8.566819],[-71.192313,8.566546],[-71.19234,8.566381],[-71.192301,8.566202],[-71.192265,8.56611],[-71.192203,8.566021],[-71.192141,8.565912],[-71.192069,8.565751],[-71.192015,8.56561],[-71.191993,8.565536],[-71.191928,8.565397],[-71.191879,8.565224],[-71.191888,8.565063],[-71.192041,8.564724],[-71.192114,8.564625],[-71.192167,8.56431],[-71.192155,8.56408],[-71.192091,8.563895],[-71.192063,8.563685],[-71.192112,8.563492],[-71.191941,8.563479],[-71.191834,8.563563],[-71.191776,8.563674],[-71.191763,8.563776],[-71.191743,8.563905],[-71.19172,8.564085],[-71.191556,8.564457],[-71.191461,8.564644],[-71.191428,8.564737],[-71.191366,8.56485],[-71.191271,8.565064],[-71.191165,8.565224],[-71.191002,8.565341],[-71.190738,8.565402],[-71.190411,8.565494],[-71.19024,8.565611],[-71.190126,8.565721],[-71.190089,8.565934],[-71.190103,8.566136],[-71.19009,8.566426],[-71.190023,8.566628],[-71.189872,8.566847],[-71.189656,8.567069],[-71.189534,8.567211],[-71.189408,8.567375],[-71.189323,8.567471],[-71.189212,8.567559],[-71.189028,8.5676],[-71.18877,8.567586],[-71.18848,8.567578],[-71.188365,8.567642],[-71.18821,8.567766],[-71.18813,8.567898],[-71.187986,8.568047],[-71.187801,8.568176],[-71.187644,8.568291],[-71.187486,8.568344],[-71.187329,8.568489],[-71.187242,8.56864],[-71.187225,8.568817],[-71.187255,8.568974],[-71.187294,8.569248],[-71.187221,8.569436]]]},"properties":{"Parroquia":"Lasso de la Vega","Parroquia_pcode":"VE141209","Municipio":"Libertador","Municipio_pcode":"VE1412","Ciudad":"Mérida","adm0_name":"Venezuela (República Bolivariana de)","adm0_pcode":"VE","area_sqkm":41.38418005,"Parroquia_ref_name":"Lasso de la Vega","center_lat":8.622474,"center_lon":-71.19582041}},{"type":"Feature","geometry":{"type":"Polygon","coordinates":[[[-71.164502,8.620107],[-71.170926,8.626739],[-71.173208,8.621403],[-71.177092,8.610359],[-71.178724,8.607517],[-71.178928,8.606334],[-71.179116,8.605241],[-71.180563,8.601165],[-71.178044,8.593366],[-71.174152,8.586622],[-71.174082,8.586555],[-71.173814,8.585703],[-71.173789,8.585602],[-71.173744,8.585513],[-71.173693,8.585438],[-71.173642,8.585363],[-71.173576,8.585249],[-71.173654,8.585081],[-71.174025,8.585019],[-71.17435,8.584904],[-71.174485,8.584608],[-71.174507,8.584448],[-71.174974,8.584025],[-71.175558,8.583527],[-71.175825,8.583208],[-71.175985,8.58294],[-71.176429,8.582361],[-71.175287,8.580583],[-71.174778,8.580855],[-71.172756,8.582567],[-71.172442,8.582063],[-71.170831,8.579913],[-71.170544,8.580327],[-71.170354,8.580434],[-71.170254,8.580555],[-71.169874,8.580847],[-71.169583,8.581105],[-71.169281,8.581263],[-71.168952,8.581514],[-71.168666,8.58194],[-71.168328,8.582169],[-71.167919,8.582322],[-71.167567,8.582523],[-71.167369,8.582901],[-71.167063,8.583169],[-71.166769,8.583245],[-71.166405,8.583388],[-71.165899,8.583802],[-71.16542,8.584137],[-71.165137,8.584487],[-71.164256,8.584556],[-71.163546,8.584921],[-71.163339,8.585051],[-71.163234,8.585405],[-71.163101,8.585727],[-71.162948,8.585917],[-71.162737,8.586249],[-71.162511,8.586519],[-71.162226,8.586621],[-71.161658,8.586844],[-71.161033,8.587307],[-71.160804,8.587617],[-71.160429,8.588059],[-71.160083,8.588363],[-71.159237,8.588591],[-71.159011,8.589096],[-71.158478,8.589866],[-71.158536,8.590068],[-71.158412,8.590274],[-71.1581,8.590355],[-71.157861,8.590279],[-71.157341,8.590176],[-71.157091,8.590313],[-71.156793,8.590587],[-71.156618,8.590748],[-71.156391,8.59107],[-71.15621,8.591297],[-71.155973,8.591621],[-71.155648,8.591704],[-71.1553,8.591787],[-71.155181,8.591995],[-71.155034,8.592319],[-71.154797,8.592479],[-71.154404,8.592579],[-71.154282,8.592701],[-71.154221,8.592893],[-71.154042,8.593067],[-71.153704,8.592976],[-71.153434,8.592889],[-71.153295,8.593025],[-71.153137,8.593237],[-71.152727,8.5935],[-71.15236,8.59362],[-71.151858,8.593875],[-71.151612,8.594084],[-71.151487,8.594435],[-71.151213,8.594673],[-71.150918,8.594855],[-71.15063,8.595044],[-71.150475,8.595295],[-71.150227,8.595628],[-71.149984,8.595882],[-71.149558,8.596067],[-71.149783,8.596124],[-71.150199,8.596039],[-71.15053,8.595986],[-71.150918,8.5959],[-71.151193,8.595823],[-71.151524,8.595774],[-71.151773,8.595769],[-71.151939,8.595867],[-71.15211,8.595969],[-71.152322,8.596143],[-71.15314,8.595521],[-71.153385,8.595371],[-71.153562,8.59528],[-71.153725,8.595234],[-71.153994,8.595197],[-71.15426,8.595132],[-71.154546,8.594998],[-71.154854,8.59485],[-71.155265,8.594597],[-71.155698,8.594281],[-71.156241,8.593901],[-71.156338,8.593823],[-71.156743,8.594346],[-71.156875,8.594305],[-71.157022,8.594309],[-71.15715,8.594432],[-71.157514,8.595886],[-71.15919,8.594837],[-71.159546,8.594667],[-71.159807,8.594566],[-71.160029,8.594523],[-71.160369,8.594518],[-71.162871,8.594682],[-71.160852,8.596142],[-71.160183,8.596803],[-71.160037,8.597467],[-71.159274,8.597796],[-71.157505,8.599308],[-71.157503,8.59983],[-71.158022,8.600829],[-71.158825,8.602019],[-71.159726,8.602878],[-71.160247,8.603497],[-71.160624,8.604353],[-71.160998,8.605826],[-71.161181,8.607251],[-71.161413,8.608534],[-71.16179,8.609485],[-71.162355,8.610864],[-71.162496,8.611244],[-71.162157,8.61243],[-71.161909,8.614566],[-71.16209,8.616513],[-71.163225,8.618179],[-71.164502,8.620107]]]},"properties":{"Parroquia":"Mariano Picón Salas","Parroquia_pcode":"VE141210","Municipio":"Libertador","Municipio_pcode":"VE1412","Ciudad":"Mérida","adm0_name":"Venezuela (República Bolivariana de)","adm0_pcode":"VE","area_sqkm":8.12750705,"Parroquia_ref_name":"Mariano Picon Salas","center_lat":8.6031875,"center_lon":-71.16991575}},{"type":"Feature","geometry":{"type":"Polygon","coordinates":[[[-71.110538,8.632236],[-71.121625,8.633133],[-71.125697,8.634541],[-71.129319,8.63835],[-71.132754,8.642558],[-71.133622,8.642579],[-71.135469,8.64363],[-71.136659,8.65291],[-71.13907,8.659807],[-71.143305,8.666146],[-71.149169,8.671519],[-71.152794,8.67553],[-71.153315,8.685295],[-71.154135,8.695772],[-71.155277,8.701632],[-71.15851,8.71217],[-71.162058,8.717586],[-71.1651,8.721281],[-71.170748,8.729793],[-71.173691,8.728863],[-71.174957,8.728026],[-71.175132,8.727661],[-71.177164,8.724643],[-71.178686,8.723135],[-71.179979,8.720831],[-71.181782,8.717849],[-71.186229,8.711471],[-71.188754,8.707919],[-71.188237,8.703536],[-71.188785,8.702559],[-71.192571,8.701284],[-71.195994,8.700227],[-71.201043,8.698024],[-71.205581,8.696477],[-71.207733,8.693622],[-71.209104,8.69166],[-71.2095,8.684549],[-71.209785,8.68083],[-71.209973,8.680362],[-71.204608,8.679046],[-71.199762,8.676653],[-71.195212,8.672076],[-71.190216,8.660567],[-71.186435,8.654569],[-71.180323,8.637739],[-71.170926,8.626739],[-71.164502,8.620107],[-71.145413,8.621897],[-71.145288,8.621693],[-71.144981,8.621421],[-71.144792,8.62127],[-71.144683,8.621024],[-71.144589,8.620782],[-71.144368,8.620562],[-71.144131,8.620316],[-71.144033,8.620016],[-71.143884,8.619739],[-71.143728,8.619483],[-71.143487,8.6193],[-71.143192,8.619116],[-71.143043,8.61884],[-71.142941,8.618582],[-71.142864,8.618343],[-71.142797,8.61812],[-71.142484,8.616863],[-71.142339,8.616574],[-71.142292,8.616318],[-71.142313,8.616154],[-71.142196,8.615855],[-71.141989,8.615639],[-71.141956,8.615398],[-71.141959,8.615169],[-71.141854,8.614937],[-71.141707,8.614734],[-71.141728,8.614471],[-71.14175,8.614268],[-71.141712,8.613981],[-71.141713,8.613831],[-71.141747,8.613728],[-71.141792,8.613557],[-71.14174,8.613307],[-71.141661,8.613055],[-71.141571,8.612616],[-71.141533,8.612132],[-71.141403,8.611846],[-71.141277,8.611574],[-71.141265,8.611394],[-71.141164,8.61117],[-71.141018,8.610931],[-71.141063,8.610633],[-71.141116,8.610474],[-71.141017,8.610278],[-71.140967,8.610105],[-71.140819,8.60992],[-71.140751,8.60964],[-71.140793,8.609435],[-71.140758,8.6092],[-71.140644,8.60896],[-71.140456,8.608615],[-71.140401,8.608449],[-71.140463,8.608261],[-71.140627,8.608104],[-71.140675,8.607889],[-71.140618,8.607566],[-71.140628,8.607337],[-71.140594,8.606967],[-71.140615,8.606592],[-71.140598,8.606232],[-71.140418,8.605885],[-71.140377,8.605586],[-71.140386,8.605403],[-71.140449,8.605168],[-71.140446,8.604912],[-71.1405,8.604576],[-71.140577,8.604296],[-71.140724,8.604019],[-71.140949,8.603798],[-71.141227,8.603704],[-71.141617,8.603609],[-71.141875,8.603451],[-71.142034,8.603133],[-71.142163,8.602937],[-71.142262,8.602779],[-71.142417,8.602478],[-71.142519,8.602186],[-71.142706,8.601906],[-71.143108,8.601533],[-71.143339,8.601333],[-71.143693,8.601096],[-71.143903,8.600827],[-71.144057,8.60047],[-71.143822,8.600157],[-71.143287,8.600858],[-71.142702,8.601471],[-71.141067,8.599388],[-71.137236,8.602288],[-71.136765,8.601721],[-71.136239,8.601323],[-71.13559,8.601361],[-71.135394,8.600769],[-71.134588,8.601],[-71.134373,8.600216],[-71.133549,8.600238],[-71.133522,8.599982],[-71.133619,8.599604],[-71.133533,8.599143],[-71.133275,8.598784],[-71.133117,8.598386],[-71.13305,8.59761],[-71.133205,8.597232],[-71.133216,8.596937],[-71.13305,8.596624],[-71.132969,8.596169],[-71.132884,8.596447],[-71.132625,8.59669],[-71.13231,8.597041],[-71.132166,8.597577],[-71.132033,8.598089],[-71.132058,8.598584],[-71.132039,8.598943],[-71.131923,8.599291],[-71.13161,8.599556],[-71.13127,8.599644],[-71.130821,8.599621],[-71.130363,8.599546],[-71.129856,8.599722],[-71.129427,8.59995],[-71.129171,8.600114],[-71.128902,8.600222],[-71.128633,8.600125],[-71.128359,8.600022],[-71.128147,8.600051],[-71.127957,8.600149],[-71.128208,8.601297],[-71.12827,8.601569],[-71.128297,8.60199],[-71.12827,8.602492],[-71.128111,8.602798],[-71.127802,8.602883],[-71.127155,8.603009],[-71.12685,8.603105],[-71.126795,8.603138],[-71.126152,8.603457],[-71.12579,8.604029],[-71.125575,8.604233],[-71.12537,8.604355],[-71.125183,8.604385],[-71.124784,8.604455],[-71.124505,8.604659],[-71.124362,8.604851],[-71.124342,8.605158],[-71.124326,8.605603],[-71.124298,8.605978],[-71.124207,8.606186],[-71.123995,8.606328],[-71.123386,8.606639],[-71.12298,8.606907],[-71.122799,8.607111],[-71.122647,8.607425],[-71.122453,8.607711],[-71.122187,8.607986],[-71.122109,8.608076],[-71.121958,8.608167],[-71.121688,8.608257],[-71.121219,8.608344],[-71.12091,8.608513],[-71.120451,8.608778],[-71.120154,8.609038],[-71.119812,8.609444],[-71.119592,8.609684],[-71.119301,8.609938],[-71.118943,8.610142],[-71.118128,8.610547],[-71.117663,8.610932],[-71.117217,8.611246],[-71.116841,8.611485],[-71.116503,8.6117],[-71.11624,8.61179],[-71.115813,8.61186],[-71.115379,8.611839],[-71.115142,8.611936],[-71.114674,8.612191],[-71.114517,8.612373],[-71.11432,8.612481],[-71.113925,8.612475],[-71.113497,8.612595],[-71.113058,8.612774],[-71.112701,8.61301],[-71.112382,8.61317],[-71.111723,8.61373],[-71.111439,8.613918],[-71.111142,8.614022],[-71.110772,8.614132],[-71.110437,8.61422],[-71.110167,8.614262],[-71.10998,8.614305],[-71.109201,8.614859],[-71.108722,8.615381],[-71.108339,8.61561],[-71.108039,8.615758],[-71.108034,8.616313],[-71.105953,8.617632],[-71.103887,8.619776],[-71.102713,8.621447],[-71.102605,8.62333],[-71.103186,8.626325],[-71.104443,8.628277],[-71.106591,8.629663],[-71.109425,8.630603],[-71.110538,8.632236]]]},"properties":{"Parroquia":"Milla","Parroquia_pcode":"VE141211","Municipio":"Libertador","Municipio_pcode":"VE1412","Ciudad":"Mérida","adm0_name":"Venezuela (República Bolivariana de)","adm0_pcode":"VE","area_sqkm":65.1027853,"Parroquia_ref_name":"Milla","center_lat":8.6633565,"center_lon":-71.16643414}},{"type":"Feature","geometry":{"type":"Polygon","coordinates":[[[-71.192112,8.563492],[-71.192063,8.563685],[-71.192091,8.563895],[-71.192155,8.56408],[-71.192167,8.56431],[-71.192114,8.564625],[-71.192041,8.564724],[-71.191888,8.565063],[-71.191879,8.565224],[-71.191928,8.565397],[-71.191993,8.565536],[-71.192015,8.56561],[-71.192069,8.565751],[-71.192141,8.565912],[-71.192203,8.566021],[-71.192265,8.56611],[-71.192301,8.566202],[-71.19234,8.566381],[-71.192313,8.566546],[-71.192378,8.566819],[-71.192412,8.566909],[-71.192419,8.567093],[-71.192359,8.567232],[-71.192308,8.567417],[-71.192297,8.567631],[-71.192318,8.567763],[-71.19234,8.567889],[-71.192338,8.568095],[-71.192299,8.568382],[-71.192372,8.568557],[-71.192452,8.568672],[-71.192537,8.568817],[-71.192544,8.569073],[-71.192544,8.569395],[-71.192506,8.56957],[-71.192456,8.569917],[-71.192428,8.570156],[-71.192448,8.570362],[-71.19256,8.570566],[-71.192604,8.570798],[-71.192604,8.571092],[-71.192621,8.571312],[-71.192632,8.571472],[-71.192653,8.571708],[-71.192641,8.571748],[-71.192884,8.571587],[-71.193097,8.57136],[-71.193349,8.570713],[-71.193686,8.569696],[-71.193844,8.569321],[-71.194026,8.569147],[-71.194308,8.56904],[-71.194596,8.569075],[-71.194864,8.569221],[-71.195773,8.569766],[-71.196225,8.570086],[-71.196413,8.570235],[-71.196581,8.570523],[-71.196803,8.571049],[-71.196886,8.57128],[-71.197273,8.572752],[-71.198085,8.57729],[-71.198563,8.582133],[-71.198197,8.589395],[-71.198998,8.591059],[-71.201219,8.594724],[-71.203639,8.597341],[-71.209243,8.602754],[-71.215895,8.608264],[-71.21835,8.616611],[-71.21913,8.620809],[-71.221689,8.615009],[-71.223046,8.613289],[-71.223205,8.610397],[-71.22227,8.606972],[-71.221056,8.60213],[-71.220752,8.599108],[-71.219936,8.597332],[-71.21918,8.593538],[-71.218631,8.58974],[-71.217685,8.585673],[-71.21683,8.58016],[-71.216832,8.577521],[-71.216571,8.575713],[-71.216676,8.573716],[-71.217618,8.572072],[-71.218214,8.570411],[-71.218667,8.568522],[-71.21893,8.566293],[-71.21911,8.564593],[-71.218944,8.562967],[-71.218522,8.561208],[-71.217839,8.560463],[-71.217338,8.559508],[-71.216999,8.55875],[-71.216678,8.558896],[-71.216592,8.558941],[-71.2163,8.559141],[-71.216206,8.559208],[-71.215968,8.559399],[-71.215743,8.559603],[-71.215473,8.559816],[-71.215164,8.559871],[-71.214906,8.559824],[-71.214743,8.559734],[-71.214488,8.559627],[-71.214339,8.559535],[-71.21403,8.559478],[-71.213815,8.55956],[-71.213613,8.559736],[-71.213436,8.559897],[-71.212994,8.560003],[-71.212789,8.560029],[-71.212535,8.560223],[-71.212291,8.560322],[-71.212145,8.560246],[-71.211818,8.560162],[-71.211644,8.560147],[-71.211327,8.560196],[-71.211059,8.560285],[-71.21075,8.560413],[-71.210334,8.560556],[-71.209961,8.560619],[-71.209721,8.560601],[-71.209533,8.560558],[-71.209097,8.560345],[-71.208928,8.560252],[-71.208564,8.560128],[-71.208287,8.560013],[-71.207919,8.559915],[-71.207554,8.559878],[-71.207275,8.559894],[-71.206987,8.559911],[-71.206738,8.559864],[-71.206676,8.559853],[-71.206379,8.559732],[-71.206156,8.559702],[-71.205856,8.559715],[-71.2057,8.559735],[-71.205378,8.559977],[-71.205144,8.560062],[-71.204924,8.560009],[-71.204859,8.559956],[-71.204811,8.559761],[-71.204811,8.559645],[-71.204779,8.559449],[-71.204721,8.559342],[-71.204581,8.559276],[-71.204311,8.559377],[-71.204226,8.559417],[-71.203906,8.559556],[-71.203709,8.559676],[-71.203507,8.559846],[-71.20336,8.559968],[-71.203207,8.560037],[-71.20299,8.560093],[-71.202797,8.560094],[-71.202545,8.560047],[-71.202362,8.56007],[-71.20224,8.560092],[-71.202179,8.560093],[-71.201982,8.560088],[-71.201711,8.560125],[-71.201484,8.560229],[-71.201297,8.560267],[-71.201037,8.560437],[-71.20084,8.560573],[-71.200328,8.560738],[-71.20008,8.560957],[-71.199856,8.561145],[-71.199711,8.561225],[-71.199287,8.561279],[-71.199076,8.561274],[-71.198668,8.561297],[-71.198441,8.561393],[-71.198334,8.561499],[-71.19818,8.561578],[-71.198018,8.561639],[-71.197826,8.56159],[-71.197567,8.561501],[-71.19726,8.561534],[-71.19699,8.561525],[-71.196684,8.561606],[-71.196527,8.561685],[-71.196274,8.56187],[-71.195987,8.561919],[-71.195837,8.561933],[-71.195628,8.561957],[-71.19551,8.561981],[-71.195459,8.561976],[-71.195457,8.561976],[-71.195304,8.562079],[-71.195207,8.56218],[-71.195086,8.562265],[-71.194807,8.562426],[-71.194565,8.562492],[-71.194162,8.562553],[-71.19376,8.562562],[-71.193378,8.562463],[-71.193259,8.562473],[-71.192996,8.562587],[-71.192863,8.562712],[-71.192761,8.562974],[-71.192619,8.563227],[-71.192498,8.563345],[-71.192422,8.563374],[-71.192305,8.563444],[-71.192112,8.563492]]]},"properties":{"Parroquia":"Osuna Rodríguez","Parroquia_pcode":"VE141212","Municipio":"Libertador","Municipio_pcode":"VE1412","Ciudad":"Mérida","adm0_name":"Venezuela (República Bolivariana de)","adm0_pcode":"VE","area_sqkm":11.60090527,"Parroquia_ref_name":"Osuna Rodriguez","center_lat":8.5903995,"center_lon":-71.20870343}},{"type":"Feature","geometry":{"type":"Polygon","coordinates":[[[-71.141067,8.599388],[-71.142702,8.601471],[-71.143287,8.600858],[-71.143822,8.600157],[-71.144057,8.60047],[-71.144295,8.600018],[-71.144833,8.599485],[-71.145117,8.599301],[-71.145332,8.599122],[-71.145736,8.598817],[-71.145954,8.598616],[-71.146339,8.598168],[-71.1466,8.597931],[-71.146804,8.597799],[-71.14739,8.597662],[-71.147754,8.597469],[-71.147906,8.597248],[-71.145788,8.594611],[-71.144024,8.591973],[-71.139856,8.58875],[-71.139506,8.589115],[-71.13908,8.589445],[-71.138827,8.589882],[-71.138661,8.590759],[-71.138554,8.591132],[-71.138294,8.591489],[-71.138015,8.591835],[-71.137715,8.592122],[-71.137215,8.592407],[-71.135964,8.592605],[-71.135037,8.593058],[-71.138381,8.596076],[-71.138654,8.596414],[-71.139493,8.597456],[-71.140535,8.598681],[-71.140873,8.599137],[-71.141067,8.599388]]]},"properties":{"Parroquia":"Sagrario","Parroquia_pcode":"VE141213","Municipio":"Libertador","Municipio_pcode":"VE1412","Ciudad":"Mérida","adm0_name":"Venezuela (República Bolivariana de)","adm0_pcode":"VE","area_sqkm":0.89218455,"Parroquia_ref_name":"Sagrario","center_lat":8.5953435,"center_lon":-71.14197285}},{"type":"Feature","geometry":{"type":"Polygon","coordinates":[[[-70.850888,8.414199],[-70.851016,8.414326],[-70.853078,8.415636],[-70.853336,8.417433],[-70.854128,8.419943],[-70.853296,8.420681],[-70.850868,8.420616],[-70.849321,8.421931],[-70.849352,8.42587],[-70.852061,8.42718],[-70.854837,8.428034],[-70.856829,8.428647],[-70.857959,8.428866],[-70.860949,8.429447],[-70.86338,8.430341],[-70.863867,8.430824],[-70.866364,8.430682],[-70.868495,8.431992],[-70.869866,8.43487],[-70.872642,8.434842],[-70.874195,8.436245],[-70.876144,8.439145],[-70.8767,8.439697],[-70.877234,8.440364],[-70.879849,8.441189],[-70.881631,8.440795],[-70.883944,8.44086],[-70.886418,8.440649],[-70.888637,8.43977],[-70.88899,8.442349],[-70.887189,8.444011],[-70.88643,8.445901],[-70.889532,8.446818],[-70.894529,8.447201],[-70.896961,8.448649],[-70.899001,8.450673],[-70.901177,8.451544],[-70.903494,8.452831],[-70.906136,8.454807],[-70.906534,8.456811],[-70.906049,8.457457],[-70.906099,8.458816],[-70.905984,8.459254],[-70.90541,8.461214],[-70.905276,8.463449],[-70.907063,8.465796],[-70.907646,8.467983],[-70.909198,8.468994],[-70.912437,8.468827],[-70.916049,8.470296],[-70.918459,8.472526],[-70.920062,8.475219],[-70.921273,8.478557],[-70.92299,8.481088],[-70.924895,8.484057],[-70.926036,8.487349],[-70.92884,8.489233],[-70.931577,8.492223],[-70.93211,8.492775],[-70.935306,8.494128],[-70.938319,8.496772],[-70.938789,8.499628],[-70.939236,8.502783],[-70.941162,8.505337],[-70.94269,8.505956],[-70.94597,8.511033],[-70.948713,8.512145],[-70.953076,8.520216],[-70.961343,8.526935],[-70.968842,8.537778],[-70.980237,8.509165],[-70.980787,8.506934],[-70.980923,8.505831],[-70.980874,8.504521],[-70.98267,8.50192],[-70.984168,8.500009],[-70.985226,8.498169],[-70.985776,8.495892],[-70.987664,8.492831],[-70.988792,8.491243],[-70.989094,8.488343],[-70.988759,8.486039],[-70.99135,8.483391],[-70.994091,8.480885],[-70.997107,8.477362],[-70.998408,8.476327],[-70.997918,8.473593],[-70.998891,8.470687],[-70.998918,8.464189],[-70.999305,8.461575],[-70.998951,8.45798],[-70.997908,8.454476],[-70.997595,8.448157],[-71.002335,8.444958],[-71.004874,8.443712],[-71.007921,8.442856],[-71.011222,8.441678],[-71.013415,8.440594],[-71.017111,8.440794],[-71.020829,8.44074],[-71.023463,8.441011],[-71.024665,8.441583],[-71.027458,8.440383],[-71.03097,8.44056],[-71.033324,8.439521],[-71.035054,8.438392],[-71.036392,8.437034],[-71.038676,8.436018],[-71.040293,8.435946],[-71.041839,8.435185],[-71.044401,8.441896],[-71.050984,8.455012],[-71.054211,8.459576],[-71.060701,8.457277],[-71.063375,8.458144],[-71.069002,8.461382],[-71.076762,8.458762],[-71.085362,8.457625],[-71.091843,8.458217],[-71.096338,8.463011],[-71.100119,8.470583],[-71.099689,8.473076],[-71.097981,8.478231],[-71.099928,8.486283],[-71.101595,8.494069],[-71.101147,8.501794],[-71.100568,8.506496],[-71.099865,8.508483],[-71.098776,8.510186],[-71.101117,8.511157],[-71.101963,8.511126],[-71.105775,8.508924],[-71.118774,8.498542],[-71.126815,8.495911],[-71.13668,8.495968],[-71.144287,8.497345],[-71.151758,8.4968],[-71.159507,8.497209],[-71.162899,8.494333],[-71.167702,8.490994],[-71.171227,8.490316],[-71.179831,8.488078],[-71.180534,8.488465],[-71.186177,8.48661],[-71.188423,8.489282],[-71.194051,8.492658],[-71.197137,8.496951],[-71.200378,8.49711],[-71.201221,8.497905],[-71.203888,8.501113],[-71.205157,8.501067],[-71.207972,8.502204],[-71.209523,8.50201],[-71.209386,8.500639],[-71.214547,8.499003],[-71.214019,8.496443],[-71.21433,8.494373],[-71.215152,8.492341],[-71.21498,8.490326],[-71.215151,8.488213],[-71.215805,8.487192],[-71.217502,8.486498],[-71.218855,8.485948],[-71.221197,8.483775],[-71.224656,8.480736],[-71.225492,8.479644],[-71.228514,8.476726],[-71.229787,8.475512],[-71.23011,8.472754],[-71.230313,8.469677],[-71.2311,8.467049],[-71.232949,8.465803],[-71.233742,8.462097],[-71.234541,8.460226],[-71.2358,8.45814],[-71.235864,8.456465],[-71.235235,8.456154],[-71.231071,8.457027],[-71.229577,8.456089],[-71.229109,8.454331],[-71.228156,8.45258],[-71.227422,8.451469],[-71.224915,8.450639],[-71.223561,8.449791],[-71.221058,8.449213],[-71.218711,8.448358],[-71.215712,8.447101],[-71.212899,8.445978],[-71.210985,8.444726],[-71.210057,8.441714],[-71.209178,8.438793],[-71.208021,8.435921],[-71.206151,8.43453],[-71.204322,8.434194],[-71.202435,8.433216],[-71.2009,8.432508],[-71.200187,8.431327],[-71.200521,8.429165],[-71.19918,8.427651],[-71.196976,8.427091],[-71.196679,8.424504],[-71.196286,8.421667],[-71.194396,8.419084],[-71.192549,8.416316],[-71.191768,8.415182],[-71.192215,8.412904],[-71.191095,8.41079],[-71.189104,8.409034],[-71.18705,8.409068],[-71.185584,8.408404],[-71.184229,8.406065],[-71.184494,8.40395],[-71.183912,8.402216],[-71.181685,8.402965],[-71.180406,8.401059],[-71.178346,8.399304],[-71.176924,8.397172],[-71.17563,8.395702],[-71.174431,8.394392],[-71.174304,8.392261],[-71.173327,8.389043],[-71.172803,8.388088],[-71.17173,8.387395],[-71.170706,8.386885],[-71.16878,8.387719],[-71.167097,8.386417],[-71.166038,8.383843],[-71.165144,8.382802],[-71.163693,8.381634],[-71.161715,8.380634],[-71.160386,8.378476],[-71.159169,8.377441],[-71.15712,8.376397],[-71.154864,8.375471],[-71.153643,8.374184],[-71.151214,8.372481],[-71.149511,8.371408],[-71.148521,8.370186],[-71.14733,8.367935],[-71.147294,8.367155],[-71.145829,8.365115],[-71.144364,8.364428],[-71.140842,8.366459],[-71.138379,8.369665],[-71.136724,8.372972],[-71.136703,8.375864],[-71.136968,8.377947],[-71.136948,8.380975],[-71.135319,8.381575],[-71.13165,8.381659],[-71.127448,8.383127],[-71.122097,8.386243],[-71.119807,8.385959],[-71.115285,8.380529],[-71.112005,8.376179],[-71.108828,8.373868],[-71.105852,8.371233],[-71.101595,8.370661],[-71.096574,8.368541],[-71.093957,8.368057],[-71.090198,8.368279],[-71.08822,8.371591],[-71.08648,8.372491],[-71.084066,8.37173],[-71.083332,8.373425],[-71.082703,8.374449],[-71.068701,8.372869],[-71.059653,8.369266],[-71.050098,8.356534],[-71.042014,8.346291],[-71.028339,8.34902],[-71.026623,8.346279],[-71.021981,8.346201],[-71.015377,8.342886],[-71.00805,8.343502],[-71.000971,8.345849],[-70.992393,8.333626],[-70.98212,8.327784],[-70.975515,8.323483],[-70.97672,8.316354],[-70.965238,8.316901],[-70.962789,8.313655],[-70.958144,8.312098],[-70.936631,8.305082],[-70.93124,8.298089],[-70.932455,8.295151],[-70.926821,8.288401],[-70.917943,8.297231],[-70.915544,8.299616],[-70.910974,8.302432],[-70.905353,8.319428],[-70.906855,8.323235],[-70.906826,8.328554],[-70.909475,8.331609],[-70.909454,8.335408],[-70.909439,8.338067],[-70.90864,8.344902],[-70.90745,8.353635],[-70.907419,8.359333],[-70.905494,8.363123],[-70.90167,8.366142],[-70.89936,8.37069],[-70.897052,8.374858],[-70.895512,8.37789],[-70.89132,8.378248],[-70.878737,8.381221],[-70.873389,8.384233],[-70.869924,8.391054],[-70.865692,8.39863],[-70.862124,8.402322],[-70.856056,8.411059],[-70.851481,8.41244],[-70.850888,8.414199]]]},"properties":{"Parroquia":"El Morro","Parroquia_pcode":"VE141214","Municipio":"Libertador","Municipio_pcode":"VE1412","Ciudad":"Mérida","adm0_name":"Venezuela (República Bolivariana de)","adm0_pcode":"VE","area_sqkm":512.22043859,"Parroquia_ref_name":"El Morro","center_lat":8.41355128,"center_lon":-71.02159697}},{"type":"Feature","geometry":{"type":"Polygon","coordinates":[[[-71.098776,8.510186],[-71.099865,8.508483],[-71.100568,8.506496],[-71.101147,8.501794],[-71.101595,8.494069],[-71.099928,8.486283],[-71.097981,8.478231],[-71.099689,8.473076],[-71.100119,8.470583],[-71.096338,8.463011],[-71.091843,8.458217],[-71.085362,8.457625],[-71.076762,8.458762],[-71.069002,8.461382],[-71.063375,8.458144],[-71.060701,8.457277],[-71.054211,8.459576],[-71.050984,8.455012],[-71.044401,8.441896],[-71.041839,8.435185],[-71.040293,8.435946],[-71.038676,8.436018],[-71.036392,8.437034],[-71.035054,8.438392],[-71.033324,8.439521],[-71.03097,8.44056],[-71.027458,8.440383],[-71.024665,8.441583],[-71.023463,8.441011],[-71.020829,8.44074],[-71.017111,8.440794],[-71.013415,8.440594],[-71.011222,8.441678],[-71.007921,8.442856],[-71.004874,8.443712],[-71.002335,8.444958],[-70.997595,8.448157],[-70.997908,8.454476],[-70.998951,8.45798],[-70.999305,8.461575],[-70.998918,8.464189],[-70.998891,8.470687],[-70.997918,8.473593],[-70.998408,8.476327],[-70.997107,8.477362],[-70.994091,8.480885],[-70.99135,8.483391],[-70.988759,8.486039],[-70.989094,8.488343],[-70.988792,8.491243],[-70.987664,8.492831],[-70.985776,8.495892],[-70.985226,8.498169],[-70.984168,8.500009],[-70.98267,8.50192],[-70.980874,8.504521],[-70.980923,8.505831],[-70.980787,8.506934],[-70.980237,8.509165],[-70.968842,8.537778],[-70.970658,8.538806],[-70.974245,8.540681],[-70.977721,8.544029],[-70.997953,8.548792],[-71.001111,8.549214],[-71.003171,8.549408],[-71.006097,8.549922],[-71.010173,8.550363],[-71.013053,8.551869],[-71.015938,8.551765],[-71.017452,8.550771],[-71.020475,8.550393],[-71.023496,8.550687],[-71.028309,8.548903],[-71.029779,8.548738],[-71.032159,8.547691],[-71.034908,8.547055],[-71.036696,8.546319],[-71.040134,8.545256],[-71.041947,8.544359],[-71.04344,8.542453],[-71.044195,8.540604],[-71.044353,8.538909],[-71.043602,8.534665],[-71.04498,8.533273],[-71.046355,8.532821],[-71.048277,8.53302],[-71.050749,8.533199],[-71.052121,8.533552],[-71.054989,8.534256],[-71.057478,8.533627],[-71.059415,8.533103],[-71.060433,8.532619],[-71.062153,8.531982],[-71.064357,8.530561],[-71.06573,8.530511],[-71.067791,8.530437],[-71.069989,8.530358],[-71.071498,8.530706],[-71.072988,8.532265],[-71.074561,8.533152],[-71.076301,8.532276],[-71.080006,8.53335],[-71.081106,8.532908],[-71.083444,8.532153],[-71.085504,8.532078],[-71.087702,8.531999],[-71.09018,8.530702],[-71.090894,8.527548],[-71.091983,8.52527],[-71.093777,8.522388],[-71.097373,8.514744],[-71.098776,8.510186]]]},"properties":{"Parroquia":"Los Nevados","Parroquia_pcode":"VE141215","Municipio":"Libertador","Municipio_pcode":"VE1412","Ciudad":"Mérida","adm0_name":"Venezuela (República Bolivariana de)","adm0_pcode":"VE","area_sqkm":124.31257508,"Parroquia_ref_name":"Los Nevados","center_lat":8.49345,"center_lon":-71.04437234}},{"type":"Feature","geometry":{"type":"Polygon","coordinates":[[[-70.730187,9.056006],[-70.7302,9.056093],[-70.731821,9.056325],[-70.73365,9.056488],[-70.735942,9.055435],[-70.737933,9.055001],[-70.739206,9.054749],[-70.740317,9.055301],[-70.742053,9.056681],[-70.743558,9.057348],[-70.744993,9.057396],[-70.746429,9.05742],[-70.747887,9.057628],[-70.748998,9.057422],[-70.749924,9.05584],[-70.750596,9.054189],[-70.751546,9.052561],[-70.752865,9.052241],[-70.754416,9.052128],[-70.756153,9.051464],[-70.758376,9.050733],[-70.759464,9.049839],[-70.760552,9.049542],[-70.761663,9.04936],[-70.763353,9.048994],[-70.763955,9.049706],[-70.764279,9.050257],[-70.765321,9.051635],[-70.767311,9.05267],[-70.768885,9.053429],[-70.770945,9.053592],[-70.773793,9.053755],[-70.775043,9.054445],[-70.776223,9.056075],[-70.77877,9.058923],[-70.779592,9.0605],[-70.781154,9.063492],[-70.78189,9.065919],[-70.782001,9.066283],[-70.783028,9.069667],[-70.784579,9.07467],[-70.784301,9.076414],[-70.783143,9.077789],[-70.784046,9.078662],[-70.785991,9.077287],[-70.787728,9.073113],[-70.789093,9.072266],[-70.795873,9.076157],[-70.797001,9.074448],[-70.797327,9.073952],[-70.798155,9.072695],[-70.800075,9.070363],[-70.802175,9.067811],[-70.803002,9.066807],[-70.806013,9.065534],[-70.811333,9.064232],[-70.812916,9.061916],[-70.81556,9.058793],[-70.81723,9.056123],[-70.818522,9.054441],[-70.810132,9.037245],[-70.806039,9.02842],[-70.806607,9.025911],[-70.808714,9.023408],[-70.811803,9.020211],[-70.813632,9.017149],[-70.816871,9.010744],[-70.818564,9.006705],[-70.818993,9.003778],[-70.81837,8.999335],[-70.816424,8.995144],[-70.815874,8.992352],[-70.81504,8.990536],[-70.81224,8.990806],[-70.810841,8.990661],[-70.809726,8.989123],[-70.809037,8.985633],[-70.80834,8.984933],[-70.807926,8.983258],[-70.807929,8.982281],[-70.808916,8.980053],[-70.809199,8.979078],[-70.808921,8.97838],[-70.807945,8.97726],[-70.807952,8.975168],[-70.807969,8.969868],[-70.807416,8.967635],[-70.805187,8.964698],[-70.804771,8.963441],[-70.8052,8.960792],[-70.799713,8.96195],[-70.793267,8.961512],[-70.787482,8.95911],[-70.785069,8.957343],[-70.782678,8.95669],[-70.779993,8.955346],[-70.7779,8.955663],[-70.776921,8.955681],[-70.774814,8.955302],[-70.771562,8.95355],[-70.769437,8.952196],[-70.767896,8.952085],[-70.766361,8.952392],[-70.765382,8.95241],[-70.764542,8.952425],[-70.763272,8.951891],[-70.762557,8.951068],[-70.761573,8.950807],[-70.760738,8.951102],[-70.760184,8.95139],[-70.759952,8.953904],[-70.759416,8.955168],[-70.758877,8.956293],[-70.758051,8.957005],[-70.757594,8.955062],[-70.757153,8.953955],[-70.755005,8.951347],[-70.753126,8.948175],[-70.751656,8.944439],[-70.75094,8.943616],[-70.750204,8.941678],[-70.747797,8.940189],[-70.747074,8.938948],[-70.744782,8.936203],[-70.742219,8.93388],[-70.741193,8.93139],[-70.740588,8.929032],[-70.738813,8.923906],[-70.737789,8.921555],[-70.73663,8.919486],[-70.735928,8.919359],[-70.735337,8.917698],[-70.734197,8.916603],[-70.734044,8.915909],[-70.734435,8.914369],[-70.735784,8.911696],[-70.736592,8.910009],[-70.736911,8.908837],[-70.735383,8.910441],[-70.733636,8.911358],[-70.731736,8.91122],[-70.730462,8.912867],[-70.729564,8.918163],[-70.728634,8.922793],[-70.728275,8.925303],[-70.727482,8.928208],[-70.727104,8.930901],[-70.726992,8.932878],[-70.725028,8.934763],[-70.723989,8.938268],[-70.721981,8.938729],[-70.718253,8.938796],[-70.71573,8.938849],[-70.714513,8.94123],[-70.714141,8.944452],[-70.714037,8.946889],[-70.713768,8.947513],[-70.712244,8.947852],[-70.709308,8.946485],[-70.704736,8.945781],[-70.701842,8.945792],[-70.700618,8.947622],[-70.698931,8.951204],[-70.698065,8.953834],[-70.696881,8.955273],[-70.693064,8.955617],[-70.690371,8.956752],[-70.689218,8.958764],[-70.687047,8.960813],[-70.684507,8.961349],[-70.683064,8.962446],[-70.683196,8.965271],[-70.683494,8.966738],[-70.68165,8.967357],[-70.67936,8.967522],[-70.677443,8.968533],[-70.677222,8.96865],[-70.675187,8.970513],[-70.675057,8.970699],[-70.673757,8.972552],[-70.673677,8.972768],[-70.673427,8.973441],[-70.673183,8.974278],[-70.673198,8.974262],[-70.673382,8.975822],[-70.675029,8.979411],[-70.676748,8.981413],[-70.679334,8.982531],[-70.682774,8.988488],[-70.684449,8.99107],[-70.685141,8.992137],[-70.687177,8.995307],[-70.689211,8.996708],[-70.692993,8.997169],[-70.696702,8.997424],[-70.704567,8.997496],[-70.711271,9.007634],[-70.710491,9.008181],[-70.708638,9.012103],[-70.705836,9.014256],[-70.706108,9.014809],[-70.707178,9.016988],[-70.709237,9.018941],[-70.711135,9.021513],[-70.712987,9.023122],[-70.714792,9.02496],[-70.71588,9.025099],[-70.717847,9.025813],[-70.719166,9.026824],[-70.720277,9.02912],[-70.7207,9.02977],[-70.721457,9.030934],[-70.722799,9.032656],[-70.723261,9.033575],[-70.723539,9.035021],[-70.723562,9.035938],[-70.723816,9.037316],[-70.724881,9.037569],[-70.726268,9.042619],[-70.726734,9.045075],[-70.727008,9.04652],[-70.72902,9.051502],[-70.730038,9.055084],[-70.730187,9.056006]]]},"properties":{"Parroquia":"Capital Miranda","Parroquia_pcode":"VE141301","Municipio":"Miranda","Municipio_pcode":"VE1413","Ciudad":"Mérida","adm0_name":"Venezuela (República Bolivariana de)","adm0_pcode":"VE","area_sqkm":150.56890897,"Parroquia_ref_name":"Capital Miranda","center_lat":8.993748,"center_lon":-70.75116238}},{"type":"Feature","geometry":{"type":"Polygon","coordinates":[[[-70.828369,8.935488],[-70.823884,8.935557],[-70.815827,8.931386],[-70.805042,8.930889],[-70.797348,8.931032],[-70.79427,8.931089],[-70.788449,8.934124],[-70.775901,8.931086],[-70.77395,8.929653],[-70.770793,8.925529],[-70.768781,8.922779],[-70.768731,8.920132],[-70.766704,8.916545],[-70.763035,8.91494],[-70.761014,8.911632],[-70.753865,8.90354],[-70.753815,8.900893],[-70.754337,8.898932],[-70.754433,8.896561],[-70.755652,8.894448],[-70.75609,8.89316],[-70.757052,8.892219],[-70.756409,8.89222],[-70.752212,8.890524],[-70.74999,8.89062],[-70.747096,8.892286],[-70.745216,8.895204],[-70.743919,8.896828],[-70.74123,8.898215],[-70.739835,8.901082],[-70.739611,8.90329],[-70.741291,8.905867],[-70.736911,8.908837],[-70.736592,8.910009],[-70.735784,8.911696],[-70.734435,8.914369],[-70.734044,8.915909],[-70.734197,8.916603],[-70.735337,8.917698],[-70.735928,8.919359],[-70.73663,8.919486],[-70.737789,8.921555],[-70.738813,8.923906],[-70.740588,8.929032],[-70.741193,8.93139],[-70.742219,8.93388],[-70.744782,8.936203],[-70.747074,8.938948],[-70.747797,8.940189],[-70.750204,8.941678],[-70.75094,8.943616],[-70.751656,8.944439],[-70.753126,8.948175],[-70.755005,8.951347],[-70.757153,8.953955],[-70.757594,8.955062],[-70.758051,8.957005],[-70.758877,8.956293],[-70.759416,8.955168],[-70.759952,8.953904],[-70.760184,8.95139],[-70.760738,8.951102],[-70.761573,8.950807],[-70.762557,8.951068],[-70.763272,8.951891],[-70.764542,8.952425],[-70.765382,8.95241],[-70.766361,8.952392],[-70.767896,8.952085],[-70.769437,8.952196],[-70.771562,8.95355],[-70.774814,8.955302],[-70.776921,8.955681],[-70.7779,8.955663],[-70.779993,8.955346],[-70.782678,8.95669],[-70.785069,8.957343],[-70.787482,8.95911],[-70.793267,8.961512],[-70.799713,8.96195],[-70.8052,8.960792],[-70.805766,8.958842],[-70.807872,8.956618],[-70.81166,8.953562],[-70.816291,8.949534],[-70.82036,8.946061],[-70.823445,8.943979],[-70.825551,8.941755],[-70.827661,8.938136],[-70.828369,8.935488]]]},"properties":{"Parroquia":"Andrés Eloy Blanco","Parroquia_pcode":"VE141302","Municipio":"Miranda","Municipio_pcode":"VE1413","Ciudad":"Mérida","adm0_name":"Venezuela (República Bolivariana de)","adm0_pcode":"VE","area_sqkm":32.48974928,"Parroquia_ref_name":"Andres Eloy Blanco","center_lat":8.9272805,"center_lon":-70.75605765}},{"type":"Feature","geometry":{"type":"Polygon","coordinates":[[[-70.875068,8.893632],[-70.873432,8.892595],[-70.870946,8.890397],[-70.869967,8.888518],[-70.868159,8.885304],[-70.866486,8.883206],[-70.865092,8.881667],[-70.864114,8.881384],[-70.863275,8.881242],[-70.860896,8.881513],[-70.859357,8.881508],[-70.858379,8.881086],[-70.857823,8.879968],[-70.856987,8.878849],[-70.855869,8.878567],[-70.853491,8.878558],[-70.850697,8.877154],[-70.848604,8.875333],[-70.845956,8.872256],[-70.844989,8.868347],[-70.842203,8.864711],[-70.840529,8.863031],[-70.839131,8.863026],[-70.836194,8.862598],[-70.833539,8.861891],[-70.830186,8.860484],[-70.826554,8.858658],[-70.823903,8.856278],[-70.823352,8.853904],[-70.822939,8.85181],[-70.821966,8.849854],[-70.82085,8.849013],[-70.818893,8.848588],[-70.814975,8.848853],[-70.813571,8.850382],[-70.812144,8.851457],[-70.809146,8.852212],[-70.807193,8.852962],[-70.804451,8.853248],[-70.802265,8.85372],[-70.800244,8.854098],[-70.799181,8.85466],[-70.795426,8.856439],[-70.794292,8.856722],[-70.790601,8.856545],[-70.787264,8.857858],[-70.785191,8.85982],[-70.782587,8.863273],[-70.78102,8.864488],[-70.777974,8.864217],[-70.775045,8.865342],[-70.773216,8.86721],[-70.771285,8.86973],[-70.769546,8.871318],[-70.768363,8.873091],[-70.767873,8.875794],[-70.767729,8.877751],[-70.766843,8.880268],[-70.767045,8.881479],[-70.767383,8.883434],[-70.767289,8.886322],[-70.766604,8.887629],[-70.765001,8.889962],[-70.76425,8.890803],[-70.763038,8.890992],[-70.757052,8.892219],[-70.75609,8.89316],[-70.755652,8.894448],[-70.754433,8.896561],[-70.754337,8.898932],[-70.753815,8.900893],[-70.753865,8.90354],[-70.761014,8.911632],[-70.763035,8.91494],[-70.766704,8.916545],[-70.768731,8.920132],[-70.768781,8.922779],[-70.770793,8.925529],[-70.77395,8.929653],[-70.775901,8.931086],[-70.788449,8.934124],[-70.79427,8.931089],[-70.797348,8.931032],[-70.805042,8.930889],[-70.815827,8.931386],[-70.823884,8.935557],[-70.828369,8.935488],[-70.829775,8.933401],[-70.834404,8.929791],[-70.837352,8.926733],[-70.838058,8.924503],[-70.838341,8.923528],[-70.838347,8.921854],[-70.839053,8.919765],[-70.840317,8.918235],[-70.841997,8.917822],[-70.843116,8.918105],[-70.844933,8.918948],[-70.848428,8.919797],[-70.852205,8.91981],[-70.855842,8.920102],[-70.857933,8.92234],[-70.860171,8.922487],[-70.865065,8.923341],[-70.868136,8.926431],[-70.867737,8.923953],[-70.867929,8.919174],[-70.869535,8.916878],[-70.872745,8.912463],[-70.87507,8.907159],[-70.87491,8.901316],[-70.874925,8.896714],[-70.875068,8.893632]]]},"properties":{"Parroquia":"La Venta","Parroquia_pcode":"VE141303","Municipio":"Miranda","Municipio_pcode":"VE1413","Ciudad":"Mérida","adm0_name":"Venezuela (República Bolivariana de)","adm0_pcode":"VE","area_sqkm":84.67000066,"Parroquia_ref_name":"La Venta","center_lat":8.8916055,"center_lon":-70.81617892}},{"type":"Feature","geometry":{"type":"Polygon","coordinates":[[[-70.931911,9.075868],[-70.9308,9.073963],[-70.929688,9.071966],[-70.930081,9.070888],[-70.931122,9.068801],[-70.931932,9.066094],[-70.931468,9.063708],[-70.930148,9.061252],[-70.928712,9.059988],[-70.925309,9.058564],[-70.922854,9.058103],[-70.920192,9.057711],[-70.916442,9.057594],[-70.914035,9.056193],[-70.909775,9.051969],[-70.907435,9.046071],[-70.906718,9.0449],[-70.906393,9.042468],[-70.90674,9.040679],[-70.906994,9.03843],[-70.906369,9.036732],[-70.905905,9.035149],[-70.905442,9.034345],[-70.904979,9.03368],[-70.904053,9.031958],[-70.903474,9.028654],[-70.904375,9.024227],[-70.90493,9.021222],[-70.905138,9.020052],[-70.905624,9.01684],[-70.905392,9.014936],[-70.904303,9.013191],[-70.903053,9.010575],[-70.902404,9.007361],[-70.901825,9.005227],[-70.900806,9.002886],[-70.899232,9.001095],[-70.898213,8.999878],[-70.897353,8.996897],[-70.897767,8.995122],[-70.897792,8.993652],[-70.897448,8.9923],[-70.89621,8.989949],[-70.895015,8.987344],[-70.894183,8.984321],[-70.892756,8.98172],[-70.890533,8.978484],[-70.888416,8.974604],[-70.885751,8.972822],[-70.883016,8.971086],[-70.879616,8.968141],[-70.877699,8.965293],[-70.876786,8.962983],[-70.87587,8.960467],[-70.874929,8.957813],[-70.874444,8.954739],[-70.874859,8.95301],[-70.875469,8.948775],[-70.874895,8.944278],[-70.874411,8.941205],[-70.872942,8.938903],[-70.870857,8.937042],[-70.869844,8.931749],[-70.868136,8.926431],[-70.865065,8.923341],[-70.860171,8.922487],[-70.857933,8.92234],[-70.855842,8.920102],[-70.852205,8.91981],[-70.848428,8.919797],[-70.844933,8.918948],[-70.843116,8.918105],[-70.841997,8.917822],[-70.840317,8.918235],[-70.839053,8.919765],[-70.838347,8.921854],[-70.838341,8.923528],[-70.838058,8.924503],[-70.837352,8.926733],[-70.834404,8.929791],[-70.829775,8.933401],[-70.828369,8.935488],[-70.827661,8.938136],[-70.825551,8.941755],[-70.823445,8.943979],[-70.82036,8.946061],[-70.816291,8.949534],[-70.81166,8.953562],[-70.807872,8.956618],[-70.805766,8.958842],[-70.8052,8.960792],[-70.804771,8.963441],[-70.805187,8.964698],[-70.807416,8.967635],[-70.807969,8.969868],[-70.807952,8.975168],[-70.807945,8.97726],[-70.808921,8.97838],[-70.809199,8.979078],[-70.808916,8.980053],[-70.807929,8.982281],[-70.807926,8.983258],[-70.80834,8.984933],[-70.809037,8.985633],[-70.809726,8.989123],[-70.810841,8.990661],[-70.81224,8.990806],[-70.81504,8.990536],[-70.815874,8.992352],[-70.816424,8.995144],[-70.81837,8.999335],[-70.818993,9.003778],[-70.818564,9.006705],[-70.816871,9.010744],[-70.813632,9.017149],[-70.811803,9.020211],[-70.808714,9.023408],[-70.806607,9.025911],[-70.806039,9.02842],[-70.810132,9.037245],[-70.818522,9.054441],[-70.819262,9.054809],[-70.820837,9.056508],[-70.823128,9.058461],[-70.825721,9.059266],[-70.829194,9.060072],[-70.832643,9.059158],[-70.835236,9.058839],[-70.837042,9.057349],[-70.83894,9.056112],[-70.841949,9.056092],[-70.843917,9.055887],[-70.846486,9.055384],[-70.848361,9.056097],[-70.850561,9.058462],[-70.851696,9.061951],[-70.852159,9.066815],[-70.852021,9.069018],[-70.85216,9.071771],[-70.853734,9.07386],[-70.856998,9.076662],[-70.859244,9.077972],[-70.860957,9.080061],[-70.862277,9.083068],[-70.863505,9.086281],[-70.864709,9.090573],[-70.865265,9.093877],[-70.865751,9.095736],[-70.866562,9.097205],[-70.868367,9.096564],[-70.871054,9.09675],[-70.873554,9.096591],[-70.875475,9.094964],[-70.876679,9.092968],[-70.878322,9.091501],[-70.881054,9.090034],[-70.882397,9.089989],[-70.884897,9.090657],[-70.886471,9.091415],[-70.888786,9.090453],[-70.890383,9.089789],[-70.891541,9.088987],[-70.894434,9.087842],[-70.896032,9.087682],[-70.896866,9.087591],[-70.897074,9.087063],[-70.897583,9.086743],[-70.897838,9.085848],[-70.899458,9.085689],[-70.901241,9.086332],[-70.902861,9.085163],[-70.903995,9.083833],[-70.906009,9.083101],[-70.908532,9.082253],[-70.9133,9.079894],[-70.916703,9.079185],[-70.91999,9.078154],[-70.923162,9.078248],[-70.926611,9.077792],[-70.929204,9.077472],[-70.930569,9.077381],[-70.931819,9.077038],[-70.931911,9.075868]]]},"properties":{"Parroquia":"Piñango","Parroquia_pcode":"VE141304","Municipio":"Miranda","Municipio_pcode":"VE1413","Ciudad":"Mérida","adm0_name":"Venezuela (República Bolivariana de)","adm0_pcode":"VE","area_sqkm":152.31621411,"Parroquia_ref_name":"Pinango","center_lat":9.008968,"center_lon":-70.86017197}},{"type":"Feature","geometry":{"type":"Polygon","coordinates":[[[-71.320756,8.771085],[-71.350022,8.801633],[-71.350605,8.801962],[-71.351389,8.802889],[-71.351899,8.804039],[-71.352568,8.804472],[-71.353561,8.804242],[-71.354939,8.803679],[-71.355882,8.803944],[-71.357502,8.805413],[-71.358063,8.806178],[-71.358845,8.80694],[-71.359735,8.807426],[-71.36008,8.808687],[-71.360144,8.809512],[-71.361144,8.809887],[-71.362472,8.809874],[-71.36281,8.81053],[-71.36321,8.811791],[-71.36394,8.812829],[-71.365059,8.814028],[-71.366066,8.815063],[-71.366079,8.816382],[-71.367251,8.817306],[-71.369148,8.818827],[-71.369822,8.819865],[-71.371223,8.821611],[-71.371342,8.822435],[-71.371074,8.823207],[-71.370694,8.823926],[-71.370703,8.824806],[-71.371262,8.82535],[-71.372204,8.825561],[-71.372986,8.826268],[-71.373877,8.826754],[-71.375482,8.826793],[-71.376208,8.827446],[-71.376329,8.828489],[-71.376893,8.829529],[-71.378113,8.829737],[-71.379003,8.830223],[-71.378743,8.83182],[-71.378638,8.832426],[-71.379198,8.83308],[-71.379758,8.83368],[-71.380213,8.83494],[-71.380777,8.835925],[-71.381166,8.836086],[-71.381675,8.83718],[-71.381903,8.837838],[-71.382405,8.838218],[-71.382695,8.839535],[-71.382924,8.840248],[-71.383376,8.841123],[-71.384048,8.841941],[-71.384887,8.842758],[-71.385336,8.843413],[-71.385573,8.844951],[-71.385809,8.846379],[-71.385542,8.847261],[-71.384667,8.848315],[-71.383901,8.849203],[-71.383412,8.850088],[-71.383538,8.851516],[-71.384221,8.853379],[-71.384843,8.854638],[-71.38607,8.855561],[-71.386411,8.856437],[-71.386255,8.857484],[-71.386601,8.8588],[-71.387325,8.859233],[-71.388229,8.861039],[-71.389013,8.861966],[-71.389517,8.862566],[-71.389969,8.863386],[-71.390753,8.864313],[-71.39159,8.864965],[-71.392534,8.865285],[-71.393151,8.866104],[-71.394264,8.866697],[-71.394712,8.867243],[-71.394782,8.868617],[-71.395572,8.870094],[-71.395304,8.870977],[-71.395697,8.871523],[-71.396201,8.872123],[-71.396379,8.873276],[-71.397269,8.873707],[-71.397942,8.87458],[-71.39911,8.875118],[-71.399831,8.875248],[-71.401772,8.875614],[-71.403886,8.876747],[-71.405448,8.877941],[-71.406676,8.878919],[-71.407068,8.879355],[-71.407523,8.88056],[-71.408919,8.881756],[-71.409491,8.883565],[-71.409728,8.885102],[-71.41019,8.886968],[-71.410652,8.888833],[-71.411553,8.890254],[-71.412569,8.892223],[-71.413691,8.893642],[-71.414485,8.895503],[-71.414608,8.896712],[-71.414671,8.896893],[-71.415065,8.898027],[-71.415852,8.899229],[-71.416069,8.900448],[-71.416087,8.900547],[-71.416214,8.902085],[-71.416896,8.903838],[-71.417681,8.90482],[-71.418294,8.905171],[-71.418361,8.905547],[-71.420362,8.903878],[-71.501727,8.843416],[-71.5054,8.840686],[-71.505088,8.840163],[-71.504935,8.839908],[-71.504606,8.839358],[-71.500712,8.838514],[-71.498077,8.83769],[-71.49765,8.837557],[-71.496019,8.836016],[-71.495858,8.835446],[-71.495685,8.834835],[-71.495487,8.832711],[-71.491959,8.831278],[-71.491153,8.829977],[-71.489164,8.828552],[-71.487771,8.827012],[-71.487917,8.82548],[-71.489163,8.822065],[-71.489696,8.818765],[-71.489749,8.815816],[-71.489554,8.813456],[-71.489944,8.811571],[-71.490479,8.808153],[-71.489868,8.802607],[-71.489898,8.800955],[-71.48886,8.799417],[-71.487608,8.796581],[-71.487891,8.793987],[-71.485832,8.789967],[-71.484717,8.78607],[-71.485619,8.782063],[-71.485712,8.776873],[-71.484754,8.770853],[-71.484827,8.766844],[-71.485901,8.761249],[-71.482169,8.765092],[-71.480083,8.766206],[-71.477868,8.768422],[-71.475774,8.770039],[-71.474014,8.771235],[-71.472289,8.772132],[-71.470867,8.773112],[-71.467921,8.774708],[-71.465492,8.7759],[-71.463197,8.777729],[-71.461026,8.779876],[-71.460052,8.782011],[-71.458262,8.78378],[-71.457628,8.784921],[-71.457072,8.786379],[-71.456517,8.788011],[-71.457181,8.789732],[-71.455698,8.792042],[-71.45395,8.794818],[-71.45207,8.797827],[-71.451044,8.799924],[-71.450579,8.798978],[-71.449515,8.798024],[-71.447481,8.794624],[-71.445332,8.791251],[-71.442582,8.78936],[-71.438355,8.785749],[-71.433245,8.783468],[-71.428278,8.782877],[-71.425063,8.782397],[-71.419728,8.781107],[-71.415583,8.779508],[-71.412988,8.776582],[-71.409911,8.773739],[-71.407162,8.77423],[-71.404107,8.776057],[-71.400097,8.777523],[-71.396133,8.777453],[-71.391129,8.777184],[-71.386073,8.776733],[-71.378403,8.776677],[-71.370255,8.776039],[-71.363978,8.775553],[-71.358066,8.773386],[-71.353068,8.772543],[-71.345667,8.773853],[-71.334776,8.774666],[-71.330699,8.773843],[-71.326169,8.773285],[-71.320756,8.771085]]]},"properties":{"Parroquia":"Capital Obispo Ramos de Lora","Parroquia_pcode":"VE141401","Municipio":"Obispo Ramos de Lora","Municipio_pcode":"VE1414","Ciudad":"Mérida","adm0_name":"Venezuela (República Bolivariana de)","adm0_pcode":"VE","area_sqkm":149.77285998,"Parroquia_ref_name":"Capital Obispo Ramos de Lora","center_lat":8.83338,"center_lon":-71.43751368}},{"type":"Feature","geometry":{"type":"Polygon","coordinates":[[[-71.43434,7.907803],[-71.435402,7.9076],[-71.436786,7.907674],[-71.439022,7.907935],[-71.442069,7.907488],[-71.44464,7.905157],[-71.446294,7.901445],[-71.44763,7.896837],[-71.448226,7.892433],[-71.447824,7.889516],[-71.448758,7.886903],[-71.451449,7.883425],[-71.454276,7.880705],[-71.458838,7.876522],[-71.462812,7.87011],[-71.465811,7.864613],[-71.467902,7.861316],[-71.47127,7.855797],[-71.474626,7.853308],[-71.480455,7.854616],[-71.482848,7.855749],[-71.486234,7.85684],[-71.488464,7.858547],[-71.489996,7.861674],[-71.490933,7.863537],[-71.492413,7.867811],[-71.492533,7.872057],[-71.492838,7.876212],[-71.495014,7.879571],[-71.498267,7.882763],[-71.50025,7.884709],[-71.502267,7.885456],[-71.504036,7.886111],[-71.506843,7.888316],[-71.508574,7.889393],[-71.509796,7.889739],[-71.509858,7.889659],[-71.511572,7.887389],[-71.511023,7.884634],[-71.510274,7.88229],[-71.510552,7.880036],[-71.511039,7.878087],[-71.510087,7.875848],[-71.510113,7.875773],[-71.51034,7.87511],[-71.510352,7.874874],[-71.510449,7.874795],[-71.510581,7.87441],[-71.511905,7.873678],[-71.513749,7.873554],[-71.515075,7.872925],[-71.517005,7.87147],[-71.518609,7.868689],[-71.518581,7.866541],[-71.518543,7.863678],[-71.518928,7.86173],[-71.517259,7.8596],[-71.516205,7.857465],[-71.51638,7.855213],[-71.517584,7.853153],[-71.516429,7.85112],[-71.517238,7.85019],[-71.519069,7.849043],[-71.519663,7.8474],[-71.518931,7.846386],[-71.517882,7.844557],[-71.515988,7.842619],[-71.513665,7.841603],[-71.514251,7.840726],[-71.514131,7.840745],[-71.513255,7.840878],[-71.512953,7.840344],[-71.514188,7.83702],[-71.514116,7.833859],[-71.514274,7.831865],[-71.515052,7.830283],[-71.516564,7.828264],[-71.51865,7.826863],[-71.519449,7.823494],[-71.521077,7.821956],[-71.522796,7.820211],[-71.523184,7.818446],[-71.523158,7.816293],[-71.522642,7.814551],[-71.522399,7.813729],[-71.522832,7.811642],[-71.523012,7.808572],[-71.520417,7.806172],[-71.519024,7.804751],[-71.517592,7.803291],[-71.5172,7.801069],[-71.516258,7.799971],[-71.514444,7.797569],[-71.515931,7.793809],[-71.519413,7.790046],[-71.522392,7.787062],[-71.523671,7.782592],[-71.524103,7.77888],[-71.524442,7.773496],[-71.524667,7.769716],[-71.526476,7.767077],[-71.528744,7.763911],[-71.529408,7.762054],[-71.531537,7.759072],[-71.532796,7.756618],[-71.533619,7.754417],[-71.533962,7.753225],[-71.532745,7.75151],[-71.528361,7.74886],[-71.52485,7.74708],[-71.520488,7.74324],[-71.518328,7.738822],[-71.515755,7.734864],[-71.513735,7.732279],[-71.512929,7.729325],[-71.513315,7.725934],[-71.514734,7.722632],[-71.514754,7.719792],[-71.512208,7.719475],[-71.509501,7.718633],[-71.508213,7.715634],[-71.507682,7.712014],[-71.506626,7.710779],[-71.504699,7.709821],[-71.502354,7.710567],[-71.500048,7.709673],[-71.499547,7.709478],[-71.498062,7.706282],[-71.497992,7.70137],[-71.497875,7.696757],[-71.496731,7.689638],[-71.495461,7.685112],[-71.493788,7.680415],[-71.493021,7.678259],[-71.492957,7.678079],[-71.492608,7.673694],[-71.492636,7.672933],[-71.49287,7.666558],[-71.492545,7.66225],[-71.491062,7.662029],[-71.487295,7.662689],[-71.484553,7.663312],[-71.484847,7.665141],[-71.485784,7.666841],[-71.48538,7.66841],[-71.484542,7.67008],[-71.482856,7.668901],[-71.481272,7.668155],[-71.479644,7.667456],[-71.478863,7.667587],[-71.477655,7.667177],[-71.477861,7.668137],[-71.477938,7.669535],[-71.477016,7.670564],[-71.476771,7.672015],[-71.47688,7.673802],[-71.476799,7.675341],[-71.476023,7.677767],[-71.474833,7.678734],[-71.474574,7.678945],[-71.472338,7.678948],[-71.471133,7.678439],[-71.469756,7.677856],[-71.46788,7.676405],[-71.466059,7.675366],[-71.463596,7.675534],[-71.461759,7.677937],[-71.460594,7.680532],[-71.459946,7.683528],[-71.459787,7.685734],[-71.459612,7.687184],[-71.456172,7.689024],[-71.454525,7.689565],[-71.45215,7.690602],[-71.449218,7.690367],[-71.446392,7.691828],[-71.443604,7.692897],[-71.442631,7.695809],[-71.442929,7.697823],[-71.443719,7.700215],[-71.445062,7.702618],[-71.446703,7.7049],[-71.447731,7.706576],[-71.449235,7.70893],[-71.450366,7.711062],[-71.451459,7.712576],[-71.453106,7.715133],[-71.454395,7.717125],[-71.45637,7.718872],[-71.458234,7.719818],[-71.459433,7.720802],[-71.459922,7.722099],[-71.461525,7.722638],[-71.463234,7.722785],[-71.464525,7.723836],[-71.465461,7.725513],[-71.465338,7.72726],[-71.46483,7.729313],[-71.46463,7.731726],[-71.464675,7.733767],[-71.464505,7.735469],[-71.464168,7.736899],[-71.463923,7.73835],[-71.463612,7.739916],[-71.463462,7.74148],[-71.463592,7.743175],[-71.464521,7.744532],[-71.465625,7.745449],[-71.466072,7.746884],[-71.465105,7.747984],[-71.465387,7.749285],[-71.466566,7.750499],[-71.4674,7.750687],[-71.468562,7.751098],[-71.468922,7.751756],[-71.468065,7.752578],[-71.466829,7.752972],[-71.465252,7.753603],[-71.463832,7.755056],[-71.463742,7.756205],[-71.46348,7.757932],[-71.463151,7.758673],[-71.462337,7.759402],[-71.460644,7.760999],[-71.459304,7.762978],[-71.459148,7.764266],[-71.460124,7.765622],[-71.461923,7.76673],[-71.463036,7.76806],[-71.463631,7.768919],[-71.463105,7.770146],[-71.462359,7.770805],[-71.461249,7.771678],[-71.460956,7.773015],[-71.460597,7.774537],[-71.460089,7.775511],[-71.458654,7.777355],[-71.457749,7.778132],[-71.456529,7.779259],[-71.455523,7.780658],[-71.454657,7.782168],[-71.453974,7.783605],[-71.452634,7.784506],[-71.451066,7.78454],[-71.449629,7.785236],[-71.447431,7.786982],[-71.44537,7.789665],[-71.442913,7.79114],[-71.440878,7.792951],[-71.43943,7.794199],[-71.437613,7.793343],[-71.435742,7.792167],[-71.433745,7.792532],[-71.432102,7.794357],[-71.430731,7.79597],[-71.429801,7.795623],[-71.428531,7.795535],[-71.427505,7.797072],[-71.425939,7.798184],[-71.422555,7.799519],[-71.420891,7.80038],[-71.41877,7.802491],[-71.416957,7.803907],[-71.415571,7.804854],[-71.412974,7.806264],[-71.410451,7.807879],[-71.407326,7.809414],[-71.404864,7.811739],[-71.402395,7.813765],[-71.401066,7.81517],[-71.400256,7.817138],[-71.398697,7.817516],[-71.396821,7.818221],[-71.394901,7.81902],[-71.392964,7.820048],[-71.39035,7.821756],[-71.387946,7.823552],[-71.385675,7.825138],[-71.384187,7.826684],[-71.384014,7.828248],[-71.384419,7.82987],[-71.383784,7.832476],[-71.382775,7.834815],[-71.382383,7.836912],[-71.381629,7.838259],[-71.380136,7.838543],[-71.378229,7.839892],[-71.377007,7.840951],[-71.37639,7.842249],[-71.37602,7.844322],[-71.374732,7.8459],[-71.375559,7.84646],[-71.374943,7.847207],[-71.374911,7.847232],[-71.375449,7.848241],[-71.374978,7.850327],[-71.373824,7.853099],[-71.373671,7.853467],[-71.372761,7.855736],[-71.373607,7.85734],[-71.373744,7.857599],[-71.376986,7.859885],[-71.379193,7.861317],[-71.382457,7.863854],[-71.3839,7.86588],[-71.385668,7.867654],[-71.387576,7.86897],[-71.389235,7.869504],[-71.391521,7.869031],[-71.394162,7.866609],[-71.397291,7.863178],[-71.399725,7.860618],[-71.401575,7.859637],[-71.403649,7.85992],[-71.405756,7.86312],[-71.409165,7.869262],[-71.411285,7.87464],[-71.411153,7.878289],[-71.411318,7.88272],[-71.411394,7.886369],[-71.411858,7.890709],[-71.411846,7.893302],[-71.411789,7.895781],[-71.413584,7.896614],[-71.414826,7.897422],[-71.41798,7.898835],[-71.421754,7.900754],[-71.426126,7.903181],[-71.43089,7.905517],[-71.43434,7.907803]]]},"properties":{"Parroquia":"Padre Noguera","Parroquia_pcode":"VE141501","Municipio":"Padre Noguera","Municipio_pcode":"VE1415","Ciudad":"Mérida","adm0_name":"Venezuela (República Bolivariana de)","adm0_pcode":"VE","area_sqkm":215.38066754,"Parroquia_ref_name":"Padre Noguera","center_lat":7.78488827,"center_lon":-71.48668117}},{"type":"Feature","geometry":{"type":"Polygon","coordinates":[[[-70.576848,9.011017],[-70.576988,9.011032],[-70.578542,9.012708],[-70.578878,9.013891],[-70.579591,9.016073],[-70.579892,9.017626],[-70.58052,9.019306],[-70.580707,9.02093],[-70.580517,9.022335],[-70.580677,9.023822],[-70.581795,9.027163],[-70.581952,9.027338],[-70.582013,9.027418],[-70.583034,9.027209],[-70.583872,9.027045],[-70.585568,9.027002],[-70.588764,9.025654],[-70.59159,9.02419],[-70.59342,9.022426],[-70.595713,9.020684],[-70.598145,9.018944],[-70.600044,9.01718],[-70.601619,9.016104],[-70.604975,9.016041],[-70.608309,9.015289],[-70.61074,9.014076],[-70.611296,9.013572],[-70.613403,9.013598],[-70.616413,9.013534],[-70.618659,9.012872],[-70.619702,9.011084],[-70.620722,9.007873],[-70.622274,9.0062],[-70.625237,9.00586],[-70.628085,9.004488],[-70.629244,9.002241],[-70.630402,9.000476],[-70.632186,8.998367],[-70.635079,8.998417],[-70.63744,8.997985],[-70.640079,8.998539],[-70.640082,8.998538],[-70.640843,8.998196],[-70.641484,8.996926],[-70.641231,8.99532],[-70.640876,8.993095],[-70.642956,8.991117],[-70.64623,8.990068],[-70.649923,8.989196],[-70.651922,8.986323],[-70.655375,8.984881],[-70.657916,8.984438],[-70.659584,8.982809],[-70.663391,8.981777],[-70.664493,8.98112],[-70.665084,8.978677],[-70.667009,8.977207],[-70.669461,8.976925],[-70.671898,8.975656],[-70.673183,8.974278],[-70.673427,8.973441],[-70.673677,8.972768],[-70.673757,8.972552],[-70.675057,8.970699],[-70.675187,8.970513],[-70.677222,8.96865],[-70.677443,8.968533],[-70.67936,8.967522],[-70.68165,8.967357],[-70.683494,8.966738],[-70.683196,8.965271],[-70.683064,8.962446],[-70.684507,8.961349],[-70.687047,8.960813],[-70.689218,8.958764],[-70.690371,8.956752],[-70.693064,8.955617],[-70.696881,8.955273],[-70.698065,8.953834],[-70.698931,8.951204],[-70.700618,8.947622],[-70.701842,8.945792],[-70.704736,8.945781],[-70.709308,8.946485],[-70.712244,8.947852],[-70.713768,8.947513],[-70.714037,8.946889],[-70.714141,8.944452],[-70.714513,8.94123],[-70.71573,8.938849],[-70.718253,8.938796],[-70.721981,8.938729],[-70.723989,8.938268],[-70.725028,8.934763],[-70.726992,8.932878],[-70.727104,8.930901],[-70.727482,8.928208],[-70.728275,8.925303],[-70.728634,8.922793],[-70.729564,8.918163],[-70.730462,8.912867],[-70.731736,8.91122],[-70.730212,8.911491],[-70.728766,8.910796],[-70.725918,8.910738],[-70.72277,8.912498],[-70.720026,8.913289],[-70.716984,8.912659],[-70.712055,8.914441],[-70.708686,8.915262],[-70.706283,8.915635],[-70.703829,8.913941],[-70.70172,8.913828],[-70.700864,8.91216],[-70.700269,8.909341],[-70.698732,8.90713],[-70.695593,8.906156],[-70.691777,8.904776],[-70.688135,8.90259],[-70.686394,8.900565],[-70.684235,8.898704],[-70.682655,8.897443],[-70.680442,8.89697],[-70.678221,8.897115],[-70.676336,8.898504],[-70.674973,8.898538],[-70.674073,8.89941],[-70.67212,8.899471],[-70.671326,8.899106],[-70.666849,8.895504],[-70.664469,8.89432],[-70.663759,8.89431],[-70.661435,8.895427],[-70.657509,8.896876],[-70.653775,8.897265],[-70.651628,8.898384],[-70.650456,8.899606],[-70.648299,8.901522],[-70.646594,8.902824],[-70.646303,8.904591],[-70.64574,8.906706],[-70.64483,8.908285],[-70.641765,8.911603],[-70.639691,8.913874],[-70.638516,8.915361],[-70.637951,8.917653],[-70.638227,8.92323],[-70.638279,8.925796],[-70.638252,8.927742],[-70.640005,8.929359],[-70.640342,8.930602],[-70.640493,8.932462],[-70.640468,8.934231],[-70.640007,8.935463],[-70.638832,8.93695],[-70.63597,8.938413],[-70.634256,8.940335],[-70.633238,8.94324],[-70.633197,8.94616],[-70.63264,8.947921],[-70.630852,8.94878],[-70.628709,8.949634],[-70.62718,8.951028],[-70.626277,8.952077],[-70.625636,8.953483],[-70.62437,8.955057],[-70.621151,8.956604],[-70.620791,8.956952],[-70.619633,8.957201],[-70.618203,8.957889],[-70.616231,8.959187],[-70.614718,8.959431],[-70.613463,8.960298],[-70.612828,8.961262],[-70.612711,8.963207],[-70.613575,8.9649],[-70.61365,8.965874],[-70.613694,8.969059],[-70.613664,8.971182],[-70.613366,8.973389],[-70.61137,8.976369],[-70.610892,8.97875],[-70.609349,8.981117],[-70.608892,8.982083],[-70.60842,8.984023],[-70.606973,8.985861],[-70.605974,8.987439],[-70.60506,8.989284],[-70.602372,8.991015],[-70.599664,8.994072],[-70.59865,8.996712],[-70.595771,8.999324],[-70.587499,9.007001],[-70.587041,9.007427],[-70.584859,9.00886],[-70.582559,9.01037],[-70.579054,9.010766],[-70.577394,9.010954],[-70.576848,9.011017]]]},"properties":{"Parroquia":"Pueblo Llano","Parroquia_pcode":"VE141601","Municipio":"Pueblo Llano","Municipio_pcode":"VE1416","Ciudad":"Mérida","adm0_name":"Venezuela (República Bolivariana de)","adm0_pcode":"VE","area_sqkm":91.37033945,"Parroquia_ref_name":"Pueblo Llano","center_lat":8.9610375,"center_lon":-70.64947951}},{"type":"Feature","geometry":{"type":"Polygon","coordinates":[[[-70.918236,8.843881],[-70.920405,8.843441],[-70.922479,8.842841],[-70.923856,8.843628],[-70.926646,8.846029],[-70.92902,8.846918],[-70.931174,8.847007],[-70.932844,8.845676],[-70.93514,8.844407],[-70.938846,8.837621],[-70.940992,8.832316],[-70.944728,8.829673],[-70.949705,8.827742],[-70.954864,8.824395],[-70.958952,8.822638],[-70.9622,8.819277],[-70.961505,8.819217],[-70.961165,8.818118],[-70.961368,8.81614],[-70.962526,8.814655],[-70.963707,8.813078],[-70.965373,8.811518],[-70.968398,8.809481],[-70.972272,8.80849],[-70.973178,8.808224],[-70.97423,8.807914],[-70.974835,8.806083],[-70.974783,8.804249],[-70.974211,8.801143],[-70.975167,8.798361],[-70.975299,8.796663],[-70.975007,8.795484],[-70.973241,8.793565],[-70.971179,8.791939],[-70.970146,8.791936],[-70.96941,8.791345],[-70.968524,8.791195],[-70.967049,8.790896],[-70.965133,8.790006],[-70.96425,8.788973],[-70.963075,8.787055],[-70.96249,8.78514],[-70.962497,8.782637],[-70.963092,8.78102],[-70.963391,8.779843],[-70.963837,8.778667],[-70.965023,8.777199],[-70.966205,8.776614],[-70.966946,8.775733],[-70.967541,8.774116],[-70.967396,8.773085],[-70.966958,8.771464],[-70.966077,8.769989],[-70.964752,8.76866],[-70.964163,8.768364],[-70.963428,8.767331],[-70.962991,8.765269],[-70.962847,8.764091],[-70.962999,8.762472],[-70.963301,8.760118],[-70.963751,8.757911],[-70.963756,8.756144],[-70.96288,8.752903],[-70.961998,8.751428],[-70.961117,8.749805],[-70.95965,8.746856],[-70.957593,8.743611],[-70.956417,8.742135],[-70.955977,8.740956],[-70.953034,8.738149],[-70.952298,8.737558],[-70.951562,8.73682],[-70.950973,8.736229],[-70.950977,8.735051],[-70.95187,8.732404],[-70.95202,8.731669],[-70.951875,8.730932],[-70.949801,8.733281],[-70.94906,8.734309],[-70.94773,8.734893],[-70.946108,8.734594],[-70.944929,8.734001],[-70.941397,8.730604],[-70.939631,8.728537],[-70.938898,8.726768],[-70.937286,8.722935],[-70.935968,8.719839],[-70.936859,8.717929],[-70.936426,8.714836],[-70.936429,8.713805],[-70.936728,8.712481],[-70.937468,8.711601],[-70.937768,8.71013],[-70.93777,8.709394],[-70.938366,8.707776],[-70.940294,8.704544],[-70.941038,8.702633],[-70.941928,8.700869],[-70.941785,8.699396],[-70.941203,8.696597],[-70.940618,8.694976],[-70.938413,8.692318],[-70.937237,8.690695],[-70.9365,8.690398],[-70.936207,8.689809],[-70.935915,8.68863],[-70.936067,8.687158],[-70.93725,8.686426],[-70.939558,8.683098],[-70.940517,8.678734],[-70.941325,8.675472],[-70.94097,8.670067],[-70.940635,8.665412],[-70.941303,8.660512],[-70.944001,8.657618],[-70.944454,8.655183],[-70.945828,8.653115],[-70.948206,8.651676],[-70.949904,8.649899],[-70.94877,8.645666],[-70.950186,8.645814],[-70.950406,8.642503],[-70.949683,8.640527],[-70.947182,8.638833],[-70.944427,8.637414],[-70.943264,8.634934],[-70.941478,8.632916],[-70.938263,8.632234],[-70.934486,8.629117],[-70.933371,8.626843],[-70.932224,8.625789],[-70.931174,8.62451],[-70.929687,8.623455],[-70.928185,8.621534],[-70.927006,8.621267],[-70.924329,8.619296],[-70.921886,8.614072],[-70.914681,8.609227],[-70.9112,8.607415],[-70.906716,8.606999],[-70.898694,8.612289],[-70.891374,8.618063],[-70.885172,8.618452],[-70.873781,8.614618],[-70.868819,8.614375],[-70.866016,8.6152],[-70.861802,8.612289],[-70.860556,8.610154],[-70.859196,8.606029],[-70.857293,8.600254],[-70.856047,8.598119],[-70.856418,8.595401],[-70.85706,8.593509],[-70.857967,8.589675],[-70.857673,8.589052],[-70.85737,8.588412],[-70.855776,8.587752],[-70.850518,8.585574],[-70.848259,8.585283],[-70.845026,8.586448],[-70.840992,8.590671],[-70.835771,8.595135],[-70.835722,8.595159],[-70.832012,8.596971],[-70.830008,8.59795],[-70.824615,8.598047],[-70.819327,8.597368],[-70.813661,8.59664],[-70.808646,8.596785],[-70.80434,8.600182],[-70.798259,8.605326],[-70.792548,8.607752],[-70.786127,8.606928],[-70.780084,8.606151],[-70.776527,8.606879],[-70.770922,8.608529],[-70.762944,8.610664],[-70.756161,8.615324],[-70.750457,8.620516],[-70.745661,8.621875],[-70.738756,8.621778],[-70.732195,8.623534],[-70.730779,8.623913],[-70.724513,8.630951],[-70.72352,8.632066],[-70.717665,8.641189],[-70.71542,8.649197],[-70.715388,8.650682],[-70.715276,8.655894],[-70.715343,8.661038],[-70.714112,8.664434],[-70.711641,8.668462],[-70.707546,8.670306],[-70.707017,8.674188],[-70.710371,8.677779],[-70.713891,8.682972],[-70.717621,8.686611],[-70.722002,8.691124],[-70.726714,8.698841],[-70.731685,8.70185],[-70.740749,8.703014],[-70.74485,8.703936],[-70.748528,8.707964],[-70.749993,8.711313],[-70.75071,8.71733],[-70.754117,8.720533],[-70.755847,8.72194],[-70.756115,8.724548],[-70.756221,8.725584],[-70.756387,8.725166],[-70.756923,8.723814],[-70.757087,8.723402],[-70.75754,8.72217],[-70.757622,8.721948],[-70.759105,8.720414],[-70.761411,8.718203],[-70.762584,8.716052],[-70.764735,8.714326],[-70.764745,8.714329],[-70.767174,8.714987],[-70.767968,8.715085],[-70.770071,8.715343],[-70.77287,8.715263],[-70.77621,8.715798],[-70.779255,8.713464],[-70.782549,8.710805],[-70.784234,8.708831],[-70.787674,8.705021],[-70.790155,8.702073],[-70.792479,8.699541],[-70.794932,8.699557],[-70.797115,8.701783],[-70.798298,8.703676],[-70.797715,8.706624],[-70.797922,8.708162],[-70.801182,8.709547],[-70.801598,8.711197],[-70.802085,8.714524],[-70.803672,8.715493],[-70.808245,8.716564],[-70.810312,8.717068],[-70.810658,8.716895],[-70.812266,8.721508],[-70.814645,8.726319],[-70.815717,8.728359],[-70.81789,8.730084],[-70.820059,8.731515],[-70.821978,8.731479],[-70.828261,8.728053],[-70.831448,8.724831],[-70.838474,8.721684],[-70.841257,8.720529],[-70.84375,8.719674],[-70.845451,8.71979],[-70.846568,8.720284],[-70.847258,8.721668],[-70.847349,8.722549],[-70.84551,8.726777],[-70.844431,8.728268],[-70.842903,8.729474],[-70.841753,8.731113],[-70.839513,8.733656],[-70.839016,8.734695],[-70.839123,8.736458],[-70.840506,8.739301],[-70.843868,8.741372],[-70.847365,8.742852],[-70.848482,8.743346],[-70.849378,8.743918],[-70.850513,8.745368],[-70.853802,8.747513],[-70.856716,8.749372],[-70.857611,8.74987],[-70.857996,8.750672],[-70.858448,8.751178],[-70.859494,8.751821],[-70.860625,8.75305],[-70.862216,8.755227],[-70.863197,8.756312],[-70.864464,8.756951],[-70.865435,8.757521],[-70.866651,8.759337],[-70.867563,8.760718],[-70.868614,8.761655],[-70.869732,8.762222],[-70.87071,8.76316],[-70.871926,8.764976],[-70.873116,8.765469],[-70.873934,8.765748],[-70.874962,8.765508],[-70.877008,8.764367],[-70.878038,8.764201],[-70.878554,8.764191],[-70.878926,8.764331],[-70.879714,8.763066],[-70.880505,8.761948],[-70.881016,8.761644],[-70.881522,8.76112],[-70.883283,8.761087],[-70.883884,8.761076],[-70.884627,8.761356],[-70.886259,8.761767],[-70.886997,8.761753],[-70.888914,8.76157],[-70.890807,8.760211],[-70.892845,8.758702],[-70.894154,8.757647],[-70.895749,8.756147],[-70.898374,8.754479],[-70.900296,8.75459],[-70.900329,8.756355],[-70.900497,8.757382],[-70.900091,8.759302],[-70.900133,8.761508],[-70.902539,8.763816],[-70.905567,8.767731],[-70.906483,8.769333],[-70.907993,8.77107],[-70.912872,8.779069],[-70.915187,8.784321],[-70.918417,8.791029],[-70.918978,8.797197],[-70.921061,8.80569],[-70.921421,8.809066],[-70.92277,8.810071],[-70.92663,8.811175],[-70.930357,8.813017],[-70.931411,8.814027],[-70.93277,8.81562],[-70.933684,8.817074],[-70.933857,8.818394],[-70.933045,8.822234],[-70.932375,8.825778],[-70.931947,8.826521],[-70.933034,8.829296],[-70.933352,8.830467],[-70.933383,8.832084],[-70.930331,8.834642],[-70.925465,8.835029],[-70.922226,8.835531],[-70.921354,8.836283],[-70.919779,8.838814],[-70.918236,8.843881]]]},"properties":{"Parroquia":"Capital Rangel","Parroquia_pcode":"VE141701","Municipio":"Rangel","Municipio_pcode":"VE1417","Ciudad":"Mérida","adm0_name":"Venezuela (República Bolivariana de)","adm0_pcode":"VE","area_sqkm":382.53895439,"Parroquia_ref_name":"Capital Rangel","center_lat":8.716308,"center_lon":-70.871892}},{"type":"Feature","geometry":{"type":"Polygon","coordinates":[[[-70.94877,8.645666],[-70.951295,8.647477],[-70.95175,8.648839],[-70.953288,8.653102],[-70.954461,8.655005],[-70.955135,8.656045],[-70.956631,8.658635],[-70.958377,8.66057],[-70.960313,8.662515],[-70.963924,8.665054],[-70.966709,8.670389],[-70.969393,8.674715],[-70.972739,8.678075],[-70.978361,8.681728],[-70.981458,8.683571],[-70.985246,8.684114],[-70.989915,8.685543],[-70.99272,8.686366],[-70.996202,8.686057],[-70.998361,8.685508],[-71.000623,8.685968],[-71.003951,8.691666],[-71.005739,8.695275],[-71.006779,8.698674],[-71.00914,8.702314],[-71.009636,8.705349],[-71.009545,8.708519],[-71.009704,8.711035],[-71.010173,8.71223],[-71.012623,8.714873],[-71.016309,8.71658],[-71.018407,8.71887],[-71.023248,8.724819],[-71.029368,8.729336],[-71.031099,8.731437],[-71.034297,8.734287],[-71.037512,8.737449],[-71.039111,8.736152],[-71.039876,8.733598],[-71.039896,8.732679],[-71.038439,8.730838],[-71.03677,8.729669],[-71.034504,8.727691],[-71.034462,8.725443],[-71.034673,8.721557],[-71.035324,8.718555],[-71.035846,8.7159],[-71.036152,8.713734],[-71.035346,8.709695],[-71.035207,8.707243],[-71.03391,8.703745],[-71.033109,8.700692],[-71.033378,8.698022],[-71.033669,8.695329],[-71.033223,8.693436],[-71.032073,8.690233],[-71.031932,8.687712],[-71.031131,8.685462],[-71.03015,8.683356],[-71.030279,8.680644],[-71.030126,8.679317],[-71.02904,8.675124],[-71.029288,8.672546],[-71.028695,8.670313],[-71.027309,8.668516],[-71.025811,8.66686],[-71.023696,8.665336],[-71.02137,8.66453],[-71.018493,8.664519],[-71.014039,8.664897],[-71.010544,8.664215],[-71.006642,8.661907],[-71.001691,8.657263],[-70.998758,8.657201],[-70.996055,8.657622],[-70.993367,8.655423],[-70.992547,8.652344],[-70.990624,8.65074],[-70.986876,8.64944],[-70.984655,8.648917],[-70.980498,8.649572],[-70.978319,8.647716],[-70.97515,8.64715],[-70.972651,8.646145],[-70.970017,8.646313],[-70.9665,8.644989],[-70.963886,8.644329],[-70.961,8.645118],[-70.958022,8.646046],[-70.955457,8.646053],[-70.952152,8.646177],[-70.950186,8.645814],[-70.94877,8.645666]]]},"properties":{"Parroquia":"Cacute","Parroquia_pcode":"VE141702","Municipio":"Rangel","Municipio_pcode":"VE1417","Ciudad":"Mérida","adm0_name":"Venezuela (República Bolivariana de)","adm0_pcode":"VE","area_sqkm":36.17344711,"Parroquia_ref_name":"Cacute","center_lat":8.6909495,"center_lon":-71.01793138}},{"type":"Feature","geometry":{"type":"Polygon","coordinates":[[[-70.9137,8.848693],[-70.91553,8.847223],[-70.916844,8.845254],[-70.918236,8.843881],[-70.919779,8.838814],[-70.921354,8.836283],[-70.922226,8.835531],[-70.925465,8.835029],[-70.930331,8.834642],[-70.933383,8.832084],[-70.933352,8.830467],[-70.933034,8.829296],[-70.931947,8.826521],[-70.932375,8.825778],[-70.933045,8.822234],[-70.933857,8.818394],[-70.933684,8.817074],[-70.93277,8.81562],[-70.931411,8.814027],[-70.930357,8.813017],[-70.92663,8.811175],[-70.92277,8.810071],[-70.921421,8.809066],[-70.921061,8.80569],[-70.918978,8.797197],[-70.918417,8.791029],[-70.915187,8.784321],[-70.912872,8.779069],[-70.907993,8.77107],[-70.906483,8.769333],[-70.905567,8.767731],[-70.902539,8.763816],[-70.900133,8.761508],[-70.900091,8.759302],[-70.900497,8.757382],[-70.900329,8.756355],[-70.900296,8.75459],[-70.898374,8.754479],[-70.895749,8.756147],[-70.894154,8.757647],[-70.892845,8.758702],[-70.890807,8.760211],[-70.888914,8.76157],[-70.886997,8.761753],[-70.886259,8.761767],[-70.884627,8.761356],[-70.883884,8.761076],[-70.883283,8.761087],[-70.882816,8.76229],[-70.882425,8.765019],[-70.881952,8.767308],[-70.881919,8.769441],[-70.88232,8.771126],[-70.882722,8.77281],[-70.882966,8.773982],[-70.882471,8.775168],[-70.880147,8.777124],[-70.879008,8.779353],[-70.878815,8.780828],[-70.877821,8.782906],[-70.876537,8.785284],[-70.875748,8.786475],[-70.875182,8.787736],[-70.875058,8.788989],[-70.875004,8.79002],[-70.875252,8.791413],[-70.877296,8.794096],[-70.878816,8.796348],[-70.878639,8.798705],[-70.87876,8.80113],[-70.879006,8.802449],[-70.879477,8.803912],[-70.879569,8.804866],[-70.87951,8.805603],[-70.879261,8.808035],[-70.879536,8.810825],[-70.879845,8.811555],[-70.880148,8.81199],[-70.880083,8.812433],[-70.879666,8.813765],[-70.879756,8.814646],[-70.880579,8.815219],[-70.881248,8.815427],[-70.882002,8.816222],[-70.882624,8.817828],[-70.883324,8.819728],[-70.884297,8.821237],[-70.886829,8.822366],[-70.885544,8.824671],[-70.881906,8.827461],[-70.880716,8.830867],[-70.880126,8.834776],[-70.880337,8.841907],[-70.881288,8.849171],[-70.88304,8.852007],[-70.884479,8.853893],[-70.886933,8.854803],[-70.890549,8.854662],[-70.894053,8.85261],[-70.898069,8.850254],[-70.903423,8.848315],[-70.907853,8.848306],[-70.909415,8.848938],[-70.9137,8.848693]]]},"properties":{"Parroquia":"La Toma","Parroquia_pcode":"VE141703","Municipio":"Rangel","Municipio_pcode":"VE1417","Ciudad":"Mérida","adm0_name":"Venezuela (República Bolivariana de)","adm0_pcode":"VE","area_sqkm":43.57215758,"Parroquia_ref_name":"La Toma","center_lat":8.804389,"center_lon":-70.90013246}},{"type":"Feature","geometry":{"type":"Polygon","coordinates":[[[-70.975167,8.798361],[-70.977545,8.794553],[-70.979484,8.793098],[-70.98084,8.791407],[-70.982515,8.791154],[-70.985064,8.790118],[-70.987507,8.789406],[-70.989367,8.785199],[-70.989986,8.783506],[-70.991684,8.781691],[-70.994335,8.781777],[-70.996236,8.780622],[-70.998745,8.779013],[-71.002096,8.777036],[-71.002317,8.77755],[-71.003345,8.774796],[-71.004707,8.771621],[-71.007774,8.770093],[-71.014948,8.768017],[-71.015683,8.767126],[-71.01661,8.764879],[-71.01856,8.762946],[-71.02102,8.76116],[-71.022949,8.75932],[-71.023615,8.756782],[-71.024527,8.755658],[-71.026857,8.754127],[-71.029005,8.75109],[-71.030585,8.748298],[-71.032905,8.744821],[-71.03412,8.742153],[-71.036295,8.739253],[-71.037512,8.737449],[-71.034297,8.734287],[-71.031099,8.731437],[-71.029368,8.729336],[-71.023248,8.724819],[-71.018407,8.71887],[-71.016309,8.71658],[-71.012623,8.714873],[-71.010173,8.71223],[-71.009704,8.711035],[-71.009545,8.708519],[-71.009636,8.705349],[-71.00914,8.702314],[-71.006779,8.698674],[-71.005739,8.695275],[-71.003951,8.691666],[-71.000623,8.685968],[-70.998361,8.685508],[-70.996202,8.686057],[-70.99272,8.686366],[-70.989915,8.685543],[-70.985246,8.684114],[-70.981458,8.683571],[-70.978361,8.681728],[-70.972739,8.678075],[-70.969393,8.674715],[-70.966709,8.670389],[-70.963924,8.665054],[-70.960313,8.662515],[-70.958377,8.66057],[-70.956631,8.658635],[-70.955135,8.656045],[-70.954461,8.655005],[-70.953288,8.653102],[-70.95175,8.648839],[-70.951295,8.647477],[-70.94877,8.645666],[-70.949904,8.649899],[-70.948206,8.651676],[-70.945828,8.653115],[-70.944454,8.655183],[-70.944001,8.657618],[-70.941303,8.660512],[-70.940635,8.665412],[-70.94097,8.670067],[-70.941325,8.675472],[-70.940517,8.678734],[-70.939558,8.683098],[-70.93725,8.686426],[-70.936067,8.687158],[-70.935915,8.68863],[-70.936207,8.689809],[-70.9365,8.690398],[-70.937237,8.690695],[-70.938413,8.692318],[-70.940618,8.694976],[-70.941203,8.696597],[-70.941785,8.699396],[-70.941928,8.700869],[-70.941038,8.702633],[-70.940294,8.704544],[-70.938366,8.707776],[-70.93777,8.709394],[-70.937768,8.71013],[-70.937468,8.711601],[-70.936728,8.712481],[-70.936429,8.713805],[-70.936426,8.714836],[-70.936859,8.717929],[-70.935968,8.719839],[-70.937286,8.722935],[-70.938898,8.726768],[-70.939631,8.728537],[-70.941397,8.730604],[-70.944929,8.734001],[-70.946108,8.734594],[-70.94773,8.734893],[-70.94906,8.734309],[-70.949801,8.733281],[-70.951875,8.730932],[-70.95202,8.731669],[-70.95187,8.732404],[-70.950977,8.735051],[-70.950973,8.736229],[-70.951562,8.73682],[-70.952298,8.737558],[-70.953034,8.738149],[-70.955977,8.740956],[-70.956417,8.742135],[-70.957593,8.743611],[-70.95965,8.746856],[-70.961117,8.749805],[-70.961998,8.751428],[-70.96288,8.752903],[-70.963756,8.756144],[-70.963751,8.757911],[-70.963301,8.760118],[-70.962999,8.762472],[-70.962847,8.764091],[-70.962991,8.765269],[-70.963428,8.767331],[-70.964163,8.768364],[-70.964752,8.76866],[-70.966077,8.769989],[-70.966958,8.771464],[-70.967396,8.773085],[-70.967541,8.774116],[-70.966946,8.775733],[-70.966205,8.776614],[-70.965023,8.777199],[-70.963837,8.778667],[-70.963391,8.779843],[-70.963092,8.78102],[-70.962497,8.782637],[-70.96249,8.78514],[-70.963075,8.787055],[-70.96425,8.788973],[-70.965133,8.790006],[-70.967049,8.790896],[-70.968524,8.791195],[-70.96941,8.791345],[-70.970146,8.791936],[-70.971179,8.791939],[-70.973241,8.793565],[-70.975007,8.795484],[-70.975299,8.796663],[-70.975167,8.798361]]]},"properties":{"Parroquia":"Mucuruba","Parroquia_pcode":"VE141704","Municipio":"Rangel","Municipio_pcode":"VE1417","Ciudad":"Mérida","adm0_name":"Venezuela (República Bolivariana de)","adm0_pcode":"VE","area_sqkm":91.97435622,"Parroquia_ref_name":"Mucuruba","center_lat":8.721387,"center_lon":-70.9785411}},{"type":"Feature","geometry":{"type":"Polygon","coordinates":[[[-70.812144,8.851457],[-70.813571,8.850382],[-70.814975,8.848853],[-70.818893,8.848588],[-70.82085,8.849013],[-70.821966,8.849854],[-70.822939,8.85181],[-70.823352,8.853904],[-70.823903,8.856278],[-70.826554,8.858658],[-70.830186,8.860484],[-70.833539,8.861891],[-70.836194,8.862598],[-70.839131,8.863026],[-70.840529,8.863031],[-70.842203,8.864711],[-70.844989,8.868347],[-70.845956,8.872256],[-70.848604,8.875333],[-70.850697,8.877154],[-70.853491,8.878558],[-70.855869,8.878567],[-70.856987,8.878849],[-70.857823,8.879968],[-70.858379,8.881086],[-70.859357,8.881508],[-70.860896,8.881513],[-70.863275,8.881242],[-70.864114,8.881384],[-70.865092,8.881667],[-70.866486,8.883206],[-70.868159,8.885304],[-70.869967,8.888518],[-70.870946,8.890397],[-70.873432,8.892595],[-70.875068,8.893632],[-70.875867,8.892864],[-70.877301,8.8928],[-70.878865,8.892092],[-70.880278,8.890535],[-70.88194,8.88863],[-70.88449,8.887312],[-70.886041,8.88727],[-70.887645,8.887733],[-70.890418,8.889032],[-70.892955,8.889988],[-70.89451,8.888659],[-70.89631,8.886707],[-70.898389,8.884728],[-70.899276,8.883615],[-70.899512,8.882325],[-70.901499,8.880508],[-70.902267,8.879166],[-70.902085,8.877767],[-70.902246,8.87611],[-70.904397,8.874383],[-70.906517,8.872173],[-70.909034,8.870143],[-70.913967,8.867118],[-70.916606,8.865569],[-70.917569,8.86496],[-70.917446,8.864456],[-70.91641,8.863228],[-70.91496,8.862212],[-70.913483,8.860897],[-70.911386,8.859935],[-70.910637,8.857784],[-70.910489,8.855557],[-70.910708,8.85305],[-70.910883,8.850796],[-70.911359,8.850078],[-70.9137,8.848693],[-70.909415,8.848938],[-70.907853,8.848306],[-70.903423,8.848315],[-70.898069,8.850254],[-70.894053,8.85261],[-70.890549,8.854662],[-70.886933,8.854803],[-70.884479,8.853893],[-70.88304,8.852007],[-70.881288,8.849171],[-70.880337,8.841907],[-70.880126,8.834776],[-70.880716,8.830867],[-70.881906,8.827461],[-70.885544,8.824671],[-70.886829,8.822366],[-70.884297,8.821237],[-70.883324,8.819728],[-70.882624,8.817828],[-70.882002,8.816222],[-70.881248,8.815427],[-70.880579,8.815219],[-70.879756,8.814646],[-70.879666,8.813765],[-70.880083,8.812433],[-70.880148,8.81199],[-70.879845,8.811555],[-70.879536,8.810825],[-70.879261,8.808035],[-70.87951,8.805603],[-70.879569,8.804866],[-70.879477,8.803912],[-70.879006,8.802449],[-70.87876,8.80113],[-70.878639,8.798705],[-70.878816,8.796348],[-70.877296,8.794096],[-70.875252,8.791413],[-70.875004,8.79002],[-70.875058,8.788989],[-70.875182,8.787736],[-70.875748,8.786475],[-70.876537,8.785284],[-70.877821,8.782906],[-70.878815,8.780828],[-70.879008,8.779353],[-70.880147,8.777124],[-70.882471,8.775168],[-70.882966,8.773982],[-70.882722,8.77281],[-70.88232,8.771126],[-70.881919,8.769441],[-70.881952,8.767308],[-70.882425,8.765019],[-70.882816,8.76229],[-70.883283,8.761087],[-70.881522,8.76112],[-70.881016,8.761644],[-70.880505,8.761948],[-70.879714,8.763066],[-70.878926,8.764331],[-70.878554,8.764191],[-70.878038,8.764201],[-70.877008,8.764367],[-70.874962,8.765508],[-70.873934,8.765748],[-70.873116,8.765469],[-70.871926,8.764976],[-70.87071,8.76316],[-70.869732,8.762222],[-70.868614,8.761655],[-70.867563,8.760718],[-70.866651,8.759337],[-70.865435,8.757521],[-70.864464,8.756951],[-70.863197,8.756312],[-70.862216,8.755227],[-70.860625,8.75305],[-70.859494,8.751821],[-70.858448,8.751178],[-70.857996,8.750672],[-70.857611,8.74987],[-70.856716,8.749372],[-70.853802,8.747513],[-70.850513,8.745368],[-70.849378,8.743918],[-70.848482,8.743346],[-70.847365,8.742852],[-70.843868,8.741372],[-70.840506,8.739301],[-70.839123,8.736458],[-70.839016,8.734695],[-70.839513,8.733656],[-70.841753,8.731113],[-70.842903,8.729474],[-70.844431,8.728268],[-70.84551,8.726777],[-70.847349,8.722549],[-70.847258,8.721668],[-70.846568,8.720284],[-70.845451,8.71979],[-70.84375,8.719674],[-70.841257,8.720529],[-70.838474,8.721684],[-70.831448,8.724831],[-70.828261,8.728053],[-70.821978,8.731479],[-70.820059,8.731515],[-70.81789,8.730084],[-70.815717,8.728359],[-70.814645,8.726319],[-70.812266,8.721508],[-70.810658,8.716895],[-70.810312,8.717068],[-70.808245,8.716564],[-70.803672,8.715493],[-70.802085,8.714524],[-70.801598,8.711197],[-70.801182,8.709547],[-70.797922,8.708162],[-70.797715,8.706624],[-70.798298,8.703676],[-70.797115,8.701783],[-70.794932,8.699557],[-70.792479,8.699541],[-70.790155,8.702073],[-70.787674,8.705021],[-70.784234,8.708831],[-70.782549,8.710805],[-70.779255,8.713464],[-70.77621,8.715798],[-70.77287,8.715263],[-70.770071,8.715343],[-70.767968,8.715085],[-70.767174,8.714987],[-70.764745,8.714329],[-70.764735,8.714326],[-70.762584,8.716052],[-70.761411,8.718203],[-70.759105,8.720414],[-70.757622,8.721948],[-70.75754,8.72217],[-70.757087,8.723402],[-70.756923,8.723814],[-70.756387,8.725166],[-70.756221,8.725584],[-70.756237,8.725736],[-70.754036,8.727233],[-70.751873,8.72974],[-70.749,8.73283],[-70.746586,8.735639],[-70.744614,8.738627],[-70.743436,8.740434],[-70.74134,8.742756],[-70.734474,8.748216],[-70.734199,8.748706],[-70.73414,8.748669],[-70.734133,8.748681],[-70.734133,8.748681],[-70.733369,8.750041],[-70.734219,8.751272],[-70.736792,8.753241],[-70.737213,8.753301],[-70.738578,8.753496],[-70.74054,8.753151],[-70.742666,8.752965],[-70.742877,8.753066],[-70.74523,8.754198],[-70.746268,8.755634],[-70.747426,8.75732],[-70.748435,8.758319],[-70.749449,8.757986],[-70.749844,8.75975],[-70.749142,8.762516],[-70.74753,8.766396],[-70.746747,8.768359],[-70.746439,8.769465],[-70.745442,8.771017],[-70.745576,8.772302],[-70.747323,8.77474],[-70.749445,8.779242],[-70.749751,8.78126],[-70.749171,8.782807],[-70.749434,8.783424],[-70.753313,8.782781],[-70.757296,8.781286],[-70.760497,8.780145],[-70.763135,8.780113],[-70.766176,8.78072],[-70.76856,8.780761],[-70.770099,8.779938],[-70.773633,8.777782],[-70.775725,8.775114],[-70.777375,8.773992],[-70.780566,8.772161],[-70.782653,8.770826],[-70.78377,8.767987],[-70.784999,8.766478],[-70.786774,8.764366],[-70.792681,8.758957],[-70.801851,8.758264],[-70.801261,8.759409],[-70.801041,8.761679],[-70.801696,8.763933],[-70.802415,8.764965],[-70.80279,8.766266],[-70.802546,8.767229],[-70.801351,8.76882],[-70.800952,8.770832],[-70.800897,8.772576],[-70.801364,8.774136],[-70.802372,8.776558],[-70.803061,8.778693],[-70.804623,8.779548],[-70.805537,8.781995],[-70.806494,8.785775],[-70.807123,8.787721],[-70.80776,8.78861],[-70.808572,8.790346],[-70.808782,8.792136],[-70.807733,8.79486],[-70.807137,8.798544],[-70.807547,8.801342],[-70.80739,8.80332],[-70.805656,8.805088],[-70.804776,8.806662],[-70.803576,8.810215],[-70.802488,8.811814],[-70.80109,8.812773],[-70.798808,8.813443],[-70.797031,8.813832],[-70.79536,8.813508],[-70.794201,8.813361],[-70.793372,8.813624],[-70.794419,8.815633],[-70.795611,8.816492],[-70.796422,8.818183],[-70.797498,8.81902],[-70.79987,8.819819],[-70.802683,8.82229],[-70.805306,8.824487],[-70.808492,8.827091],[-70.810761,8.828764],[-70.812513,8.831547],[-70.812804,8.83414],[-70.812425,8.836741],[-70.812006,8.838193],[-70.810123,8.840882],[-70.809577,8.843232],[-70.809331,8.845464],[-70.809315,8.847601],[-70.809572,8.849345],[-70.812144,8.851457]]]},"properties":{"Parroquia":"San Rafael","Parroquia_pcode":"VE141705","Municipio":"Rangel","Municipio_pcode":"VE1417","Ciudad":"Mérida","adm0_name":"Venezuela (República Bolivariana de)","adm0_pcode":"VE","area_sqkm":172.65820306,"Parroquia_ref_name":"San Rafael","center_lat":8.797446,"center_lon":-70.84302409}},{"type":"Feature","geometry":{"type":"Polygon","coordinates":[[[-71.790221,8.227534],[-71.789216,8.233266],[-71.789248,8.240701],[-71.79158,8.255424],[-71.792361,8.258378],[-71.795391,8.260484],[-71.795629,8.262752],[-71.795979,8.265892],[-71.79602,8.267378],[-71.798194,8.273269],[-71.79924,8.276303],[-71.801792,8.280084],[-71.804713,8.281405],[-71.805093,8.282445],[-71.803013,8.283113],[-71.802069,8.28375],[-71.800192,8.285375],[-71.798334,8.287699],[-71.797092,8.290182],[-71.79653,8.291948],[-71.794214,8.293644],[-71.792728,8.294379],[-71.792326,8.29548],[-71.793079,8.297023],[-71.795678,8.297276],[-71.79692,8.297638],[-71.798205,8.298467],[-71.800426,8.299509],[-71.802072,8.301812],[-71.80279,8.302809],[-71.802154,8.304852],[-71.801292,8.305729],[-71.80119,8.308619],[-71.801775,8.311718],[-71.802011,8.312971],[-71.804253,8.317236],[-71.804596,8.317888],[-71.804724,8.319086],[-71.80495,8.321203],[-71.805366,8.32174],[-71.80553,8.321951],[-71.806476,8.323198],[-71.80648,8.323204],[-71.806533,8.323273],[-71.806565,8.323227],[-71.807763,8.321473],[-71.810443,8.321347],[-71.811972,8.320077],[-71.813373,8.318171],[-71.815156,8.316011],[-71.817579,8.314994],[-71.819236,8.313469],[-71.822423,8.311563],[-71.824721,8.312326],[-71.827689,8.313489],[-71.828575,8.312076],[-71.830523,8.310311],[-71.832648,8.308721],[-71.834153,8.306779],[-71.8361,8.30413],[-71.836806,8.301922],[-71.837955,8.29945],[-71.83946,8.297507],[-71.841143,8.29636],[-71.843004,8.29636],[-71.844334,8.296007],[-71.845484,8.294329],[-71.846455,8.291592],[-71.847427,8.289119],[-71.848312,8.287883],[-71.848841,8.285587],[-71.849458,8.283556],[-71.850431,8.281614],[-71.851582,8.280554],[-71.853354,8.279671],[-71.854594,8.278965],[-71.856099,8.277552],[-71.858049,8.276846],[-71.859112,8.276227],[-71.859819,8.274461],[-71.86017,8.271724],[-71.860697,8.26881],[-71.861492,8.266249],[-71.863351,8.264748],[-71.86379,8.264212],[-71.864148,8.263776],[-71.864678,8.26254],[-71.865828,8.261304],[-71.868043,8.260068],[-71.869016,8.258832],[-71.869634,8.257066],[-71.871582,8.2553],[-71.87415,8.253269],[-71.876541,8.251945],[-71.878046,8.250444],[-71.879462,8.248678],[-71.881763,8.246471],[-71.882736,8.245058],[-71.883973,8.242232],[-71.885566,8.240555],[-71.887516,8.239584],[-71.889287,8.238348],[-71.890969,8.236582],[-71.891675,8.23455],[-71.892379,8.231371],[-71.892465,8.229693],[-71.892995,8.227927],[-71.893701,8.226249],[-71.894585,8.224395],[-71.896532,8.222099],[-71.897682,8.220686],[-71.898654,8.218832],[-71.899802,8.215653],[-71.900332,8.21424],[-71.901571,8.213534],[-71.904495,8.212563],[-71.906178,8.211945],[-71.907534,8.210847],[-71.907858,8.210584],[-71.90792,8.210534],[-71.909801,8.204439],[-71.910595,8.20232],[-71.91201,8.200112],[-71.911563,8.197552],[-71.911382,8.194902],[-71.911379,8.192694],[-71.912351,8.190574],[-71.912073,8.189984],[-71.911728,8.18925],[-71.911696,8.189213],[-71.908,8.184922],[-71.905514,8.181831],[-71.903471,8.178564],[-71.902493,8.176179],[-71.902664,8.172294],[-71.902762,8.169926],[-71.903128,8.168425],[-71.903407,8.16576],[-71.903415,8.165684],[-71.903606,8.163828],[-71.902646,8.161873],[-71.90062,8.160176],[-71.899125,8.158659],[-71.898439,8.155645],[-71.898368,8.155666],[-71.897283,8.155989],[-71.896116,8.158015],[-71.893621,8.159764],[-71.892276,8.161787],[-71.891028,8.162839],[-71.88899,8.162733],[-71.88686,8.163158],[-71.884728,8.163848],[-71.882956,8.163745],[-71.881359,8.163908],[-71.880291,8.164519],[-71.878435,8.163884],[-71.87613,8.163953],[-71.875762,8.16572],[-71.875764,8.16576],[-71.87584,8.167136],[-71.875477,8.168283],[-71.875643,8.1697],[-71.875719,8.170699],[-71.875988,8.172995],[-71.876612,8.175909],[-71.877235,8.177764],[-71.876793,8.178558],[-71.876617,8.17953],[-71.876352,8.179706],[-71.875731,8.179353],[-71.873602,8.178028],[-71.871208,8.176968],[-71.869612,8.177321],[-71.866333,8.177938],[-71.864295,8.178114],[-71.862345,8.17776],[-71.860573,8.177936],[-71.858801,8.178996],[-71.857473,8.179702],[-71.856587,8.179702],[-71.85632,8.179348],[-71.855787,8.178465],[-71.854366,8.17608],[-71.851261,8.173872],[-71.850107,8.172105],[-71.849928,8.17078],[-71.850388,8.169046],[-71.84987,8.167273],[-71.848458,8.166464],[-71.846857,8.167247],[-71.845264,8.166703],[-71.844585,8.16576],[-71.843598,8.164388],[-71.841314,8.161803],[-71.837515,8.160267],[-71.835658,8.15972],[-71.833441,8.159879],[-71.830959,8.159946],[-71.828045,8.158423],[-71.827055,8.15886],[-71.824086,8.158406],[-71.823919,8.158726],[-71.823762,8.158928],[-71.822896,8.160038],[-71.820683,8.161726],[-71.819225,8.163385],[-71.819207,8.163608],[-71.819071,8.165254],[-71.819036,8.165675],[-71.818982,8.167484],[-71.818288,8.168974],[-71.817762,8.170102],[-71.815311,8.17376],[-71.81235,8.176781],[-71.810444,8.179679],[-71.80933,8.184059],[-71.808549,8.186881],[-71.8061,8.190813],[-71.805152,8.192995],[-71.804436,8.195289],[-71.8012,8.198427],[-71.798096,8.200877],[-71.799694,8.205557],[-71.798973,8.207371],[-71.79565,8.211104],[-71.793395,8.213456],[-71.791484,8.218712],[-71.791011,8.222812],[-71.790221,8.227534]]]},"properties":{"Parroquia":"Capital Rivas Dávila","Parroquia_pcode":"VE141801","Municipio":"Rivas Dávila","Municipio_pcode":"VE1418","Ciudad":"Mérida","adm0_name":"Venezuela (República Bolivariana de)","adm0_pcode":"VE","area_sqkm":145.83527475,"Parroquia_ref_name":"Capital Rivas Davila","center_lat":8.23896557,"center_lon":-71.83882079}},{"type":"Feature","geometry":{"type":"Polygon","coordinates":[[[-71.750639,8.240579],[-71.750333,8.242618],[-71.751019,8.245154],[-71.752824,8.246972],[-71.7546,8.247943],[-71.756641,8.250537],[-71.758474,8.252927],[-71.759966,8.255686],[-71.760673,8.258061],[-71.760877,8.260624],[-71.761576,8.264899],[-71.762337,8.26835],[-71.763127,8.272441],[-71.764255,8.275729],[-71.766297,8.278392],[-71.771873,8.28666],[-71.773919,8.289895],[-71.772863,8.292856],[-71.771252,8.295386],[-71.770815,8.298274],[-71.77029,8.301596],[-71.769437,8.304098],[-71.769592,8.306317],[-71.771213,8.30809],[-71.774743,8.312962],[-71.776824,8.314709],[-71.778696,8.316114],[-71.780621,8.318458],[-71.783341,8.319788],[-71.785439,8.320779],[-71.78876,8.322471],[-71.792049,8.323018],[-71.79557,8.323884],[-71.797677,8.323332],[-71.801055,8.322447],[-71.801599,8.322305],[-71.806476,8.323198],[-71.80553,8.321951],[-71.805366,8.32174],[-71.80495,8.321203],[-71.804724,8.319086],[-71.804596,8.317888],[-71.804253,8.317236],[-71.802011,8.312971],[-71.801775,8.311718],[-71.80119,8.308619],[-71.801292,8.305729],[-71.802154,8.304852],[-71.80279,8.302809],[-71.802072,8.301812],[-71.800426,8.299509],[-71.798205,8.298467],[-71.79692,8.297638],[-71.795678,8.297276],[-71.793079,8.297023],[-71.792326,8.29548],[-71.792728,8.294379],[-71.794214,8.293644],[-71.79653,8.291948],[-71.797092,8.290182],[-71.798334,8.287699],[-71.800192,8.285375],[-71.802069,8.28375],[-71.803013,8.283113],[-71.805093,8.282445],[-71.804713,8.281405],[-71.801792,8.280084],[-71.79924,8.276303],[-71.798194,8.273269],[-71.79602,8.267378],[-71.795979,8.265892],[-71.795629,8.262752],[-71.795391,8.260484],[-71.792361,8.258378],[-71.79158,8.255424],[-71.789248,8.240701],[-71.789216,8.233266],[-71.790221,8.227534],[-71.787804,8.229749],[-71.785748,8.228277],[-71.783111,8.225778],[-71.78006,8.226213],[-71.775975,8.226495],[-71.770512,8.226811],[-71.7665,8.227665],[-71.763011,8.227828],[-71.760631,8.229059],[-71.758711,8.230172],[-71.756677,8.231468],[-71.755705,8.233421],[-71.754713,8.235787],[-71.752596,8.238275],[-71.751456,8.239314],[-71.750639,8.240579]]]},"properties":{"Parroquia":"Gerónimo Maldonado","Parroquia_pcode":"VE141802","Municipio":"Rivas Dávila","Municipio_pcode":"VE1418","Ciudad":"Mérida","adm0_name":"Venezuela (República Bolivariana de)","adm0_pcode":"VE","area_sqkm":36.36603643,"Parroquia_ref_name":"Geronimo Maldonado","center_lat":8.274499,"center_lon":-71.78122554}},{"type":"Feature","geometry":{"type":"Polygon","coordinates":[[[-70.950186,8.645814],[-70.952152,8.646177],[-70.955457,8.646053],[-70.958022,8.646046],[-70.961,8.645118],[-70.963886,8.644329],[-70.9665,8.644989],[-70.970017,8.646313],[-70.972651,8.646145],[-70.97515,8.64715],[-70.978319,8.647716],[-70.980498,8.649572],[-70.984655,8.648917],[-70.986876,8.64944],[-70.990624,8.65074],[-70.992547,8.652344],[-70.993367,8.655423],[-70.996055,8.657622],[-70.998758,8.657201],[-71.001691,8.657263],[-71.006642,8.661907],[-71.010544,8.664215],[-71.014039,8.664897],[-71.018493,8.664519],[-71.02137,8.66453],[-71.023696,8.665336],[-71.025811,8.66686],[-71.027309,8.668516],[-71.028695,8.670313],[-71.029288,8.672546],[-71.02904,8.675124],[-71.030126,8.679317],[-71.030279,8.680644],[-71.03015,8.683356],[-71.031131,8.685462],[-71.031932,8.687712],[-71.032073,8.690233],[-71.033223,8.693436],[-71.033669,8.695329],[-71.033378,8.698022],[-71.033109,8.700692],[-71.03391,8.703745],[-71.035207,8.707243],[-71.035346,8.709695],[-71.036152,8.713734],[-71.035846,8.7159],[-71.035324,8.718555],[-71.034673,8.721557],[-71.034462,8.725443],[-71.034504,8.727691],[-71.03677,8.729669],[-71.038439,8.730838],[-71.039896,8.732679],[-71.039876,8.733598],[-71.039111,8.736152],[-71.040877,8.735072],[-71.043222,8.734137],[-71.04732,8.730015],[-71.049254,8.728359],[-71.051094,8.72581],[-71.05274,8.722947],[-71.054221,8.719906],[-71.055496,8.717763],[-71.057396,8.714916],[-71.060604,8.711895],[-71.063015,8.709195],[-71.064658,8.705393],[-71.065371,8.702097],[-71.066549,8.698973],[-71.068456,8.694705],[-71.070924,8.690743],[-71.073953,8.686307],[-71.076771,8.681716],[-71.077126,8.678774],[-71.078136,8.677051],[-71.080769,8.674871],[-71.08228,8.672951],[-71.083384,8.669645],[-71.08493,8.666487],[-71.085646,8.663306],[-71.088366,8.662101],[-71.090546,8.659749],[-71.09239,8.656736],[-71.093407,8.653921],[-71.094795,8.651283],[-71.095841,8.648858],[-71.098969,8.646535],[-71.104059,8.642803],[-71.106094,8.641553],[-71.106833,8.640096],[-71.107118,8.63782],[-71.108419,8.636835],[-71.110615,8.635537],[-71.111031,8.634108],[-71.110538,8.632236],[-71.109425,8.630603],[-71.106591,8.629663],[-71.104443,8.628277],[-71.103186,8.626325],[-71.102605,8.62333],[-71.102713,8.621447],[-71.103887,8.619776],[-71.105953,8.617632],[-71.108034,8.616313],[-71.108039,8.615758],[-71.108042,8.615395],[-71.107037,8.614724],[-71.105978,8.613526],[-71.104801,8.612215],[-71.103723,8.609847],[-71.104159,8.60828],[-71.104045,8.606998],[-71.102967,8.606052],[-71.101566,8.605181],[-71.100201,8.603689],[-71.099614,8.60168],[-71.099449,8.6001],[-71.097528,8.597058],[-71.097316,8.594033],[-71.096295,8.592307],[-71.093861,8.590397],[-71.089142,8.587149],[-71.082488,8.584277],[-71.065307,8.580362],[-71.041075,8.576149],[-71.034144,8.574611],[-71.025527,8.573192],[-71.021743,8.57206],[-71.018035,8.571295],[-71.012333,8.570081],[-71.006476,8.569304],[-71.002021,8.568115],[-70.999036,8.568502],[-70.995975,8.5652],[-70.988991,8.556161],[-70.984165,8.550541],[-70.981274,8.549399],[-70.978998,8.54598],[-70.977721,8.544029],[-70.974245,8.540681],[-70.970658,8.538806],[-70.968842,8.537778],[-70.961343,8.526935],[-70.953076,8.520216],[-70.948713,8.512145],[-70.94597,8.511033],[-70.94269,8.505956],[-70.941162,8.505337],[-70.939236,8.502783],[-70.938789,8.499628],[-70.938319,8.496772],[-70.935306,8.494128],[-70.93211,8.492775],[-70.931577,8.492223],[-70.92884,8.489233],[-70.926036,8.487349],[-70.924895,8.484057],[-70.92299,8.481088],[-70.921273,8.478557],[-70.920062,8.475219],[-70.918459,8.472526],[-70.916049,8.470296],[-70.912437,8.468827],[-70.909198,8.468994],[-70.907646,8.467983],[-70.907063,8.465796],[-70.905276,8.463449],[-70.90541,8.461214],[-70.905984,8.459254],[-70.906099,8.458816],[-70.906049,8.457457],[-70.906534,8.456811],[-70.906136,8.454807],[-70.903494,8.452831],[-70.901177,8.451544],[-70.899001,8.450673],[-70.896961,8.448649],[-70.894529,8.447201],[-70.889532,8.446818],[-70.88643,8.445901],[-70.887189,8.444011],[-70.88899,8.442349],[-70.888637,8.43977],[-70.886418,8.440649],[-70.883944,8.44086],[-70.881631,8.440795],[-70.879849,8.441189],[-70.877234,8.440364],[-70.8767,8.439697],[-70.876144,8.439145],[-70.874195,8.436245],[-70.872642,8.434842],[-70.869866,8.43487],[-70.868495,8.431992],[-70.866364,8.430682],[-70.863867,8.430824],[-70.86338,8.430341],[-70.860949,8.429447],[-70.857959,8.428866],[-70.856829,8.428647],[-70.854837,8.428034],[-70.852061,8.42718],[-70.849352,8.42587],[-70.849321,8.421931],[-70.850868,8.420616],[-70.853296,8.420681],[-70.854128,8.419943],[-70.853336,8.417433],[-70.853078,8.415636],[-70.851016,8.414326],[-70.850888,8.414199],[-70.846891,8.426044],[-70.844023,8.431148],[-70.839802,8.433093],[-70.836408,8.433873],[-70.833663,8.435091],[-70.833476,8.436238],[-70.836087,8.439208],[-70.837201,8.440474],[-70.842651,8.445576],[-70.843551,8.447606],[-70.845948,8.449824],[-70.841323,8.452694],[-70.838658,8.457336],[-70.839572,8.469188],[-70.838702,8.477663],[-70.831912,8.488358],[-70.830723,8.492274],[-70.833626,8.497904],[-70.84314,8.512714],[-70.845606,8.517898],[-70.846819,8.52426],[-70.843726,8.53805],[-70.841535,8.544736],[-70.843564,8.549476],[-70.848721,8.560295],[-70.849481,8.574663],[-70.850525,8.585574],[-70.850518,8.585574],[-70.855776,8.587752],[-70.85737,8.588412],[-70.857673,8.589052],[-70.857967,8.589675],[-70.85706,8.593509],[-70.856418,8.595401],[-70.856047,8.598119],[-70.857293,8.600254],[-70.859196,8.606029],[-70.860556,8.610154],[-70.861802,8.612289],[-70.866016,8.6152],[-70.868819,8.614375],[-70.873781,8.614618],[-70.885172,8.618452],[-70.891374,8.618063],[-70.898694,8.612289],[-70.906716,8.606999],[-70.9112,8.607415],[-70.914681,8.609227],[-70.921886,8.614072],[-70.924329,8.619296],[-70.927006,8.621267],[-70.928185,8.621534],[-70.929687,8.623455],[-70.931174,8.62451],[-70.932224,8.625789],[-70.933371,8.626843],[-70.934486,8.629117],[-70.938263,8.632234],[-70.941478,8.632916],[-70.943264,8.634934],[-70.944427,8.637414],[-70.947182,8.638833],[-70.949683,8.640527],[-70.950406,8.642503],[-70.950186,8.645814]]]},"properties":{"Parroquia":"Santos Marquina","Parroquia_pcode":"VE141901","Municipio":"Santos Marquina","Municipio_pcode":"VE1419","Ciudad":"Mérida","adm0_name":"Venezuela (República Bolivariana de)","adm0_pcode":"VE","area_sqkm":403.4426821,"Parroquia_ref_name":"Santos Marquina","center_lat":8.57540608,"center_lon":-70.94363946}},{"type":"Feature","geometry":{"type":"Polygon","coordinates":[[[-71.490965,8.443144],[-71.444875,8.43706],[-71.443583,8.440033],[-71.443775,8.442734],[-71.444253,8.449268],[-71.444637,8.454842],[-71.445262,8.456842],[-71.44606,8.458666],[-71.446329,8.459884],[-71.446691,8.461799],[-71.448016,8.464054],[-71.448374,8.465446],[-71.448381,8.466492],[-71.446112,8.466945],[-71.443668,8.4674],[-71.441403,8.468377],[-71.438529,8.469968],[-71.435659,8.472257],[-71.433396,8.473669],[-71.431649,8.473682],[-71.429808,8.472738],[-71.42709,8.47119],[-71.425256,8.471379],[-71.424212,8.472084],[-71.418533,8.472216],[-71.414519,8.472944],[-71.41181,8.473139],[-71.407523,8.472214],[-71.405339,8.472231],[-71.402193,8.472255],[-71.395997,8.473523],[-71.393555,8.474152],[-71.38867,8.475584],[-71.384998,8.475351],[-71.379316,8.475046],[-71.378527,8.474616],[-71.377739,8.474274],[-71.376956,8.474803],[-71.376522,8.475416],[-71.37633,8.475338],[-71.376292,8.475615],[-71.376218,8.477815],[-71.375361,8.480524],[-71.375108,8.48192],[-71.375551,8.482963],[-71.375823,8.484617],[-71.375134,8.486191],[-71.3734,8.48847],[-71.372537,8.49022],[-71.371756,8.491097],[-71.370189,8.492068],[-71.369582,8.492857],[-71.369687,8.495733],[-71.370232,8.499127],[-71.37087,8.503393],[-71.370368,8.506971],[-71.369333,8.509157],[-71.36673,8.512141],[-71.364554,8.513639],[-71.364122,8.514427],[-71.363955,8.515648],[-71.36423,8.517825],[-71.363545,8.520009],[-71.362592,8.521499],[-71.361815,8.522987],[-71.361907,8.523684],[-71.362261,8.524465],[-71.362805,8.527686],[-71.362208,8.530044],[-71.361691,8.531181],[-71.361612,8.532576],[-71.361985,8.536408],[-71.362521,8.538321],[-71.363682,8.542409],[-71.364741,8.547389],[-71.365213,8.549631],[-71.365219,8.550667],[-71.375769,8.554036],[-71.377509,8.553158],[-71.379844,8.551902],[-71.381687,8.551641],[-71.382512,8.552659],[-71.384192,8.556299],[-71.385983,8.558401],[-71.3887,8.560625],[-71.392089,8.56435],[-71.393781,8.566018],[-71.396592,8.568309],[-71.399436,8.571218],[-71.402006,8.574246],[-71.40331,8.57755],[-71.403988,8.58201],[-71.404143,8.582727],[-71.405267,8.581278],[-71.406135,8.579445],[-71.407535,8.574502],[-71.409378,8.570193],[-71.409473,8.56752],[-71.41132,8.564066],[-71.414593,8.560479],[-71.419841,8.556855],[-71.425192,8.552053],[-71.427473,8.547843],[-71.431631,8.545308],[-71.435682,8.54363],[-71.437988,8.544014],[-71.439734,8.542165],[-71.440604,8.54076],[-71.441915,8.539666],[-71.444099,8.537702],[-71.446503,8.53584],[-71.450676,8.536297],[-71.453983,8.538907],[-71.455196,8.540167],[-71.461132,8.542088],[-71.463661,8.543002],[-71.467278,8.542294],[-71.46832,8.542344],[-71.470067,8.541387],[-71.471289,8.540691],[-71.473298,8.539993],[-71.474869,8.538342],[-71.475218,8.5373],[-71.474692,8.536694],[-71.474515,8.534785],[-71.474512,8.531922],[-71.475121,8.530013],[-71.476168,8.529056],[-71.476864,8.526626],[-71.477735,8.524629],[-71.480532,8.524104],[-71.483066,8.523752],[-71.485771,8.521405],[-71.487079,8.5188],[-71.48751,8.514374],[-71.487855,8.51099],[-71.487589,8.508301],[-71.485839,8.505788],[-71.483475,8.502668],[-71.481725,8.501023],[-71.479802,8.500332],[-71.479364,8.499986],[-71.478308,8.494001],[-71.477868,8.491139],[-71.478041,8.489751],[-71.478563,8.488101],[-71.479957,8.484976],[-71.481004,8.483586],[-71.48336,8.481413],[-71.483884,8.480805],[-71.484057,8.47959],[-71.484492,8.478027],[-71.485364,8.477245],[-71.485187,8.474903],[-71.486494,8.47169],[-71.486493,8.47091],[-71.487191,8.469867],[-71.487714,8.468825],[-71.4878,8.467871],[-71.487625,8.467437],[-71.487624,8.46657],[-71.488234,8.465701],[-71.489105,8.463878],[-71.48989,8.462662],[-71.490414,8.462314],[-71.491112,8.461619],[-71.49118,8.461415],[-71.491125,8.461354],[-71.490545,8.459359],[-71.490707,8.457353],[-71.490349,8.456134],[-71.489641,8.454746],[-71.488759,8.453445],[-71.488664,8.452313],[-71.488746,8.451528],[-71.489615,8.45065],[-71.491261,8.448458],[-71.491603,8.447322],[-71.491595,8.446102],[-71.491414,8.445058],[-71.490972,8.444277],[-71.490965,8.443144]]]},"properties":{"Parroquia":"Capital Sucre","Parroquia_pcode":"VE142001","Municipio":"Sucre","Municipio_pcode":"VE1420","Ciudad":"Mérida","adm0_name":"Venezuela (República Bolivariana de)","adm0_pcode":"VE","area_sqkm":126.66012543,"Parroquia_ref_name":"Capital Sucre","center_lat":8.5100735,"center_lon":-71.42814893}},{"type":"Feature","geometry":{"type":"Polygon","coordinates":[[[-71.46832,8.542344],[-71.472516,8.543031],[-71.474876,8.543374],[-71.479249,8.545448],[-71.489216,8.549161],[-71.497786,8.553744],[-71.519393,8.568713],[-71.52193,8.57105],[-71.523334,8.574084],[-71.524126,8.577639],[-71.523865,8.578768],[-71.522207,8.580159],[-71.520897,8.58181],[-71.519153,8.584416],[-71.519679,8.585803],[-71.520821,8.589271],[-71.521176,8.592654],[-71.521355,8.595603],[-71.522317,8.596122],[-71.523192,8.596901],[-71.523718,8.598028],[-71.523894,8.598982],[-71.52442,8.599935],[-71.525032,8.600281],[-71.527043,8.600364],[-71.528266,8.600535],[-71.529229,8.6014],[-71.530717,8.603046],[-71.532117,8.604084],[-71.533342,8.605123],[-71.534828,8.605033],[-71.537277,8.606503],[-71.540688,8.608231],[-71.542614,8.609442],[-71.543051,8.609875],[-71.543576,8.610221],[-71.546112,8.61117],[-71.548039,8.613596],[-71.548914,8.614549],[-71.549963,8.614634],[-71.55215,8.61567],[-71.55285,8.616276],[-71.553725,8.617055],[-71.55565,8.618613],[-71.556963,8.619651],[-71.558975,8.621208],[-71.559765,8.623029],[-71.560641,8.624241],[-71.561779,8.625367],[-71.563357,8.628313],[-71.56441,8.630566],[-71.565638,8.63334],[-71.565991,8.635421],[-71.566038,8.637562],[-71.573771,8.614479],[-71.556502,8.558641],[-71.557331,8.557973],[-71.559915,8.557115],[-71.560647,8.557072],[-71.562716,8.558295],[-71.566092,8.558717],[-71.569698,8.558795],[-71.573559,8.559146],[-71.57655,8.561219],[-71.579864,8.563383],[-71.58371,8.565475],[-71.587458,8.566285],[-71.590518,8.568381],[-71.593134,8.569172],[-71.594915,8.569333],[-71.594911,8.566691],[-71.594907,8.564225],[-71.594727,8.562728],[-71.594548,8.562024],[-71.593393,8.56097],[-71.591794,8.5593],[-71.590814,8.556748],[-71.589834,8.553932],[-71.5893,8.553053],[-71.58779,8.551823],[-71.586723,8.550064],[-71.585212,8.548041],[-71.583522,8.545403],[-71.582364,8.541883],[-71.582095,8.540122],[-71.581648,8.538185],[-71.580671,8.536866],[-71.579692,8.534755],[-71.579599,8.532201],[-71.579506,8.529383],[-71.579948,8.528237],[-71.580834,8.527619],[-71.581365,8.52709],[-71.582249,8.524973],[-71.5834,8.52365],[-71.585172,8.522414],[-71.585614,8.52162],[-71.585612,8.520475],[-71.585078,8.518803],[-71.584544,8.517659],[-71.584363,8.515722],[-71.584363,8.515482],[-71.584344,8.515474],[-71.584123,8.515112],[-71.583565,8.514496],[-71.583398,8.513191],[-71.583786,8.512273],[-71.583575,8.51154],[-71.583383,8.509937],[-71.582611,8.507993],[-71.581885,8.505888],[-71.582136,8.505222],[-71.582573,8.504785],[-71.582731,8.503822],[-71.581594,8.502933],[-71.579826,8.50042],[-71.57843,8.498341],[-71.577657,8.496121],[-71.576946,8.492183],[-71.576385,8.490719],[-71.57432,8.488986],[-71.57251,8.487068],[-71.571433,8.484117],[-71.571191,8.48162],[-71.570007,8.480433],[-71.570037,8.480305],[-71.569179,8.480013],[-71.567929,8.479815],[-71.566995,8.478422],[-71.564785,8.476511],[-71.561866,8.475751],[-71.558643,8.474603],[-71.554678,8.473047],[-71.550905,8.472591],[-71.546972,8.472297],[-71.545352,8.472193],[-71.544059,8.472432],[-71.542271,8.471411],[-71.54123,8.47135],[-71.539538,8.470696],[-71.537295,8.470711],[-71.534701,8.470316],[-71.533054,8.469616],[-71.531753,8.468753],[-71.531029,8.46768],[-71.530232,8.466101],[-71.529879,8.465117],[-71.529684,8.463559],[-71.52678,8.461606],[-71.524339,8.459649],[-71.520861,8.458365],[-71.517645,8.458089],[-71.515077,8.457968],[-71.513435,8.457933],[-71.512258,8.458377],[-71.511429,8.458956],[-71.510135,8.459103],[-71.508707,8.460007],[-71.506931,8.460684],[-71.505312,8.460603],[-71.503623,8.460455],[-71.502119,8.460442],[-71.501334,8.46134],[-71.497578,8.461954],[-71.493209,8.461962],[-71.491199,8.461358],[-71.49118,8.461415],[-71.491112,8.461619],[-71.490414,8.462314],[-71.48989,8.462662],[-71.489105,8.463878],[-71.488234,8.465701],[-71.487624,8.46657],[-71.487625,8.467437],[-71.4878,8.467871],[-71.487714,8.468825],[-71.487191,8.469867],[-71.486493,8.47091],[-71.486494,8.47169],[-71.485187,8.474903],[-71.485364,8.477245],[-71.484492,8.478027],[-71.484057,8.47959],[-71.483884,8.480805],[-71.48336,8.481413],[-71.481004,8.483586],[-71.479957,8.484976],[-71.478563,8.488101],[-71.478041,8.489751],[-71.477868,8.491139],[-71.478308,8.494001],[-71.479364,8.499986],[-71.479802,8.500332],[-71.481725,8.501023],[-71.483475,8.502668],[-71.485839,8.505788],[-71.487589,8.508301],[-71.487855,8.51099],[-71.48751,8.514374],[-71.487079,8.5188],[-71.485771,8.521405],[-71.483066,8.523752],[-71.480532,8.524104],[-71.477735,8.524629],[-71.476864,8.526626],[-71.476168,8.529056],[-71.475121,8.530013],[-71.474512,8.531922],[-71.474515,8.534785],[-71.474692,8.536694],[-71.475218,8.5373],[-71.474869,8.538342],[-71.473298,8.539993],[-71.471289,8.540691],[-71.470067,8.541387],[-71.46832,8.542344]]]},"properties":{"Parroquia":"Chiguara","Parroquia_pcode":"VE142002","Municipio":"Sucre","Municipio_pcode":"VE1420","Ciudad":"Mérida","adm0_name":"Venezuela (República Bolivariana de)","adm0_pcode":"VE","area_sqkm":140.00704802,"Parroquia_ref_name":"Chiguara","center_lat":8.5467445,"center_lon":-71.53355534}},{"type":"Feature","geometry":{"type":"Polygon","coordinates":[[[-71.49118,8.461415],[-71.491199,8.461358],[-71.493209,8.461962],[-71.497578,8.461954],[-71.501334,8.46134],[-71.502119,8.460442],[-71.503623,8.460455],[-71.505312,8.460603],[-71.506931,8.460684],[-71.508707,8.460007],[-71.510135,8.459103],[-71.511429,8.458956],[-71.512258,8.458377],[-71.513435,8.457933],[-71.515077,8.457968],[-71.517645,8.458089],[-71.520861,8.458365],[-71.524339,8.459649],[-71.52678,8.461606],[-71.529684,8.463559],[-71.529879,8.465117],[-71.530232,8.466101],[-71.531029,8.46768],[-71.531753,8.468753],[-71.533054,8.469616],[-71.534701,8.470316],[-71.537295,8.470711],[-71.539538,8.470696],[-71.54123,8.47135],[-71.542271,8.471411],[-71.544059,8.472432],[-71.545352,8.472193],[-71.546972,8.472297],[-71.550905,8.472591],[-71.554678,8.473047],[-71.558643,8.474603],[-71.561866,8.475751],[-71.564785,8.476511],[-71.566995,8.478422],[-71.567929,8.479815],[-71.569179,8.480013],[-71.570037,8.480305],[-71.57012,8.479952],[-71.571567,8.477884],[-71.572159,8.476185],[-71.572955,8.473318],[-71.573081,8.470568],[-71.572192,8.468166],[-71.570907,8.464894],[-71.570601,8.463681],[-71.57082,8.461206],[-71.570923,8.458273],[-71.57147,8.456758],[-71.572573,8.455334],[-71.574505,8.453516],[-71.576049,8.452731],[-71.578171,8.451875],[-71.57911,8.450268],[-71.579569,8.449555],[-71.580214,8.449118],[-71.581619,8.44815],[-71.582378,8.447414],[-71.582252,8.44716],[-71.563912,8.410183],[-71.563164,8.408078],[-71.562272,8.405011],[-71.56224,8.402926],[-71.562093,8.401208],[-71.560302,8.398282],[-71.556686,8.395501],[-71.554968,8.393583],[-71.551934,8.391807],[-71.549614,8.389548],[-71.549052,8.387923],[-71.547868,8.386575],[-71.55021,8.383405],[-71.552785,8.380623],[-71.553678,8.378786],[-71.55348,8.375784],[-71.553537,8.373103],[-71.55297,8.37031],[-71.552108,8.368549],[-71.552656,8.367264],[-71.554245,8.366181],[-71.555859,8.365465],[-71.558554,8.36392],[-71.559888,8.362586],[-71.562977,8.361314],[-71.56547,8.360915],[-71.568795,8.360696],[-71.571842,8.360156],[-71.573015,8.36042],[-71.573179,8.360248],[-71.574384,8.3604],[-71.575628,8.359616],[-71.576202,8.358773],[-71.577349,8.357089],[-71.578747,8.354815],[-71.579614,8.352452],[-71.579765,8.350023],[-71.581309,8.344174],[-71.583201,8.3386],[-71.584459,8.335821],[-71.58537,8.332931],[-71.58642,8.330201],[-71.586443,8.330155],[-71.586811,8.327288],[-71.586214,8.324271],[-71.584297,8.319728],[-71.581322,8.318124],[-71.577951,8.31595],[-71.576558,8.313899],[-71.575411,8.311022],[-71.578425,8.305415],[-71.579653,8.303735],[-71.58071,8.300614],[-71.579935,8.295217],[-71.578218,8.292825],[-71.577325,8.290015],[-71.576359,8.286747],[-71.573903,8.283766],[-71.572123,8.282313],[-71.570501,8.280332],[-71.57005,8.278321],[-71.562896,8.27686],[-71.558109,8.275794],[-71.556244,8.275189],[-71.55271,8.27558],[-71.549512,8.274961],[-71.545831,8.274093],[-71.544306,8.27289],[-71.54214,8.271944],[-71.538718,8.271967],[-71.537304,8.273442],[-71.535819,8.274483],[-71.533375,8.273355],[-71.529545,8.270931],[-71.527715,8.268883],[-71.526057,8.265049],[-71.525697,8.262876],[-71.525377,8.259879],[-71.524845,8.256151],[-71.524344,8.253544],[-71.522557,8.250947],[-71.519694,8.24886],[-71.516117,8.246503],[-71.515405,8.243349],[-71.514896,8.239735],[-71.512156,8.238815],[-71.509533,8.238077],[-71.507145,8.238253],[-71.504751,8.237422],[-71.502964,8.239159],[-71.499921,8.241004],[-71.49706,8.24336],[-71.495658,8.245898],[-71.495503,8.248398],[-71.494201,8.251508],[-71.494231,8.255907],[-71.494404,8.258792],[-71.491558,8.262219],[-71.488975,8.264429],[-71.485584,8.266741],[-71.483255,8.265143],[-71.48073,8.264441],[-71.476035,8.263906],[-71.472962,8.263738],[-71.469461,8.264515],[-71.466227,8.266412],[-71.463528,8.266652],[-71.457847,8.264799],[-71.454694,8.263716],[-71.452013,8.265514],[-71.451888,8.268609],[-71.452142,8.270553],[-71.450693,8.273024],[-71.449351,8.276661],[-71.448234,8.27986],[-71.44667,8.282355],[-71.44544,8.283814],[-71.443605,8.286839],[-71.439668,8.289775],[-71.435423,8.296015],[-71.432883,8.300057],[-71.430651,8.302699],[-71.427154,8.303888],[-71.424843,8.30575],[-71.42386,8.306424],[-71.423897,8.307531],[-71.423817,8.308751],[-71.424711,8.312144],[-71.42429,8.314587],[-71.42457,8.317635],[-71.425643,8.321549],[-71.42628,8.325728],[-71.427089,8.329557],[-71.428431,8.334601],[-71.430388,8.340164],[-71.431691,8.353229],[-71.432652,8.353221],[-71.434048,8.352949],[-71.435354,8.352242],[-71.437099,8.351879],[-71.439107,8.351864],[-71.441206,8.352196],[-71.442518,8.352535],[-71.444702,8.352518],[-71.446016,8.353118],[-71.448204,8.353798],[-71.451004,8.354561],[-71.454668,8.353747],[-71.456155,8.353997],[-71.458174,8.355638],[-71.46036,8.356056],[-71.46264,8.35752],[-71.463603,8.357774],[-71.464735,8.35733],[-71.465001,8.357851],[-71.466655,8.357053],[-71.468928,8.357296],[-71.469281,8.357904],[-71.471467,8.358236],[-71.473742,8.358915],[-71.474533,8.359693],[-71.477167,8.361677],[-71.47866,8.362886],[-71.479278,8.363927],[-71.479373,8.365233],[-71.479643,8.366364],[-71.480608,8.367054],[-71.484017,8.367463],[-71.485151,8.367279],[-71.486115,8.367708],[-71.487344,8.368744],[-71.487964,8.370046],[-71.488767,8.372654],[-71.489386,8.373957],[-71.490002,8.374649],[-71.490008,8.375608],[-71.4901,8.376217],[-71.490799,8.376299],[-71.491323,8.376295],[-71.491764,8.376901],[-71.491769,8.377773],[-71.491161,8.3783],[-71.491339,8.378822],[-71.492043,8.379688],[-71.492402,8.381079],[-71.492841,8.381425],[-71.493279,8.381595],[-71.493458,8.382291],[-71.493721,8.382551],[-71.494338,8.383417],[-71.494601,8.383589],[-71.494431,8.384201],[-71.494433,8.384637],[-71.494872,8.384982],[-71.495572,8.385063],[-71.49601,8.385321],[-71.496362,8.385667],[-71.497335,8.387403],[-71.49866,8.389745],[-71.498841,8.390702],[-71.498498,8.391751],[-71.49816,8.393497],[-71.498169,8.394891],[-71.497825,8.395852],[-71.496697,8.396994],[-71.495918,8.398133],[-71.4947,8.399015],[-71.494441,8.39954],[-71.494624,8.400758],[-71.49507,8.402236],[-71.495692,8.403713],[-71.495967,8.405715],[-71.495981,8.407981],[-71.495635,8.40842],[-71.49529,8.40912],[-71.493897,8.410002],[-71.49399,8.410874],[-71.493821,8.411834],[-71.493827,8.412618],[-71.494356,8.413311],[-71.494536,8.414268],[-71.494284,8.415752],[-71.494376,8.416536],[-71.494993,8.417402],[-71.495695,8.41792],[-71.49605,8.418701],[-71.496063,8.420793],[-71.496246,8.422011],[-71.495989,8.422798],[-71.495205,8.423153],[-71.493901,8.424122],[-71.493555,8.424734],[-71.49382,8.425168],[-71.494263,8.42621],[-71.494528,8.426644],[-71.494801,8.428298],[-71.494547,8.42952],[-71.494379,8.430567],[-71.494647,8.431524],[-71.494477,8.432222],[-71.49413,8.432661],[-71.493697,8.433274],[-71.493437,8.433625],[-71.493353,8.434061],[-71.493533,8.434931],[-71.493797,8.435278],[-71.493804,8.436236],[-71.493634,8.437022],[-71.493463,8.437634],[-71.49347,8.438766],[-71.49304,8.439729],[-71.492086,8.440869],[-71.491394,8.44192],[-71.490965,8.443144],[-71.490972,8.444277],[-71.491414,8.445058],[-71.491595,8.446102],[-71.491603,8.447322],[-71.491261,8.448458],[-71.489615,8.45065],[-71.488746,8.451528],[-71.488664,8.452313],[-71.488759,8.453445],[-71.489641,8.454746],[-71.490349,8.456134],[-71.490707,8.457353],[-71.490545,8.459359],[-71.491125,8.461354],[-71.49118,8.461415]]]},"properties":{"Parroquia":"Estanquez","Parroquia_pcode":"VE142003","Municipio":"Sucre","Municipio_pcode":"VE1420","Ciudad":"Mérida","adm0_name":"Venezuela (República Bolivariana de)","adm0_pcode":"VE","area_sqkm":262.89404527,"Parroquia_ref_name":"Estanquez","center_lat":8.358844,"center_lon":-71.52482888}},{"type":"Feature","geometry":{"type":"Polygon","coordinates":[[[-71.46832,8.542344],[-71.467278,8.542294],[-71.463661,8.543002],[-71.461132,8.542088],[-71.455196,8.540167],[-71.453983,8.538907],[-71.450676,8.536297],[-71.446503,8.53584],[-71.444099,8.537702],[-71.441915,8.539666],[-71.440604,8.54076],[-71.439734,8.542165],[-71.437988,8.544014],[-71.435682,8.54363],[-71.431631,8.545308],[-71.427473,8.547843],[-71.425192,8.552053],[-71.419841,8.556855],[-71.414593,8.560479],[-71.41132,8.564066],[-71.409473,8.56752],[-71.409378,8.570193],[-71.407535,8.574502],[-71.406135,8.579445],[-71.405267,8.581278],[-71.404143,8.582727],[-71.404691,8.585255],[-71.404893,8.588943],[-71.40368,8.592244],[-71.402558,8.59552],[-71.40129,8.598294],[-71.401523,8.601065],[-71.401704,8.603561],[-71.400818,8.605755],[-71.40139,8.608084],[-71.401276,8.608178],[-71.40145,8.610193],[-71.403234,8.61319],[-71.410557,8.623956],[-71.412483,8.62718],[-71.414541,8.629965],[-71.416532,8.628898],[-71.418176,8.627745],[-71.420479,8.627361],[-71.423252,8.627427],[-71.424759,8.627791],[-71.426429,8.628198],[-71.428216,8.627364],[-71.429986,8.626897],[-71.431688,8.627785],[-71.432501,8.628069],[-71.433801,8.628459],[-71.435053,8.630066],[-71.438434,8.633218],[-71.440083,8.63374],[-71.442201,8.633289],[-71.444061,8.632661],[-71.445184,8.632159],[-71.44675,8.63188],[-71.447739,8.630349],[-71.449564,8.62901],[-71.452034,8.627614],[-71.453922,8.625953],[-71.455961,8.623716],[-71.457677,8.622791],[-71.459389,8.622945],[-71.461007,8.623031],[-71.462742,8.623184],[-71.464105,8.623229],[-71.465531,8.622883],[-71.466421,8.622225],[-71.467531,8.622298],[-71.46841,8.623658],[-71.46944,8.624466],[-71.471104,8.625836],[-71.472499,8.626362],[-71.474603,8.627815],[-71.476036,8.629189],[-71.477372,8.630335],[-71.480244,8.630789],[-71.481637,8.62987],[-71.483555,8.628621],[-71.485378,8.628521],[-71.486453,8.627974],[-71.488841,8.625823],[-71.490775,8.624184],[-71.492008,8.623313],[-71.4936,8.62324],[-71.495313,8.623462],[-71.49699,8.624235],[-71.498663,8.624847],[-71.50051,8.624815],[-71.501887,8.624286],[-71.501887,8.624453],[-71.50341,8.623943],[-71.505071,8.623203],[-71.506455,8.622534],[-71.508771,8.623533],[-71.510318,8.623252],[-71.511981,8.623085],[-71.513529,8.622804],[-71.514865,8.621951],[-71.516856,8.622448],[-71.518007,8.621412],[-71.519387,8.61978],[-71.521114,8.618399],[-71.524162,8.617722],[-71.527448,8.618603],[-71.529735,8.618388],[-71.53154,8.618908],[-71.534892,8.618941],[-71.53746,8.619549],[-71.54005,8.619768],[-71.541258,8.620955],[-71.542561,8.622966],[-71.543099,8.624339],[-71.544605,8.625112],[-71.547682,8.625581],[-71.551436,8.627857],[-71.553848,8.629521],[-71.556487,8.630404],[-71.558501,8.631014],[-71.55984,8.630665],[-71.560373,8.631007],[-71.561071,8.632173],[-71.561586,8.633431],[-71.562469,8.63439],[-71.564394,8.635757],[-71.566038,8.637562],[-71.565991,8.635421],[-71.565638,8.63334],[-71.56441,8.630566],[-71.563357,8.628313],[-71.561779,8.625367],[-71.560641,8.624241],[-71.559765,8.623029],[-71.558975,8.621208],[-71.556963,8.619651],[-71.55565,8.618613],[-71.553725,8.617055],[-71.55285,8.616276],[-71.55215,8.61567],[-71.549963,8.614634],[-71.548914,8.614549],[-71.548039,8.613596],[-71.546112,8.61117],[-71.543576,8.610221],[-71.543051,8.609875],[-71.542614,8.609442],[-71.540688,8.608231],[-71.537277,8.606503],[-71.534828,8.605033],[-71.533342,8.605123],[-71.532117,8.604084],[-71.530717,8.603046],[-71.529229,8.6014],[-71.528266,8.600535],[-71.527043,8.600364],[-71.525032,8.600281],[-71.52442,8.599935],[-71.523894,8.598982],[-71.523718,8.598028],[-71.523192,8.596901],[-71.522317,8.596122],[-71.521355,8.595603],[-71.521176,8.592654],[-71.520821,8.589271],[-71.519679,8.585803],[-71.519153,8.584416],[-71.520897,8.58181],[-71.522207,8.580159],[-71.523865,8.578768],[-71.524126,8.577639],[-71.523334,8.574084],[-71.52193,8.57105],[-71.519393,8.568713],[-71.497786,8.553744],[-71.489216,8.549161],[-71.479249,8.545448],[-71.474876,8.543374],[-71.472516,8.543031],[-71.46832,8.542344]]]},"properties":{"Parroquia":"La Trampa","Parroquia_pcode":"VE142004","Municipio":"Sucre","Municipio_pcode":"VE1420","Ciudad":"Mérida","adm0_name":"Venezuela (República Bolivariana de)","adm0_pcode":"VE","area_sqkm":114.81151267,"Parroquia_ref_name":"La Trampa","center_lat":8.587373,"center_lon":-71.4625015}},{"type":"Feature","geometry":{"type":"Polygon","coordinates":[[[-71.490965,8.443144],[-71.491394,8.44192],[-71.492086,8.440869],[-71.49304,8.439729],[-71.49347,8.438766],[-71.493463,8.437634],[-71.493634,8.437022],[-71.493804,8.436236],[-71.493797,8.435278],[-71.493533,8.434931],[-71.493353,8.434061],[-71.493437,8.433625],[-71.493697,8.433274],[-71.49413,8.432661],[-71.494477,8.432222],[-71.494647,8.431524],[-71.494379,8.430567],[-71.494547,8.42952],[-71.494801,8.428298],[-71.494528,8.426644],[-71.494263,8.42621],[-71.49382,8.425168],[-71.493555,8.424734],[-71.493901,8.424122],[-71.495205,8.423153],[-71.495989,8.422798],[-71.496246,8.422011],[-71.496063,8.420793],[-71.49605,8.418701],[-71.495695,8.41792],[-71.494993,8.417402],[-71.494376,8.416536],[-71.494284,8.415752],[-71.494536,8.414268],[-71.494356,8.413311],[-71.493827,8.412618],[-71.493821,8.411834],[-71.49399,8.410874],[-71.493897,8.410002],[-71.49529,8.40912],[-71.495635,8.40842],[-71.495981,8.407981],[-71.495967,8.405715],[-71.495692,8.403713],[-71.49507,8.402236],[-71.494624,8.400758],[-71.494441,8.39954],[-71.4947,8.399015],[-71.495918,8.398133],[-71.496697,8.396994],[-71.497825,8.395852],[-71.498169,8.394891],[-71.49816,8.393497],[-71.498498,8.391751],[-71.498841,8.390702],[-71.49866,8.389745],[-71.497335,8.387403],[-71.496362,8.385667],[-71.49601,8.385321],[-71.495572,8.385063],[-71.494872,8.384982],[-71.494433,8.384637],[-71.494431,8.384201],[-71.494601,8.383589],[-71.494338,8.383417],[-71.493721,8.382551],[-71.493458,8.382291],[-71.493279,8.381595],[-71.492841,8.381425],[-71.492402,8.381079],[-71.492043,8.379688],[-71.491339,8.378822],[-71.491161,8.3783],[-71.491769,8.377773],[-71.491764,8.376901],[-71.491323,8.376295],[-71.490799,8.376299],[-71.4901,8.376217],[-71.490008,8.375608],[-71.490002,8.374649],[-71.489386,8.373957],[-71.488767,8.372654],[-71.487964,8.370046],[-71.487344,8.368744],[-71.486115,8.367708],[-71.485151,8.367279],[-71.484017,8.367463],[-71.480608,8.367054],[-71.479643,8.366364],[-71.479373,8.365233],[-71.479278,8.363927],[-71.47866,8.362886],[-71.477167,8.361677],[-71.474533,8.359693],[-71.473742,8.358915],[-71.471467,8.358236],[-71.469281,8.357904],[-71.468928,8.357296],[-71.466655,8.357053],[-71.465001,8.357851],[-71.464735,8.35733],[-71.463603,8.357774],[-71.46264,8.35752],[-71.46036,8.356056],[-71.458174,8.355638],[-71.456155,8.353997],[-71.454668,8.353747],[-71.451004,8.354561],[-71.448204,8.353798],[-71.446016,8.353118],[-71.444702,8.352518],[-71.442518,8.352535],[-71.441206,8.352196],[-71.439107,8.351864],[-71.437099,8.351879],[-71.435354,8.352242],[-71.434048,8.352949],[-71.432652,8.353221],[-71.431691,8.353229],[-71.430388,8.340164],[-71.428431,8.334601],[-71.427089,8.329557],[-71.42628,8.325728],[-71.425643,8.321549],[-71.42457,8.317635],[-71.42429,8.314587],[-71.424711,8.312144],[-71.423817,8.308751],[-71.423897,8.307531],[-71.42386,8.306424],[-71.422117,8.307618],[-71.418813,8.309492],[-71.416199,8.309158],[-71.411082,8.308122],[-71.407444,8.305211],[-71.404678,8.30371],[-71.401114,8.299195],[-71.398225,8.295083],[-71.396861,8.293037],[-71.392214,8.292591],[-71.388333,8.292502],[-71.384932,8.290114],[-71.379849,8.287977],[-71.375612,8.285142],[-71.372435,8.282042],[-71.369139,8.278645],[-71.366314,8.276045],[-71.363682,8.27814],[-71.359655,8.281489],[-71.356017,8.284422],[-71.353249,8.286702],[-71.349997,8.289103],[-71.349242,8.291747],[-71.349077,8.295393],[-71.348654,8.29879],[-71.348534,8.30232],[-71.346892,8.308161],[-71.346261,8.311492],[-71.345917,8.313719],[-71.345572,8.313815],[-71.346978,8.31554],[-71.349924,8.316649],[-71.354353,8.316159],[-71.35703,8.317936],[-71.359689,8.320035],[-71.361663,8.322921],[-71.363392,8.326566],[-71.364399,8.330346],[-71.365124,8.332283],[-71.365794,8.335002],[-71.367843,8.337421],[-71.368334,8.340532],[-71.367651,8.342424],[-71.365332,8.344482],[-71.362206,8.347998],[-71.359247,8.350434],[-71.356048,8.353699],[-71.353231,8.35643],[-71.349705,8.359472],[-71.346486,8.362921],[-71.343496,8.366228],[-71.341656,8.369379],[-71.342106,8.371389],[-71.343329,8.374097],[-71.344166,8.377203],[-71.344162,8.37968],[-71.343757,8.381659],[-71.343446,8.383706],[-71.343122,8.385042],[-71.34349,8.386343],[-71.344568,8.388618],[-71.345504,8.389382],[-71.347083,8.389905],[-71.349819,8.390592],[-71.35341,8.391357],[-71.355181,8.393689],[-71.356318,8.396742],[-71.356081,8.399086],[-71.354902,8.400344],[-71.35386,8.401555],[-71.351883,8.403609],[-71.35041,8.405712],[-71.349123,8.409557],[-71.349317,8.412867],[-71.349763,8.414258],[-71.349775,8.41635],[-71.349435,8.417922],[-71.348918,8.419059],[-71.350061,8.420357],[-71.350067,8.421316],[-71.350518,8.423579],[-71.350615,8.425148],[-71.351495,8.426187],[-71.351676,8.427319],[-71.352223,8.43115],[-71.352761,8.433325],[-71.353472,8.435411],[-71.353921,8.437326],[-71.354279,8.438717],[-71.355248,8.440105],[-71.356129,8.441318],[-71.357193,8.443751],[-71.357727,8.445403],[-71.358003,8.447754],[-71.35845,8.449406],[-71.359413,8.449748],[-71.36047,8.451047],[-71.360826,8.45209],[-71.361273,8.453743],[-71.361895,8.455481],[-71.363124,8.456431],[-71.36383,8.457558],[-71.36481,8.460776],[-71.365784,8.462599],[-71.367896,8.46511],[-71.369231,8.469109],[-71.371002,8.472844],[-71.37355,8.475178],[-71.374586,8.475526],[-71.376292,8.475615],[-71.37633,8.475338],[-71.376522,8.475416],[-71.376956,8.474803],[-71.377739,8.474274],[-71.378527,8.474616],[-71.379316,8.475046],[-71.384998,8.475351],[-71.38867,8.475584],[-71.393555,8.474152],[-71.395997,8.473523],[-71.402193,8.472255],[-71.405339,8.472231],[-71.407523,8.472214],[-71.41181,8.473139],[-71.414519,8.472944],[-71.418533,8.472216],[-71.424212,8.472084],[-71.425256,8.471379],[-71.42709,8.47119],[-71.429808,8.472738],[-71.431649,8.473682],[-71.433396,8.473669],[-71.435659,8.472257],[-71.438529,8.469968],[-71.441403,8.468377],[-71.443668,8.4674],[-71.446112,8.466945],[-71.448381,8.466492],[-71.448374,8.465446],[-71.448016,8.464054],[-71.446691,8.461799],[-71.446329,8.459884],[-71.44606,8.458666],[-71.445262,8.456842],[-71.444637,8.454842],[-71.444253,8.449268],[-71.443775,8.442734],[-71.443583,8.440033],[-71.444875,8.43706],[-71.490965,8.443144]]]},"properties":{"Parroquia":"Pueblo Nuevo del Sur","Parroquia_pcode":"VE142005","Municipio":"Sucre","Municipio_pcode":"VE1420","Ciudad":"Mérida","adm0_name":"Venezuela (República Bolivariana de)","adm0_pcode":"VE","area_sqkm":233.5672219,"Parroquia_ref_name":"Pueblo Nuevo del Sur","center_lat":8.3759125,"center_lon":-71.41693612}},{"type":"Feature","geometry":{"type":"Polygon","coordinates":[[[-71.376292,8.475615],[-71.374586,8.475526],[-71.37355,8.475178],[-71.371002,8.472844],[-71.369231,8.469109],[-71.367896,8.46511],[-71.365784,8.462599],[-71.36481,8.460776],[-71.36383,8.457558],[-71.363124,8.456431],[-71.361895,8.455481],[-71.361273,8.453743],[-71.360826,8.45209],[-71.36047,8.451047],[-71.359413,8.449748],[-71.35845,8.449406],[-71.358003,8.447754],[-71.357727,8.445403],[-71.357193,8.443751],[-71.356129,8.441318],[-71.355248,8.440105],[-71.354279,8.438717],[-71.353921,8.437326],[-71.353472,8.435411],[-71.352761,8.433325],[-71.352223,8.43115],[-71.351676,8.427319],[-71.351495,8.426187],[-71.350615,8.425148],[-71.350518,8.423579],[-71.350067,8.421316],[-71.350061,8.420357],[-71.348918,8.419059],[-71.349435,8.417922],[-71.349775,8.41635],[-71.349763,8.414258],[-71.349317,8.412867],[-71.349123,8.409557],[-71.35041,8.405712],[-71.351883,8.403609],[-71.35386,8.401555],[-71.352608,8.401209],[-71.351561,8.400745],[-71.349198,8.400235],[-71.346814,8.401262],[-71.345058,8.402507],[-71.343267,8.403088],[-71.34117,8.403331],[-71.339516,8.403817],[-71.337892,8.404694],[-71.335854,8.405669],[-71.334454,8.407458],[-71.333444,8.409173],[-71.332767,8.411478],[-71.333022,8.412895],[-71.334249,8.417186],[-71.335112,8.420428],[-71.334543,8.422273],[-71.33247,8.425244],[-71.329957,8.426801],[-71.327896,8.427799],[-71.324489,8.429715],[-71.322863,8.430499],[-71.321872,8.431961],[-71.321548,8.433297],[-71.319889,8.434838],[-71.318087,8.437552],[-71.316886,8.444316],[-71.31573,8.44562],[-71.314598,8.446923],[-71.31423,8.448351],[-71.314385,8.450711],[-71.313924,8.452095],[-71.312976,8.453372],[-71.311291,8.454754],[-71.309906,8.456177],[-71.30819,8.4571],[-71.307695,8.45782],[-71.30783,8.458593],[-71.307892,8.458573],[-71.308002,8.45958],[-71.308563,8.461407],[-71.308666,8.464753],[-71.309032,8.46727],[-71.308742,8.469224],[-71.308375,8.470721],[-71.307921,8.472541],[-71.307768,8.474447],[-71.30687,8.477283],[-71.306859,8.479348],[-71.306919,8.481548],[-71.30591,8.481978],[-71.305758,8.482508],[-71.305794,8.483288],[-71.306035,8.485256],[-71.305784,8.488127],[-71.303765,8.490271],[-71.303183,8.491359],[-71.303893,8.492402],[-71.306964,8.493749],[-71.308365,8.494642],[-71.309745,8.495697],[-71.310951,8.49602],[-71.31362,8.496755],[-71.315716,8.497797],[-71.316945,8.499473],[-71.318593,8.499973],[-71.319657,8.500069],[-71.32025,8.499646],[-71.320678,8.499043],[-71.321154,8.49853],[-71.321287,8.49956],[-71.322048,8.500831],[-71.322533,8.502199],[-71.32312,8.504161],[-71.323195,8.505811],[-71.322987,8.507191],[-71.323529,8.509177],[-71.324667,8.510946],[-71.326025,8.513378],[-71.327259,8.516706],[-71.327918,8.518759],[-71.32786,8.520823],[-71.328074,8.522494],[-71.328615,8.52448],[-71.329091,8.526651],[-71.328754,8.527207],[-71.32952,8.528776],[-71.330802,8.530819],[-71.333065,8.53211],[-71.335048,8.534668],[-71.336888,8.539659],[-71.33713,8.541673],[-71.33735,8.544543],[-71.338349,8.550849],[-71.339461,8.552389],[-71.341342,8.554352],[-71.343282,8.555741],[-71.344378,8.557694],[-71.345585,8.558041],[-71.348655,8.559318],[-71.349429,8.560016],[-71.350402,8.55883],[-71.350782,8.558089],[-71.351639,8.555552],[-71.352838,8.554132],[-71.355706,8.547629],[-71.365219,8.550667],[-71.365213,8.549631],[-71.364741,8.547389],[-71.363682,8.542409],[-71.362521,8.538321],[-71.361985,8.536408],[-71.361612,8.532576],[-71.361691,8.531181],[-71.362208,8.530044],[-71.362805,8.527686],[-71.362261,8.524465],[-71.361907,8.523684],[-71.361815,8.522987],[-71.362592,8.521499],[-71.363545,8.520009],[-71.36423,8.517825],[-71.363955,8.515648],[-71.364122,8.514427],[-71.364554,8.513639],[-71.36673,8.512141],[-71.369333,8.509157],[-71.370368,8.506971],[-71.37087,8.503393],[-71.370232,8.499127],[-71.369687,8.495733],[-71.369582,8.492857],[-71.370189,8.492068],[-71.371756,8.491097],[-71.372537,8.49022],[-71.3734,8.48847],[-71.375134,8.486191],[-71.375823,8.484617],[-71.375551,8.482963],[-71.375108,8.48192],[-71.375361,8.480524],[-71.376218,8.477815],[-71.376292,8.475615]]]},"properties":{"Parroquia":"San Juan","Parroquia_pcode":"VE142006","Municipio":"Sucre","Municipio_pcode":"VE1420","Ciudad":"Mérida","adm0_name":"Venezuela (República Bolivariana de)","adm0_pcode":"VE","area_sqkm":74.22795441,"Parroquia_ref_name":"San Juan","center_lat":8.479936,"center_lon":-71.34121103}},{"type":"Feature","geometry":{"type":"Polygon","coordinates":[[[-71.783461,8.326599],[-71.764292,8.347926],[-71.76099,8.351064],[-71.759708,8.35161],[-71.757816,8.352623],[-71.755662,8.353997],[-71.753989,8.354466],[-71.752516,8.355305],[-71.752704,8.357367],[-71.752715,8.360157],[-71.752395,8.362163],[-71.751891,8.364188],[-71.751723,8.365579],[-71.75069,8.367479],[-71.750576,8.369626],[-71.750288,8.372342],[-71.751176,8.375154],[-71.751176,8.375154],[-71.798409,8.336059],[-71.802275,8.332859],[-71.80228,8.332858],[-71.803089,8.332694],[-71.80356,8.332599],[-71.80609,8.332091],[-71.806348,8.329677],[-71.806112,8.327319],[-71.805932,8.325204],[-71.805853,8.324269],[-71.806533,8.323273],[-71.80648,8.323204],[-71.806458,8.323206],[-71.801719,8.323683],[-71.801261,8.324196],[-71.799887,8.325736],[-71.797857,8.326464],[-71.797328,8.326654],[-71.79548,8.32765],[-71.793975,8.32776],[-71.792813,8.32716],[-71.790943,8.32657],[-71.788274,8.325903],[-71.784829,8.326834],[-71.783461,8.326599]]]},"properties":{"Parroquia":"El Amparo","Parroquia_pcode":"VE142101","Municipio":"Tovar","Municipio_pcode":"VE1421","Ciudad":"Mérida","adm0_name":"Venezuela (República Bolivariana de)","adm0_pcode":"VE","area_sqkm":10.80056997,"Parroquia_ref_name":"El Amparo","center_lat":8.349495,"center_lon":-71.77240855}},{"type":"Feature","geometry":{"type":"Polygon","coordinates":[[[-71.761136,8.301611],[-71.761519,8.302327],[-71.761466,8.303553],[-71.760724,8.305147],[-71.760013,8.307877],[-71.759921,8.310852],[-71.759712,8.314377],[-71.758488,8.315875],[-71.757113,8.316699],[-71.755842,8.318132],[-71.755246,8.318673],[-71.754921,8.319556],[-71.754409,8.320007],[-71.753291,8.320649],[-71.751925,8.321822],[-71.751506,8.322446],[-71.751705,8.323315],[-71.756077,8.32453],[-71.755564,8.33327],[-71.756358,8.333555],[-71.783407,8.32659],[-71.783461,8.326599],[-71.784829,8.326834],[-71.788274,8.325903],[-71.790943,8.32657],[-71.792813,8.32716],[-71.793975,8.32776],[-71.79548,8.32765],[-71.797328,8.326654],[-71.797857,8.326464],[-71.799887,8.325736],[-71.801261,8.324196],[-71.801719,8.323683],[-71.806458,8.323206],[-71.80648,8.323204],[-71.806476,8.323198],[-71.801599,8.322305],[-71.801055,8.322447],[-71.797677,8.323332],[-71.79557,8.323884],[-71.792049,8.323018],[-71.78876,8.322471],[-71.785439,8.320779],[-71.783341,8.319788],[-71.780621,8.318458],[-71.778696,8.316114],[-71.776824,8.314709],[-71.774743,8.312962],[-71.771213,8.30809],[-71.769592,8.306317],[-71.769437,8.304098],[-71.77029,8.301596],[-71.770815,8.298274],[-71.771252,8.295386],[-71.772863,8.292856],[-71.773919,8.289895],[-71.771873,8.28666],[-71.766297,8.278392],[-71.764255,8.275729],[-71.763127,8.272441],[-71.762337,8.26835],[-71.761576,8.264899],[-71.760877,8.260624],[-71.760673,8.258061],[-71.759966,8.255686],[-71.758474,8.252927],[-71.756641,8.250537],[-71.7546,8.247943],[-71.752824,8.246972],[-71.751019,8.245154],[-71.750333,8.242618],[-71.750639,8.240579],[-71.750036,8.241151],[-71.749473,8.242915],[-71.749636,8.245622],[-71.749701,8.247981],[-71.750455,8.249973],[-71.751721,8.251513],[-71.752987,8.253054],[-71.754163,8.254509],[-71.754371,8.255728],[-71.753818,8.257842],[-71.753501,8.258987],[-71.753188,8.260307],[-71.753207,8.261006],[-71.754182,8.261505],[-71.755668,8.261553],[-71.75691,8.26222],[-71.756956,8.26388],[-71.756466,8.265117],[-71.756306,8.265646],[-71.756432,8.267042],[-71.757077,8.26825],[-71.757403,8.270515],[-71.757537,8.272173],[-71.757253,8.274542],[-71.75661,8.27657],[-71.756033,8.280958],[-71.755972,8.281922],[-71.756343,8.2827],[-71.757316,8.283111],[-71.757794,8.284585],[-71.758618,8.285963],[-71.759343,8.286905],[-71.760003,8.288637],[-71.760415,8.2909],[-71.760503,8.294046],[-71.760168,8.297728],[-71.760515,8.300779],[-71.760874,8.30112],[-71.761136,8.301611]]]},"properties":{"Parroquia":"El Llano","Parroquia_pcode":"VE142102","Municipio":"Tovar","Municipio_pcode":"VE1421","Ciudad":"Mérida","adm0_name":"Venezuela (República Bolivariana de)","adm0_pcode":"VE","area_sqkm":13.54639355,"Parroquia_ref_name":"El Llano","center_lat":8.287771,"center_lon":-71.76612433}},{"type":"Feature","geometry":{"type":"Polygon","coordinates":[[[-71.689937,8.292499],[-71.694412,8.295044],[-71.702857,8.300409],[-71.705951,8.302349],[-71.709754,8.304976],[-71.713225,8.305761],[-71.715855,8.306551],[-71.719692,8.306988],[-71.722205,8.307548],[-71.725927,8.30764],[-71.727966,8.307857],[-71.731555,8.308757],[-71.736104,8.309765],[-71.738613,8.310556],[-71.741724,8.311344],[-71.744713,8.312247],[-71.747106,8.312808],[-71.748074,8.312341],[-71.752048,8.311623],[-71.753856,8.311266],[-71.756265,8.310789],[-71.75677,8.309172],[-71.75716,8.307209],[-71.758406,8.304319],[-71.760239,8.302232],[-71.761136,8.301611],[-71.760874,8.30112],[-71.760515,8.300779],[-71.760168,8.297728],[-71.760503,8.294046],[-71.760415,8.2909],[-71.760003,8.288637],[-71.759343,8.286905],[-71.758618,8.285963],[-71.757794,8.284585],[-71.757316,8.283111],[-71.756343,8.2827],[-71.755972,8.281922],[-71.756033,8.280958],[-71.75661,8.27657],[-71.757253,8.274542],[-71.757537,8.272173],[-71.757403,8.270515],[-71.757077,8.26825],[-71.756432,8.267042],[-71.756306,8.265646],[-71.756466,8.265117],[-71.756956,8.26388],[-71.75691,8.26222],[-71.755668,8.261553],[-71.754182,8.261505],[-71.753207,8.261006],[-71.753188,8.260307],[-71.753501,8.258987],[-71.753818,8.257842],[-71.754371,8.255728],[-71.754163,8.254509],[-71.752987,8.253054],[-71.751721,8.251513],[-71.750455,8.249973],[-71.749701,8.247981],[-71.749636,8.245622],[-71.749473,8.242915],[-71.750036,8.241151],[-71.750639,8.240579],[-71.751456,8.239314],[-71.748627,8.241669],[-71.74542,8.245676],[-71.741881,8.248358],[-71.736314,8.253114],[-71.733665,8.25524],[-71.731494,8.256606],[-71.729087,8.257173],[-71.726271,8.258316],[-71.722859,8.259668],[-71.721256,8.260298],[-71.717276,8.259297],[-71.713979,8.257696],[-71.710917,8.256665],[-71.708603,8.257552],[-71.705527,8.260734],[-71.703137,8.263521],[-71.700907,8.266261],[-71.697827,8.269009],[-71.695974,8.272982],[-71.695683,8.276968],[-71.694608,8.280615],[-71.693741,8.284422],[-71.692459,8.287956],[-71.691055,8.290622],[-71.690423,8.292023],[-71.689937,8.292499]]]},"properties":{"Parroquia":"San Francisco","Parroquia_pcode":"VE142103","Municipio":"Tovar","Municipio_pcode":"VE1421","Ciudad":"Mérida","adm0_name":"Venezuela (República Bolivariana de)","adm0_pcode":"VE","area_sqkm":38.94824533,"Parroquia_ref_name":"San Francisco","center_lat":8.275556,"center_lon":-71.72635879}},{"type":"Feature","geometry":{"type":"Polygon","coordinates":[[[-71.677326,8.300634],[-71.677595,8.302807],[-71.677515,8.30441],[-71.676908,8.306131],[-71.675139,8.309051],[-71.674774,8.312466],[-71.675864,8.31683],[-71.676834,8.320646],[-71.677375,8.325129],[-71.676617,8.328156],[-71.675263,8.329759],[-71.67524,8.32976],[-71.675222,8.330905],[-71.675737,8.33214],[-71.677208,8.335502],[-71.678835,8.337787],[-71.680211,8.340622],[-71.679318,8.342206],[-71.676858,8.344599],[-71.676953,8.345057],[-71.676705,8.346387],[-71.676969,8.348493],[-71.677467,8.351218],[-71.67819,8.352681],[-71.679775,8.355882],[-71.68138,8.358235],[-71.681688,8.359998],[-71.680967,8.363645],[-71.681824,8.364122],[-71.684162,8.365418],[-71.688684,8.369249],[-71.689059,8.370324],[-71.688657,8.370541],[-71.687525,8.370641],[-71.685657,8.371205],[-71.684989,8.371622],[-71.684095,8.372615],[-71.68262,8.373291],[-71.680499,8.374177],[-71.679648,8.37478],[-71.678708,8.375841],[-71.676839,8.376382],[-71.67359,8.377919],[-71.673205,8.379023],[-71.671779,8.380019],[-71.670049,8.380605],[-71.671913,8.382903],[-71.672754,8.384985],[-71.67415,8.387133],[-71.674717,8.389834],[-71.676117,8.392692],[-71.677461,8.393763],[-71.678716,8.395247],[-71.679255,8.39694],[-71.679245,8.398491],[-71.677872,8.401875],[-71.678732,8.401724],[-71.681753,8.400882],[-71.683822,8.398871],[-71.684591,8.396361],[-71.685987,8.393494],[-71.687937,8.391249],[-71.690095,8.390687],[-71.690883,8.390916],[-71.690821,8.391073],[-71.690844,8.391073],[-71.691474,8.392239],[-71.692082,8.393863],[-71.691834,8.395193],[-71.690782,8.397213],[-71.690566,8.400422],[-71.689514,8.402534],[-71.687051,8.404377],[-71.686371,8.407106],[-71.686945,8.411068],[-71.68885,8.413397],[-71.691282,8.414647],[-71.693297,8.415738],[-71.694184,8.41759],[-71.69565,8.419852],[-71.697161,8.421885],[-71.698902,8.423642],[-71.701104,8.425236],[-71.702061,8.427202],[-71.70466,8.429757],[-71.705751,8.430738],[-71.707441,8.431647],[-71.708925,8.432878],[-71.710323,8.435879],[-71.711523,8.433754],[-71.713563,8.432423],[-71.715851,8.431258],[-71.717565,8.429989],[-71.719316,8.42911],[-71.720791,8.428203],[-71.724059,8.428796],[-71.727051,8.428262],[-71.72968,8.426303],[-71.730854,8.424315],[-71.732581,8.422406],[-71.734335,8.420292],[-71.735109,8.418638],[-71.735896,8.417442],[-71.736325,8.416833],[-71.736776,8.417346],[-71.737362,8.415848],[-71.738353,8.41596],[-71.739718,8.413724],[-71.740628,8.412165],[-71.739668,8.410544],[-71.739238,8.407928],[-71.739656,8.405604],[-71.739672,8.403752],[-71.740245,8.400654],[-71.740476,8.398441],[-71.7418,8.395929],[-71.743009,8.392249],[-71.744086,8.389367],[-71.744812,8.386729],[-71.746022,8.386274],[-71.747158,8.385016],[-71.748643,8.384681],[-71.75018,8.38302],[-71.75154,8.380944],[-71.752341,8.379108],[-71.751971,8.376928],[-71.751284,8.375495],[-71.751176,8.375154],[-71.751176,8.375154],[-71.750288,8.372342],[-71.750576,8.369626],[-71.75069,8.367479],[-71.751723,8.365579],[-71.751891,8.364188],[-71.752395,8.362163],[-71.752715,8.360157],[-71.752704,8.357367],[-71.752516,8.355305],[-71.753989,8.354466],[-71.755662,8.353997],[-71.757816,8.352623],[-71.759708,8.35161],[-71.76099,8.351064],[-71.764292,8.347926],[-71.783461,8.326599],[-71.783407,8.32659],[-71.756358,8.333555],[-71.755564,8.33327],[-71.756077,8.32453],[-71.751705,8.323315],[-71.751506,8.322446],[-71.751925,8.321822],[-71.753291,8.320649],[-71.754409,8.320007],[-71.754921,8.319556],[-71.755246,8.318673],[-71.755842,8.318132],[-71.757113,8.316699],[-71.758488,8.315875],[-71.759712,8.314377],[-71.759921,8.310852],[-71.760013,8.307877],[-71.760724,8.305147],[-71.761466,8.303553],[-71.761519,8.302327],[-71.761136,8.301611],[-71.760239,8.302232],[-71.758406,8.304319],[-71.75716,8.307209],[-71.75677,8.309172],[-71.756265,8.310789],[-71.753856,8.311266],[-71.752048,8.311623],[-71.748074,8.312341],[-71.747106,8.312808],[-71.744713,8.312247],[-71.741724,8.311344],[-71.738613,8.310556],[-71.736104,8.309765],[-71.731555,8.308757],[-71.727966,8.307857],[-71.725927,8.30764],[-71.722205,8.307548],[-71.719692,8.306988],[-71.715855,8.306551],[-71.713225,8.305761],[-71.709754,8.304976],[-71.705951,8.302349],[-71.702857,8.300409],[-71.694412,8.295044],[-71.689937,8.292499],[-71.688986,8.29343],[-71.685918,8.29462],[-71.683407,8.296767],[-71.681375,8.298292],[-71.679407,8.299405],[-71.678284,8.299711],[-71.677326,8.300634]]]},"properties":{"Parroquia":"Tovar","Parroquia_pcode":"VE142104","Municipio":"Tovar","Municipio_pcode":"VE1421","Ciudad":"Mérida","adm0_name":"Venezuela (República Bolivariana de)","adm0_pcode":"VE","area_sqkm":106.37290854,"Parroquia_ref_name":"Tovar","center_lat":8.364803,"center_lon":-71.71743463}},{"type":"Feature","geometry":{"type":"Polygon","coordinates":[[[-71.170838,9.163382],[-71.171021,9.164289],[-71.171013,9.164803],[-71.171005,9.165302],[-71.170881,9.166594],[-71.170599,9.167223],[-71.170292,9.16783],[-71.170518,9.168422],[-71.170839,9.16908],[-71.171304,9.169941],[-71.171327,9.1707],[-71.171161,9.171372],[-71.171257,9.171484],[-71.171864,9.171651],[-71.172003,9.172429],[-71.17209,9.173002],[-71.172453,9.173521],[-71.172959,9.173414],[-71.174035,9.172992],[-71.174719,9.17341],[-71.174934,9.174439],[-71.176277,9.174378],[-71.177087,9.174378],[-71.177328,9.175475],[-71.177394,9.176141],[-71.177276,9.176834],[-71.177481,9.177496],[-71.178267,9.178232],[-71.178536,9.178708],[-71.179009,9.179063],[-71.17957,9.179231],[-71.18057,9.179386],[-71.181197,9.179437],[-71.181855,9.178958],[-71.182532,9.178387],[-71.182694,9.179141],[-71.182516,9.179399],[-71.182175,9.180376],[-71.181982,9.18091],[-71.182334,9.181061],[-71.183069,9.180856],[-71.184178,9.179996],[-71.185074,9.179764],[-71.185607,9.179771],[-71.185908,9.180545],[-71.186015,9.181025],[-71.186581,9.181377],[-71.187086,9.182007],[-71.186826,9.182612],[-71.186441,9.1829],[-71.185923,9.183398],[-71.186052,9.183831],[-71.186729,9.184019],[-71.187708,9.184244],[-71.188355,9.184179],[-71.189137,9.183237],[-71.189501,9.182996],[-71.189984,9.18289],[-71.190186,9.18346],[-71.190016,9.183971],[-71.189779,9.184576],[-71.190464,9.185039],[-71.191265,9.184717],[-71.191926,9.184353],[-71.192377,9.184732],[-71.192949,9.185267],[-71.193381,9.185761],[-71.194018,9.18618],[-71.194573,9.186141],[-71.195142,9.185803],[-71.195381,9.185267],[-71.195986,9.184582],[-71.196525,9.184797],[-71.196547,9.185556],[-71.196351,9.185975],[-71.196745,9.186769],[-71.197189,9.186895],[-71.197707,9.187156],[-71.198461,9.187595],[-71.198768,9.18777],[-71.199669,9.18848],[-71.200198,9.189132],[-71.20083,9.189367],[-71.20161,9.189115],[-71.201903,9.189636],[-71.202249,9.190362],[-71.202852,9.191173],[-71.203283,9.190885],[-71.2039,9.190591],[-71.204295,9.190649],[-71.204687,9.191351],[-71.205106,9.191431],[-71.205392,9.190134],[-71.206129,9.189998],[-71.206769,9.189726],[-71.207784,9.189605],[-71.208598,9.189697],[-71.209236,9.190139],[-71.209975,9.190854],[-71.210523,9.191368],[-71.211238,9.192037],[-71.211678,9.19283],[-71.21251,9.193542],[-71.212912,9.194612],[-71.213566,9.195583],[-71.21411,9.195935],[-71.21491,9.19559],[-71.215277,9.195615],[-71.215629,9.195639],[-71.216278,9.195643],[-71.216902,9.195602],[-71.217542,9.196113],[-71.218375,9.196986],[-71.218558,9.197262],[-71.218903,9.197554],[-71.219638,9.197875],[-71.218925,9.193781],[-71.219827,9.192249],[-71.220919,9.190967],[-71.221527,9.188497],[-71.221771,9.186447],[-71.221605,9.186196],[-71.219812,9.187121],[-71.219554,9.186918],[-71.218116,9.186872],[-71.21848,9.186429],[-71.220124,9.186357],[-71.220952,9.185976],[-71.221077,9.185101],[-71.221125,9.183812],[-71.220762,9.182852],[-71.221328,9.180635],[-71.222853,9.177507],[-71.223026,9.176745],[-71.220782,9.17563],[-71.219374,9.174525],[-71.219363,9.173859],[-71.219457,9.171142],[-71.220369,9.170208],[-71.220692,9.168755],[-71.221026,9.167875],[-71.222006,9.166871],[-71.223265,9.164506],[-71.223689,9.16393],[-71.223776,9.163811],[-71.224171,9.163273],[-71.223475,9.16281],[-71.222664,9.162788],[-71.222077,9.162528],[-71.221522,9.162567],[-71.220907,9.162884],[-71.220394,9.162761],[-71.219472,9.162902],[-71.218995,9.162456],[-71.218677,9.161867],[-71.218559,9.161042],[-71.21849,9.160261],[-71.218024,9.159377],[-71.21738,9.158775],[-71.21662,9.158129],[-71.215588,9.157676],[-71.214423,9.156674],[-71.213291,9.15597],[-71.212062,9.155131],[-71.211353,9.153863],[-71.210793,9.152958],[-71.210317,9.151729],[-71.209726,9.15055],[-71.209517,9.149751],[-71.209443,9.148832],[-71.209211,9.148034],[-71.208743,9.147081],[-71.208282,9.146381],[-71.208009,9.145767],[-71.206808,9.144283],[-71.205428,9.143057],[-71.204008,9.14204],[-71.203053,9.141078],[-71.202802,9.139658],[-71.20278,9.13814],[-71.202846,9.137218],[-71.203278,9.136193],[-71.203316,9.135134],[-71.2024,9.134677],[-71.201327,9.134431],[-71.200701,9.134403],[-71.201175,9.133216],[-71.200926,9.132602],[-71.200385,9.131536],[-71.199765,9.130956],[-71.19936,9.130553],[-71.199453,9.129791],[-71.199985,9.128994],[-71.198907,9.128565],[-71.198378,9.128672],[-71.197623,9.12821],[-71.197336,9.127114],[-71.19656,9.125917],[-71.195016,9.124626],[-71.194422,9.124091],[-71.193643,9.124367],[-71.192672,9.124417],[-71.192374,9.123759],[-71.192364,9.122631],[-71.192383,9.12171],[-71.191943,9.12094],[-71.191318,9.120935],[-71.190709,9.120699],[-71.190346,9.120157],[-71.189523,9.118961],[-71.188413,9.118234],[-71.187544,9.117821],[-71.186236,9.118204],[-71.185083,9.118352],[-71.183294,9.117367],[-71.182054,9.116989],[-71.180886,9.116631],[-71.179128,9.116681],[-71.17807,9.116918],[-71.17717,9.117036],[-71.176086,9.117159],[-71.175373,9.117317],[-71.174793,9.118071],[-71.174205,9.118548],[-71.173686,9.118218],[-71.173247,9.117471],[-71.173001,9.116971],[-71.172618,9.116545],[-71.171737,9.115741],[-71.170806,9.115561],[-71.170494,9.116766],[-71.169865,9.117429],[-71.168988,9.118283],[-71.168512,9.118641],[-71.16774,9.118364],[-71.168109,9.117548],[-71.16835,9.117081],[-71.168179,9.116004],[-71.167467,9.115403],[-71.16677,9.115331],[-71.166367,9.11578],[-71.16645,9.116261],[-71.166444,9.116814],[-71.165158,9.11639],[-71.164232,9.116416],[-71.16288,9.116892],[-71.161456,9.116496],[-71.161168,9.115353],[-71.161041,9.114205],[-71.160779,9.113178],[-71.160374,9.111993],[-71.160337,9.111533],[-71.160534,9.110377],[-71.159821,9.10973],[-71.158902,9.110792],[-71.158376,9.111796],[-71.157557,9.11228],[-71.15648,9.111896],[-71.155089,9.111062],[-71.153497,9.11044],[-71.152156,9.109719],[-71.152186,9.109165],[-71.151966,9.107998],[-71.151175,9.107077],[-71.150736,9.106354],[-71.149926,9.105548],[-71.148965,9.105944],[-71.148559,9.106301],[-71.147572,9.105822],[-71.147452,9.104882],[-71.146887,9.103794],[-71.145311,9.102942],[-71.144346,9.101634],[-71.143515,9.100945],[-71.142879,9.102136],[-71.142026,9.102276],[-71.140962,9.100741],[-71.13937,9.09936],[-71.136429,9.098569],[-71.13511,9.097824],[-71.133487,9.097732],[-71.132285,9.097789],[-71.131347,9.095837],[-71.130759,9.093944],[-71.128457,9.094401],[-71.126931,9.094467],[-71.124763,9.092389],[-71.124096,9.090981],[-71.123205,9.08981],[-71.121534,9.088868],[-71.120119,9.088011],[-71.119055,9.087258],[-71.118219,9.085579],[-71.117472,9.084588],[-71.115142,9.084079],[-71.112804,9.083363],[-71.111852,9.082557],[-71.10997,9.084923],[-71.109,9.086142],[-71.104904,9.091291],[-71.098598,9.099217],[-71.098703,9.100192],[-71.099788,9.101063],[-71.102576,9.102261],[-71.10392,9.102595],[-71.104551,9.102941],[-71.105194,9.104085],[-71.106094,9.104515],[-71.107013,9.106188],[-71.107821,9.106441],[-71.109249,9.106418],[-71.110247,9.107379],[-71.110816,9.109413],[-71.111813,9.110373],[-71.112263,9.110544],[-71.112892,9.1108],[-71.113614,9.111321],[-71.114781,9.111658],[-71.115408,9.111825],[-71.115872,9.112883],[-71.116249,9.114121],[-71.116434,9.114562],[-71.116444,9.115184],[-71.115735,9.115551],[-71.114844,9.115654],[-71.114405,9.116106],[-71.114504,9.116726],[-71.114692,9.117345],[-71.114885,9.11823],[-71.115431,9.118843],[-71.115888,9.119546],[-71.116885,9.120418],[-71.118324,9.121105],[-71.119136,9.121625],[-71.119594,9.122328],[-71.119788,9.123302],[-71.120331,9.123737],[-71.12114,9.12408],[-71.121684,9.124604],[-71.122147,9.125662],[-71.123593,9.126705],[-71.124498,9.127489],[-71.126552,9.127456],[-71.127008,9.12807],[-71.127198,9.128778],[-71.128188,9.129294],[-71.128465,9.129823],[-71.128477,9.130622],[-71.128134,9.131516],[-71.128143,9.132049],[-71.127977,9.132851],[-71.127447,9.133215],[-71.126297,9.133856],[-71.126392,9.13421],[-71.127841,9.135519],[-71.128837,9.136391],[-71.128849,9.137101],[-71.128045,9.137114],[-71.126618,9.137227],[-71.126268,9.137676],[-71.127269,9.138815],[-71.127983,9.138803],[-71.128614,9.139148],[-71.128796,9.139412],[-71.128538,9.140038],[-71.128013,9.140668],[-71.128207,9.141642],[-71.128568,9.141903],[-71.129015,9.141896],[-71.129723,9.141529],[-71.130889,9.141776],[-71.13126,9.142658],[-71.131097,9.143638],[-71.13075,9.144266],[-71.130674,9.145066],[-71.130052,9.145254],[-71.129158,9.145269],[-71.128894,9.14554],[-71.129352,9.146243],[-71.129366,9.147131],[-71.129285,9.147665],[-71.129917,9.14801],[-71.130709,9.147287],[-71.13151,9.147096],[-71.131958,9.147177],[-71.132053,9.147696],[-71.132153,9.14824],[-71.132215,9.148585],[-71.132577,9.150603],[-71.132656,9.151042],[-71.132667,9.151089],[-71.132722,9.151067],[-71.133692,9.151753],[-71.134352,9.152932],[-71.135013,9.153373],[-71.13547,9.153153],[-71.135503,9.152715],[-71.135732,9.151856],[-71.135952,9.151459],[-71.136615,9.151164],[-71.137092,9.151633],[-71.137581,9.152517],[-71.138143,9.153491],[-71.138513,9.153504],[-71.138737,9.153243],[-71.138619,9.152372],[-71.13858,9.151821],[-71.13924,9.151457],[-71.139722,9.151305],[-71.140458,9.151123],[-71.141566,9.151],[-71.142096,9.150939],[-71.142885,9.15018],[-71.1437,9.149559],[-71.144188,9.149637],[-71.144674,9.150405],[-71.145258,9.151355],[-71.146007,9.15161],[-71.146706,9.150992],[-71.147649,9.149998],[-71.147836,9.150039],[-71.148275,9.150786],[-71.148784,9.151577],[-71.149638,9.152243],[-71.150843,9.153842],[-71.152312,9.154974],[-71.153492,9.155722],[-71.153545,9.155169],[-71.153495,9.15425],[-71.153944,9.153754],[-71.154583,9.153436],[-71.155385,9.153137],[-71.155667,9.154073],[-71.156737,9.155009],[-71.157247,9.15504],[-71.157961,9.155687],[-71.158226,9.156807],[-71.158498,9.157397],[-71.158558,9.158639],[-71.159218,9.159817],[-71.160221,9.159282],[-71.16075,9.158392],[-71.160842,9.157584],[-71.161084,9.15714],[-71.161749,9.156937],[-71.162136,9.158283],[-71.161651,9.15908],[-71.161254,9.159759],[-71.161035,9.160202],[-71.160434,9.161002],[-71.161467,9.161478],[-71.162831,9.161416],[-71.163636,9.161992],[-71.164824,9.163016],[-71.165285,9.162957],[-71.166066,9.161968],[-71.16695,9.161322],[-71.16842,9.161694],[-71.168954,9.16253],[-71.168624,9.163092],[-71.168181,9.163795],[-71.168588,9.164243],[-71.168811,9.164167],[-71.169551,9.163917],[-71.170173,9.163025],[-71.170804,9.163214],[-71.170838,9.163382]]]},"properties":{"Parroquia":"Independencia","Parroquia_pcode":"VE142202","Municipio":"Tulio Febres Cordero","Municipio_pcode":"VE1422","Ciudad":"Mérida","adm0_name":"Venezuela (República Bolivariana de)","adm0_pcode":"VE","area_sqkm":66.17961281,"Parroquia_ref_name":"Independencia","center_lat":9.140353,"center_lon":-71.16560041}},{"type":"Feature","geometry":{"type":"Polygon","coordinates":[[[-70.918339,9.129477],[-70.919726,9.129746],[-70.920886,9.130437],[-70.922432,9.131075],[-70.923478,9.131979],[-70.924319,9.134116],[-70.926583,9.136192],[-70.926944,9.135934],[-70.928602,9.137291],[-70.929724,9.138815],[-70.930561,9.141128],[-70.93081,9.141928],[-70.931507,9.14256],[-70.93302,9.142413],[-70.935054,9.142805],[-70.936999,9.143285],[-70.937791,9.143654],[-70.939692,9.146076],[-70.939927,9.146374],[-70.94148,9.148336],[-70.94168,9.148588],[-70.942544,9.149665],[-70.944403,9.149966],[-70.944847,9.149975],[-70.945482,9.149369],[-70.946459,9.149387],[-70.948214,9.150393],[-70.948728,9.150644],[-70.949509,9.151025],[-70.949756,9.151172],[-70.959857,9.142958],[-70.988225,9.11989],[-70.999904,9.110393],[-70.999393,9.109374],[-70.99885,9.108038],[-70.998342,9.106921],[-70.997648,9.105131],[-70.997577,9.104947],[-70.996997,9.103548],[-70.99533,9.102904],[-70.994091,9.102671],[-70.993501,9.10256],[-70.992112,9.102169],[-70.988801,9.101915],[-70.988036,9.100905],[-70.988337,9.099758],[-70.987434,9.099001],[-70.986414,9.097371],[-70.986159,9.096614],[-70.985302,9.095283],[-70.984051,9.093791],[-70.982847,9.092735],[-70.981457,9.09106],[-70.979905,9.088857],[-70.979464,9.086333],[-70.978491,9.084314],[-70.975272,9.08149],[-70.97416,9.078415],[-70.972608,9.075639],[-70.970917,9.072472],[-70.968369,9.070083],[-70.968165,9.073488],[-70.968744,9.075442],[-70.968613,9.077383],[-70.967825,9.080902],[-70.967262,9.082304],[-70.967138,9.083892],[-70.967207,9.084777],[-70.966655,9.085649],[-70.965208,9.086858],[-70.964656,9.087731],[-70.964282,9.088607],[-70.964868,9.090209],[-70.964679,9.090735],[-70.964235,9.090726],[-70.96273,9.090521],[-70.962539,9.091135],[-70.962699,9.091934],[-70.963131,9.092472],[-70.963121,9.092913],[-70.961568,9.094915],[-70.961456,9.095973],[-70.96176,9.098276],[-70.961645,9.099511],[-70.961085,9.100736],[-70.960454,9.101166],[-70.96034,9.102312],[-70.960301,9.104078],[-70.959828,9.105394],[-70.958714,9.107581],[-70.957786,9.109419],[-70.955767,9.112384],[-70.954761,9.11369],[-70.95447,9.114833],[-70.954354,9.116067],[-70.954865,9.117049],[-70.954846,9.117932],[-70.954564,9.118633],[-70.954193,9.119333],[-70.952663,9.120275],[-70.95129,9.122103],[-70.94975,9.123487],[-70.948215,9.124606],[-70.946876,9.124933],[-70.946158,9.125273],[-70.944332,9.127534],[-70.94332,9.129105],[-70.941255,9.130125],[-70.939927,9.129922],[-70.939217,9.129909],[-70.938665,9.130781],[-70.936695,9.13145],[-70.935363,9.131424],[-70.934565,9.131409],[-70.931192,9.129161],[-70.930354,9.127512],[-70.918339,9.129477]]]},"properties":{"Parroquia":"María de la Concepción Palacios Blanco","Parroquia_pcode":"VE142203","Municipio":"Tulio Febres Cordero","Municipio_pcode":"VE1422","Ciudad":"Mérida","adm0_name":"Venezuela (República Bolivariana de)","adm0_pcode":"VE","area_sqkm":25.86962942,"Parroquia_ref_name":"Maria de la Concepcion Palacios Blanco","center_lat":9.11138831,"center_lon":-70.97756228}},{"type":"Feature","geometry":{"type":"Polygon","coordinates":[[[-71.097136,9.052564],[-71.097146,9.052577],[-71.098169,9.05314],[-71.098163,9.053082],[-71.097843,9.051641],[-71.097946,9.049613],[-71.099151,9.048107],[-71.099908,9.047073],[-71.100339,9.045979],[-71.099771,9.043587],[-71.123244,9.027545],[-71.235881,8.950569],[-71.235463,8.95006],[-71.234409,8.949353],[-71.233353,8.948508],[-71.23256,8.947174],[-71.232221,8.946494],[-71.232246,8.945668],[-71.232259,8.945254],[-71.232941,8.943974],[-71.233147,8.942982],[-71.233256,8.940891],[-71.233206,8.940777],[-71.232744,8.939734],[-71.232737,8.939436],[-71.233063,8.937729],[-71.232666,8.93751],[-71.232266,8.937153],[-71.23184,8.935787],[-71.23176,8.934412],[-71.231364,8.933275],[-71.231018,8.932366],[-71.231014,8.932205],[-71.230811,8.931453],[-71.230232,8.931284],[-71.228197,8.930923],[-71.227396,8.930209],[-71.227093,8.930056],[-71.225243,8.929714],[-71.223733,8.928238],[-71.222602,8.927165],[-71.221944,8.926631],[-71.221053,8.925965],[-71.220106,8.925852],[-71.219245,8.926425],[-71.21884,8.926802],[-71.218,8.927283],[-71.217166,8.927074],[-71.215758,8.926927],[-71.215367,8.926937],[-71.212876,8.926748],[-71.211569,8.926942],[-71.210035,8.927302],[-71.207736,8.926535],[-71.206233,8.926252],[-71.204429,8.925908],[-71.203636,8.925515],[-71.201154,8.92567],[-71.198601,8.927663],[-71.196264,8.92809],[-71.193453,8.927083],[-71.189825,8.926532],[-71.186784,8.926426],[-71.184381,8.926097],[-71.179283,8.924804],[-71.178045,8.924055],[-71.175912,8.923444],[-71.173848,8.923772],[-71.170857,8.923871],[-71.169057,8.922723],[-71.166772,8.921565],[-71.16579,8.92097],[-71.164154,8.920874],[-71.159155,8.920113],[-71.157942,8.917994],[-71.157582,8.915874],[-71.157538,8.911912],[-71.156537,8.909948],[-71.154393,8.908267],[-71.153159,8.907821],[-71.150717,8.905392],[-71.150616,8.90267],[-71.150362,8.896996],[-71.148222,8.894651],[-71.146952,8.89132],[-71.147375,8.888376],[-71.147739,8.886602],[-71.14575,8.886337],[-71.143182,8.888379],[-71.140411,8.88896],[-71.13699,8.888598],[-71.134493,8.887454],[-71.130549,8.885686],[-71.127215,8.883488],[-71.125125,8.882081],[-71.121745,8.880709],[-71.117886,8.879465],[-71.115513,8.879486],[-71.111842,8.881649],[-71.110148,8.881193],[-71.107587,8.881882],[-71.105449,8.88366],[-71.104046,8.885348],[-71.102447,8.887477],[-71.099353,8.890472],[-71.09666,8.892998],[-71.093714,8.894729],[-71.090239,8.8973],[-71.087702,8.898859],[-71.085702,8.900609],[-71.084364,8.903006],[-71.080838,8.904593],[-71.079351,8.903329],[-71.078094,8.902081],[-71.077393,8.900886],[-71.076087,8.899548],[-71.073614,8.900052],[-71.070974,8.901202],[-71.067703,8.901224],[-71.064334,8.901066],[-71.062094,8.89925],[-71.06152,8.897708],[-71.061341,8.895445],[-71.060247,8.893437],[-71.057842,8.893114],[-71.053865,8.893408],[-71.04887,8.893569],[-71.04486,8.89352],[-71.041947,8.893188],[-71.03739,8.89336],[-71.035382,8.893255],[-71.035615,8.894165],[-71.036299,8.895543],[-71.036808,8.898072],[-71.036248,8.900263],[-71.035108,8.902311],[-71.033103,8.905551],[-71.031086,8.90918],[-71.030997,8.911771],[-71.031554,8.912718],[-71.032494,8.915005],[-71.033299,8.919014],[-71.034148,8.922977],[-71.035754,8.929277],[-71.03684,8.932591],[-71.03703,8.935243],[-71.036092,8.936323],[-71.035691,8.939266],[-71.036028,8.940562],[-71.035669,8.943366],[-71.03422,8.945926],[-71.031623,8.948609],[-71.03033,8.95096],[-71.030034,8.953533],[-71.028454,8.956349],[-71.02666,8.95972],[-71.026232,8.962503],[-71.025931,8.964917],[-71.024135,8.966616],[-71.02142,8.968386],[-71.019988,8.969891],[-71.019076,8.971864],[-71.017947,8.974323],[-71.016909,8.975909],[-71.016064,8.980285],[-71.017332,8.98112],[-71.019714,8.982223],[-71.021249,8.983554],[-71.023207,8.987578],[-71.024226,8.994285],[-71.023472,8.996161],[-71.021286,8.997163],[-71.022875,8.999532],[-71.023971,9.001447],[-71.025532,9.003471],[-71.0271,9.00584],[-71.027686,9.007763],[-71.029351,9.010498],[-71.031461,9.012076],[-71.03355,9.013724],[-71.035851,9.015668],[-71.038967,9.016403],[-71.041757,9.017028],[-71.044271,9.017749],[-71.04754,9.017907],[-71.050357,9.020119],[-71.051944,9.022303],[-71.053857,9.023148],[-71.057227,9.022338],[-71.060216,9.022385],[-71.062387,9.021916],[-71.064652,9.023031],[-71.064816,9.024593],[-71.066063,9.027242],[-71.06759,9.028553],[-71.068479,9.032036],[-71.069837,9.032935],[-71.072168,9.033751],[-71.074694,9.033759],[-71.078238,9.035177],[-71.079977,9.036692],[-71.081921,9.037996],[-71.083367,9.038572],[-71.083902,9.040197],[-71.084886,9.040872],[-71.085653,9.042494],[-71.086457,9.043493],[-71.087925,9.04544],[-71.087949,9.045472],[-71.089216,9.046465],[-71.090853,9.046003],[-71.091482,9.046223],[-71.092292,9.047157],[-71.092309,9.047177],[-71.0943,9.048503],[-71.094863,9.050335],[-71.095867,9.050872],[-71.096554,9.051804],[-71.096568,9.051822],[-71.097043,9.052442],[-71.097136,9.052564]]]},"properties":{"Parroquia":"Santa Apolonia","Parroquia_pcode":"VE142204","Municipio":"Tulio Febres Cordero","Municipio_pcode":"VE1422","Ciudad":"Mérida","adm0_name":"Venezuela (República Bolivariana de)","adm0_pcode":"VE","area_sqkm":257.84834642,"Parroquia_ref_name":"Santa Apolonia","center_lat":8.9657665,"center_lon":-71.11933778}},{"type":"Feature","geometry":{"type":"Polygon","coordinates":[[[-71.710323,8.435879],[-71.710624,8.439178],[-71.711449,8.440636],[-71.710249,8.442715],[-71.709884,8.44472],[-71.707996,8.446579],[-71.707092,8.450014],[-71.706149,8.453128],[-71.705718,8.456046],[-71.707398,8.457453],[-71.709043,8.458378],[-71.709969,8.459403],[-71.711114,8.461005],[-71.712109,8.463153],[-71.712062,8.464272],[-71.711379,8.465996],[-71.710673,8.467697],[-71.710015,8.469353],[-71.711206,8.469858],[-71.710134,8.472466],[-71.710494,8.474051],[-71.712004,8.475888],[-71.713804,8.477114],[-71.71435,8.478612],[-71.714691,8.479991],[-71.713049,8.481146],[-71.711275,8.480882],[-71.710273,8.481296],[-71.708995,8.483831],[-71.70893,8.485819],[-71.708958,8.487786],[-71.708964,8.48973],[-71.711365,8.489802],[-71.712513,8.491266],[-71.713413,8.492451],[-71.714855,8.493121],[-71.716491,8.494435],[-71.719022,8.496064],[-71.722105,8.497819],[-71.722615,8.498858],[-71.724273,8.499167],[-71.725217,8.500421],[-71.72475,8.503979],[-71.725222,8.504722],[-71.725803,8.504539],[-71.731119,8.50049],[-71.746883,8.493223],[-71.747135,8.492245],[-71.747373,8.490786],[-71.747869,8.490293],[-71.747405,8.489232],[-71.749197,8.488651],[-71.749403,8.487649],[-71.74866,8.486958],[-71.747254,8.486239],[-71.746394,8.48468],[-71.746731,8.48218],[-71.746987,8.480605],[-71.746796,8.480238],[-71.745672,8.479699],[-71.744905,8.478139],[-71.743845,8.475566],[-71.743904,8.473162],[-71.744809,8.471393],[-71.745059,8.469355],[-71.745319,8.467964],[-71.746031,8.465736],[-71.746652,8.463601],[-71.747662,8.462662],[-71.749142,8.462086],[-71.749307,8.460605],[-71.748812,8.458486],[-71.74925,8.456631],[-71.749609,8.455701],[-71.751181,8.455032],[-71.752466,8.453812],[-71.752266,8.452798],[-71.751612,8.452622],[-71.751134,8.451705],[-71.751588,8.450959],[-71.752133,8.450027],[-71.751748,8.449108],[-71.751457,8.44828],[-71.75144,8.447079],[-71.750873,8.44644],[-71.75124,8.446065],[-71.752436,8.445124],[-71.752611,8.444382],[-71.752599,8.44355],[-71.752206,8.442077],[-71.752104,8.441431],[-71.753587,8.44104],[-71.753773,8.441037],[-71.754325,8.44066],[-71.754307,8.439366],[-71.75393,8.439002],[-71.753816,8.437524],[-71.781861,8.431402],[-71.79004,8.429616],[-71.796504,8.428205],[-71.797779,8.427927],[-71.798635,8.427651],[-71.798262,8.426769],[-71.79846,8.425392],[-71.79881,8.424391],[-71.799161,8.423391],[-71.800384,8.423084],[-71.801418,8.422273],[-71.801407,8.42076],[-71.801762,8.418831],[-71.803379,8.418636],[-71.804594,8.417319],[-71.807523,8.416448],[-71.809871,8.415215],[-71.811445,8.412429],[-71.813288,8.410647],[-71.813847,8.410106],[-71.813,8.410124],[-71.812959,8.405471],[-71.812211,8.403786],[-71.809652,8.400732],[-71.808053,8.398942],[-71.806135,8.397257],[-71.803471,8.395045],[-71.802296,8.392097],[-71.802077,8.388518],[-71.802392,8.385992],[-71.803878,8.383571],[-71.807173,8.380731],[-71.810892,8.377786],[-71.811791,8.377112],[-71.813975,8.375472],[-71.816525,8.373262],[-71.818117,8.370842],[-71.818118,8.370826],[-71.818533,8.364526],[-71.818106,8.363684],[-71.817996,8.361684],[-71.818837,8.359924],[-71.818951,8.359684],[-71.819905,8.357579],[-71.820221,8.355474],[-71.819792,8.353263],[-71.819575,8.351158],[-71.820105,8.349368],[-71.820316,8.348211],[-71.819887,8.34621],[-71.818073,8.343262],[-71.815622,8.340734],[-71.81232,8.338101],[-71.809125,8.335994],[-71.8071,8.334309],[-71.806034,8.332624],[-71.806087,8.332125],[-71.80609,8.332091],[-71.80356,8.332599],[-71.803089,8.332694],[-71.80228,8.332858],[-71.802275,8.332859],[-71.798409,8.336059],[-71.751176,8.375154],[-71.751284,8.375495],[-71.751971,8.376928],[-71.752341,8.379108],[-71.75154,8.380944],[-71.75018,8.38302],[-71.748643,8.384681],[-71.747158,8.385016],[-71.746022,8.386274],[-71.744812,8.386729],[-71.744086,8.389367],[-71.743009,8.392249],[-71.7418,8.395929],[-71.740476,8.398441],[-71.740245,8.400654],[-71.739672,8.403752],[-71.739656,8.405604],[-71.739238,8.407928],[-71.739668,8.410544],[-71.740628,8.412165],[-71.739718,8.413724],[-71.738353,8.41596],[-71.737362,8.415848],[-71.736776,8.417346],[-71.736325,8.416833],[-71.735896,8.417442],[-71.735109,8.418638],[-71.734335,8.420292],[-71.732581,8.422406],[-71.730854,8.424315],[-71.72968,8.426303],[-71.727051,8.428262],[-71.724059,8.428796],[-71.720791,8.428203],[-71.719316,8.42911],[-71.717565,8.429989],[-71.715851,8.431258],[-71.713563,8.432423],[-71.711523,8.433754],[-71.710323,8.435879]]]},"properties":{"Parroquia":"Capital Zea","Parroquia_pcode":"VE142301","Municipio":"Zea","Municipio_pcode":"VE1423","Ciudad":"Mérida","adm0_name":"Venezuela (República Bolivariana de)","adm0_pcode":"VE","area_sqkm":97.79876867,"Parroquia_ref_name":"Capital Zea","center_lat":8.4180389,"center_lon":-71.76971647}},{"type":"Feature","geometry":{"type":"Polygon","coordinates":[[[-71.746883,8.493223],[-71.748488,8.493827],[-71.749366,8.494966],[-71.750105,8.496078],[-71.749785,8.498107],[-71.749537,8.500023],[-71.751578,8.499676],[-71.751687,8.501118],[-71.752805,8.501827],[-71.752211,8.50369],[-71.753553,8.504747],[-71.752612,8.506671],[-71.754754,8.507012],[-71.755018,8.508778],[-71.753559,8.510029],[-71.75296,8.511069],[-71.752405,8.512178],[-71.751774,8.513629],[-71.75289,8.514406],[-71.7548,8.514788],[-71.754505,8.51341],[-71.754861,8.512982],[-71.756157,8.512894],[-71.757071,8.514491],[-71.758688,8.514546],[-71.758236,8.515155],[-71.757295,8.515936],[-71.757786,8.516792],[-71.758638,8.518067],[-71.758872,8.519032],[-71.758205,8.519979],[-71.759558,8.520487],[-71.76069,8.52051],[-71.761228,8.520177],[-71.760698,8.519],[-71.76094,8.518479],[-71.761361,8.518236],[-71.762412,8.518829],[-71.763978,8.520187],[-71.765099,8.521834],[-71.765452,8.523763],[-71.765368,8.525567],[-71.764899,8.527044],[-71.765798,8.528252],[-71.765596,8.529094],[-71.765493,8.530692],[-71.766415,8.531923],[-71.767611,8.532199],[-71.769428,8.532647],[-71.769916,8.533617],[-71.769892,8.534783],[-71.768347,8.534615],[-71.767529,8.535055],[-71.768384,8.536147],[-71.770181,8.537533],[-71.769395,8.53866],[-71.767664,8.539654],[-71.765857,8.539892],[-71.764808,8.540328],[-71.764965,8.541635],[-71.765289,8.542739],[-71.766324,8.544109],[-71.76775,8.544435],[-71.769379,8.543897],[-71.77119,8.543499],[-71.77187,8.54413],[-71.772896,8.545957],[-71.774836,8.548237],[-71.775566,8.548709],[-71.775584,8.548734],[-71.775584,8.548734],[-71.776255,8.54833],[-71.777245,8.547229],[-71.77722,8.543727],[-71.777537,8.541536],[-71.777073,8.538694],[-71.775374,8.533781],[-71.771961,8.521985],[-71.772168,8.519904],[-71.773075,8.518028],[-71.774025,8.516062],[-71.7767,8.513202],[-71.776772,8.513125],[-71.777864,8.51276],[-71.78005,8.513598],[-71.780901,8.51456],[-71.782721,8.513953],[-71.783532,8.513414],[-71.783853,8.513518],[-71.784033,8.513576],[-71.784626,8.513745],[-71.783542,8.511746],[-71.78272,8.509964],[-71.782405,8.50804],[-71.781514,8.506373],[-71.780544,8.503285],[-71.780044,8.501317],[-71.778916,8.499102],[-71.77768,8.497598],[-71.775837,8.495296],[-71.775101,8.492665],[-71.774803,8.489891],[-71.774488,8.487945],[-71.774194,8.485723],[-71.774106,8.483224],[-71.774485,8.481318],[-71.774642,8.479999],[-71.774681,8.479666],[-71.775267,8.477597],[-71.776113,8.476353],[-71.775803,8.475002],[-71.775115,8.472692],[-71.774515,8.469738],[-71.774291,8.467447],[-71.774667,8.465174],[-71.775456,8.462485],[-71.776434,8.460299],[-71.778087,8.458773],[-71.778978,8.457299],[-71.779061,8.456129],[-71.779369,8.453948],[-71.780284,8.452703],[-71.781287,8.450701],[-71.782593,8.449109],[-71.783677,8.448848],[-71.784559,8.449369],[-71.785477,8.448422],[-71.785329,8.44723],[-71.785179,8.44558],[-71.786004,8.444702],[-71.787348,8.445013],[-71.788071,8.44276],[-71.789681,8.441601],[-71.791171,8.439916],[-71.792179,8.438762],[-71.793622,8.436916],[-71.795257,8.43617],[-71.795969,8.435523],[-71.795822,8.434446],[-71.797036,8.432877],[-71.799089,8.432403],[-71.79945,8.431116],[-71.79921,8.429995],[-71.79911,8.428918],[-71.798803,8.428049],[-71.798635,8.427651],[-71.797779,8.427927],[-71.796504,8.428205],[-71.79004,8.429616],[-71.781861,8.431402],[-71.753816,8.437524],[-71.75393,8.439002],[-71.754307,8.439366],[-71.754325,8.44066],[-71.753773,8.441037],[-71.753587,8.44104],[-71.752104,8.441431],[-71.752206,8.442077],[-71.752599,8.44355],[-71.752611,8.444382],[-71.752436,8.445124],[-71.75124,8.446065],[-71.750873,8.44644],[-71.75144,8.447079],[-71.751457,8.44828],[-71.751748,8.449108],[-71.752133,8.450027],[-71.751588,8.450959],[-71.751134,8.451705],[-71.751612,8.452622],[-71.752266,8.452798],[-71.752466,8.453812],[-71.751181,8.455032],[-71.749609,8.455701],[-71.74925,8.456631],[-71.748812,8.458486],[-71.749307,8.460605],[-71.749142,8.462086],[-71.747662,8.462662],[-71.746652,8.463601],[-71.746031,8.465736],[-71.745319,8.467964],[-71.745059,8.469355],[-71.744809,8.471393],[-71.743904,8.473162],[-71.743845,8.475566],[-71.744905,8.478139],[-71.745672,8.479699],[-71.746796,8.480238],[-71.746987,8.480605],[-71.746731,8.48218],[-71.746394,8.48468],[-71.747254,8.486239],[-71.74866,8.486958],[-71.749403,8.487649],[-71.749197,8.488651],[-71.747405,8.489232],[-71.747869,8.490293],[-71.747373,8.490786],[-71.747135,8.492245],[-71.746883,8.493223]]]},"properties":{"Parroquia":"Caño el Tigre","Parroquia_pcode":"VE142302","Municipio":"Zea","Municipio_pcode":"VE1423","Ciudad":"Mérida","adm0_name":"Venezuela (República Bolivariana de)","adm0_pcode":"VE","area_sqkm":33.86469005,"Parroquia_ref_name":"Cano el Tigre","center_lat":8.48829822,"center_lon":-71.76190743}},{"type":"Feature","geometry":{"type":"Polygon","coordinates":[[[-71.102224,9.151768],[-71.102225,9.151769],[-71.10467,9.152394],[-71.107431,9.152546],[-71.108402,9.152472],[-71.109282,9.151711],[-71.110596,9.151512],[-71.111267,9.152253],[-71.112076,9.153012],[-71.112423,9.152979],[-71.113657,9.152438],[-71.114502,9.152805],[-71.11546,9.153123],[-71.116872,9.153106],[-71.118265,9.153205],[-71.119735,9.152818],[-71.121265,9.152061],[-71.122178,9.152426],[-71.122755,9.153123],[-71.123486,9.153586],[-71.124337,9.154183],[-71.125198,9.154296],[-71.126652,9.154922],[-71.127006,9.154383],[-71.127462,9.153358],[-71.128447,9.153767],[-71.129255,9.153675],[-71.129991,9.15347],[-71.130582,9.153108],[-71.131547,9.152827],[-71.131919,9.152103],[-71.131715,9.151464],[-71.132218,9.151266],[-71.132667,9.151089],[-71.132656,9.151042],[-71.132577,9.150603],[-71.132215,9.148585],[-71.132153,9.14824],[-71.132053,9.147696],[-71.131958,9.147177],[-71.13151,9.147096],[-71.130709,9.147287],[-71.129917,9.14801],[-71.129285,9.147665],[-71.129366,9.147131],[-71.129352,9.146243],[-71.128894,9.14554],[-71.129158,9.145269],[-71.130052,9.145254],[-71.130674,9.145066],[-71.13075,9.144266],[-71.131097,9.143638],[-71.13126,9.142658],[-71.130889,9.141776],[-71.129723,9.141529],[-71.129015,9.141896],[-71.128568,9.141903],[-71.128207,9.141642],[-71.128013,9.140668],[-71.128538,9.140038],[-71.128796,9.139412],[-71.128614,9.139148],[-71.127983,9.138803],[-71.127269,9.138815],[-71.126268,9.137676],[-71.126618,9.137227],[-71.128045,9.137114],[-71.128849,9.137101],[-71.128837,9.136391],[-71.127841,9.135519],[-71.126392,9.13421],[-71.126297,9.133856],[-71.127447,9.133215],[-71.127977,9.132851],[-71.128143,9.132049],[-71.128134,9.131516],[-71.128477,9.130622],[-71.128465,9.129823],[-71.128188,9.129294],[-71.127198,9.128778],[-71.127008,9.12807],[-71.126552,9.127456],[-71.124498,9.127489],[-71.123593,9.126705],[-71.122147,9.125662],[-71.121684,9.124604],[-71.12114,9.12408],[-71.120331,9.123737],[-71.119788,9.123302],[-71.119594,9.122328],[-71.119136,9.121625],[-71.118324,9.121105],[-71.116885,9.120418],[-71.115888,9.119546],[-71.115431,9.118843],[-71.114885,9.11823],[-71.114692,9.117345],[-71.114504,9.116726],[-71.114405,9.116106],[-71.114844,9.115654],[-71.115735,9.115551],[-71.116444,9.115184],[-71.116434,9.114562],[-71.116249,9.114121],[-71.115872,9.112883],[-71.115408,9.111825],[-71.114781,9.111658],[-71.113614,9.111321],[-71.112892,9.1108],[-71.112263,9.110544],[-71.111813,9.110373],[-71.110816,9.109413],[-71.110247,9.107379],[-71.109249,9.106418],[-71.107821,9.106441],[-71.107013,9.106188],[-71.106094,9.104515],[-71.105194,9.104085],[-71.104551,9.102941],[-71.10392,9.102595],[-71.102576,9.102261],[-71.099788,9.101063],[-71.098703,9.100192],[-71.098598,9.099217],[-71.104904,9.091291],[-71.109,9.086142],[-71.10997,9.084923],[-71.111852,9.082557],[-71.111119,9.081938],[-71.110804,9.079899],[-71.110556,9.078549],[-71.110127,9.077341],[-71.109125,9.075552],[-71.10822,9.07431],[-71.107991,9.073996],[-71.106989,9.072989],[-71.10636,9.072064],[-71.106037,9.070508],[-71.105841,9.069363],[-71.103879,9.067187],[-71.102831,9.066204],[-71.10166,9.064972],[-71.101008,9.063264],[-71.099464,9.06034],[-71.098209,9.058581],[-71.097735,9.05742],[-71.097917,9.055759],[-71.098322,9.054551],[-71.098169,9.05314],[-71.097146,9.052577],[-71.097136,9.052564],[-71.0964,9.052944],[-71.096013,9.053135],[-71.09583,9.053225],[-71.095652,9.053313],[-71.092794,9.054368],[-71.091637,9.054732],[-71.090789,9.054998],[-71.088293,9.056208],[-71.087754,9.056469],[-71.082935,9.057991],[-71.080562,9.058832],[-71.077136,9.059045],[-71.07457,9.05798],[-71.073308,9.057286],[-71.071696,9.057932],[-71.068526,9.058255],[-71.06313,9.058475],[-71.059447,9.058553],[-71.056205,9.058671],[-71.052467,9.058176],[-71.050294,9.057036],[-71.048301,9.054144],[-71.044978,9.049226],[-71.042521,9.047676],[-71.041093,9.045283],[-71.039777,9.044107],[-71.039271,9.04439],[-71.039295,9.045885],[-71.039193,9.048232],[-71.038589,9.051025],[-71.038091,9.053263],[-71.038269,9.055698],[-71.039142,9.058192],[-71.040964,9.060534],[-71.041896,9.06236],[-71.041393,9.06423],[-71.041951,9.065809],[-71.04241,9.066998],[-71.043087,9.067287],[-71.045625,9.068008],[-71.04755,9.068117],[-71.050275,9.06895],[-71.052574,9.070755],[-71.054673,9.073069],[-71.056891,9.075543],[-71.057083,9.077426],[-71.05685,9.080281],[-71.056934,9.082649],[-71.057429,9.087518],[-71.057631,9.089999],[-71.057665,9.09361],[-71.055719,9.095405],[-71.052217,9.098635],[-71.049349,9.10128],[-71.048239,9.102304],[-71.0469,9.103539],[-71.046946,9.103573],[-71.048294,9.104583],[-71.050515,9.105326],[-71.052181,9.105256],[-71.053786,9.10551],[-71.055981,9.106162],[-71.056914,9.106388],[-71.057762,9.106871],[-71.058696,9.107926],[-71.060835,9.109016],[-71.061843,9.109448],[-71.063541,9.109699],[-71.065123,9.109954],[-71.067069,9.11075],[-71.068251,9.111591],[-71.069726,9.112953],[-71.071621,9.114395],[-71.072623,9.115402],[-71.073719,9.116453],[-71.074438,9.117284],[-71.075667,9.118124],[-71.076403,9.119529],[-71.076427,9.120357],[-71.076812,9.121635],[-71.077468,9.122698],[-71.078068,9.123417],[-71.078702,9.123721],[-71.079103,9.123963],[-71.07936,9.12483],[-71.07944,9.125978],[-71.079512,9.127656],[-71.07958,9.129955],[-71.079279,9.131528],[-71.079248,9.132864],[-71.079381,9.134218],[-71.080023,9.134798],[-71.080492,9.135797],[-71.081033,9.136863],[-71.081133,9.137896],[-71.081616,9.138572],[-71.082186,9.139846],[-71.082963,9.141066],[-71.083314,9.141954],[-71.083951,9.14235],[-71.084859,9.143314],[-71.086055,9.144637],[-71.08742,9.145381],[-71.088352,9.146344],[-71.088488,9.147054],[-71.088665,9.148337],[-71.089385,9.149191],[-71.090495,9.149137],[-71.091691,9.14885],[-71.093029,9.149479],[-71.094047,9.150233],[-71.09456,9.151161],[-71.094856,9.151751],[-71.096016,9.151834],[-71.09689,9.151625],[-71.09829,9.151217],[-71.10003,9.151329],[-71.10135,9.151552],[-71.101788,9.15166],[-71.102224,9.151768]]]},"properties":{"Parroquia":"Capital Tulio Febres Cordero","Parroquia_pcode":"VE142201","Municipio":"Tulio Febres Cordero","Municipio_pcode":"VE1422","Ciudad":"Mérida","adm0_name":"Venezuela (República Bolivariana de)","adm0_pcode":"VE","area_sqkm":57.85043341,"Parroquia_ref_name":"Capital Tulio Febres Cordero","center_lat":9.0997045,"center_lon":-71.07485398}},{"type":"Feature","geometry":{"type":"Polygon","coordinates":[[[-71.639459,8.643304],[-71.640223,8.645817],[-71.640988,8.648079],[-71.641075,8.650007],[-71.640573,8.652439],[-71.641254,8.655288],[-71.64261,8.657716],[-71.642699,8.660064],[-71.644899,8.662574],[-71.645917,8.664583],[-71.651837,8.66851],[-71.655644,8.671603],[-71.660126,8.673605],[-71.666129,8.67686],[-71.670908,8.681233],[-71.673048,8.682214],[-71.675217,8.683707],[-71.676146,8.685857],[-71.67543,8.687733],[-71.673825,8.688778],[-71.671699,8.688874],[-71.671048,8.690403],[-71.671492,8.692041],[-71.671558,8.692283],[-71.671867,8.694298],[-71.671986,8.695073],[-71.67299,8.695849],[-71.674526,8.69657],[-71.675103,8.696901],[-71.676389,8.69764],[-71.677364,8.699738],[-71.677198,8.70124],[-71.67606,8.702699],[-71.674214,8.702925],[-71.672676,8.703795],[-71.673329,8.705665],[-71.673355,8.705723],[-71.673395,8.70569],[-71.701678,8.677315],[-71.79227,8.676654],[-71.792347,8.676653],[-71.791272,8.674572],[-71.790772,8.674059],[-71.789249,8.672499],[-71.787716,8.670897],[-71.786537,8.669665],[-71.786301,8.668989],[-71.785116,8.665595],[-71.784836,8.664792],[-71.783731,8.663919],[-71.779355,8.665351],[-71.775808,8.664033],[-71.773849,8.663821],[-71.770898,8.663769],[-71.768178,8.663671],[-71.767441,8.662014],[-71.766753,8.661749],[-71.765654,8.662367],[-71.764363,8.662158],[-71.763121,8.661859],[-71.762104,8.661838],[-71.761459,8.660613],[-71.76064,8.660002],[-71.759875,8.661199],[-71.758477,8.66172],[-71.757274,8.660666],[-71.75633,8.660396],[-71.755653,8.659628],[-71.754837,8.658811],[-71.754063,8.659367],[-71.753266,8.659877],[-71.751593,8.660278],[-71.749675,8.660239],[-71.748528,8.660926],[-71.747914,8.661576],[-71.747119,8.662018],[-71.745779,8.661945],[-71.74516,8.662802],[-71.74463,8.663866],[-71.742409,8.665056],[-71.737988,8.666407],[-71.734779,8.667303],[-71.730733,8.667244],[-71.72944,8.666075],[-71.729398,8.664747],[-71.729729,8.663291],[-71.729848,8.662012],[-71.730875,8.66041],[-71.730024,8.659089],[-71.729879,8.658263],[-71.729322,8.657268],[-71.727576,8.658971],[-71.725568,8.661011],[-71.723942,8.659172],[-71.724016,8.656726],[-71.722441,8.654614],[-71.721413,8.652945],[-71.720514,8.651323],[-71.719888,8.650006],[-71.719395,8.64953],[-71.716952,8.64848],[-71.715484,8.647778],[-71.713786,8.647923],[-71.713183,8.648173],[-71.709886,8.646894],[-71.707917,8.645114],[-71.703364,8.640959],[-71.702253,8.639648],[-71.702237,8.638563],[-71.70221,8.636634],[-71.7022,8.635911],[-71.701945,8.635071],[-71.700594,8.634005],[-71.700093,8.632927],[-71.69887,8.632341],[-71.698737,8.631499],[-71.698593,8.629933],[-71.698222,8.629456],[-71.697729,8.628981],[-71.69567,8.627785],[-71.694806,8.626833],[-71.69225,8.626387],[-71.690193,8.626899],[-71.6885,8.627406],[-71.687529,8.62742],[-71.685697,8.626722],[-71.68299,8.624229],[-71.681373,8.621478],[-71.680148,8.620772],[-71.677476,8.62069],[-71.67215,8.621852],[-71.667162,8.621199],[-71.666073,8.621456],[-71.664124,8.621002],[-71.662271,8.618857],[-71.660178,8.616837],[-71.657983,8.616145],[-71.655422,8.616925],[-71.653591,8.616228],[-71.651041,8.616264],[-71.648988,8.617017],[-71.644737,8.616957],[-71.643274,8.616495],[-71.638384,8.614273],[-71.635816,8.612983],[-71.634325,8.610593],[-71.633226,8.610126],[-71.6324,8.610894],[-71.633281,8.614443],[-71.633664,8.616275],[-71.634862,8.618882],[-71.636383,8.621256],[-71.637353,8.624369],[-71.638681,8.628763],[-71.639092,8.631238],[-71.639879,8.634605],[-71.640922,8.638084],[-71.641735,8.640951],[-71.641231,8.642629],[-71.639459,8.643304]]]},"properties":{"Parroquia":"Presidente Betancourt","Parroquia_pcode":"VE140101","Municipio":"Alberto Adriani","Municipio_pcode":"VE1401","Ciudad":"Mérida","adm0_name":"Venezuela (República Bolivariana de)","adm0_pcode":"VE","area_sqkm":63.46678671,"Parroquia_ref_name":"Presidente Betancourt","center_lat":8.6579895,"center_lon":-71.68329907}},{"type":"Feature","geometry":{"type":"Polygon","coordinates":[[[-71.634325,8.610593],[-71.635816,8.612983],[-71.638384,8.614273],[-71.643274,8.616495],[-71.644737,8.616957],[-71.648988,8.617017],[-71.651041,8.616264],[-71.653591,8.616228],[-71.655422,8.616925],[-71.657983,8.616145],[-71.660178,8.616837],[-71.662271,8.618857],[-71.664124,8.621002],[-71.666073,8.621456],[-71.667162,8.621199],[-71.67215,8.621852],[-71.677476,8.62069],[-71.680148,8.620772],[-71.681373,8.621478],[-71.68299,8.624229],[-71.685697,8.626722],[-71.687529,8.62742],[-71.6885,8.627406],[-71.690193,8.626899],[-71.69225,8.626387],[-71.694806,8.626833],[-71.69567,8.627785],[-71.697729,8.628981],[-71.698222,8.629456],[-71.698593,8.629933],[-71.698737,8.631499],[-71.69887,8.632341],[-71.700093,8.632927],[-71.700594,8.634005],[-71.701945,8.635071],[-71.7022,8.635911],[-71.70221,8.636634],[-71.702237,8.638563],[-71.702253,8.639648],[-71.703364,8.640959],[-71.707917,8.645114],[-71.709886,8.646894],[-71.713183,8.648173],[-71.713786,8.647923],[-71.715484,8.647778],[-71.716952,8.64848],[-71.719395,8.64953],[-71.719888,8.650006],[-71.720514,8.651323],[-71.721413,8.652945],[-71.722441,8.654614],[-71.724016,8.656726],[-71.723942,8.659172],[-71.725568,8.661011],[-71.727576,8.658971],[-71.729322,8.657268],[-71.729879,8.658263],[-71.730024,8.659089],[-71.730875,8.66041],[-71.729848,8.662012],[-71.729729,8.663291],[-71.729398,8.664747],[-71.72944,8.666075],[-71.730733,8.667244],[-71.734779,8.667303],[-71.737988,8.666407],[-71.742409,8.665056],[-71.74463,8.663866],[-71.74516,8.662802],[-71.745779,8.661945],[-71.747119,8.662018],[-71.747914,8.661576],[-71.748528,8.660926],[-71.749675,8.660239],[-71.751593,8.660278],[-71.753266,8.659877],[-71.754063,8.659367],[-71.754837,8.658811],[-71.755653,8.659628],[-71.75633,8.660396],[-71.757274,8.660666],[-71.758477,8.66172],[-71.759875,8.661199],[-71.76064,8.660002],[-71.761459,8.660613],[-71.762104,8.661838],[-71.763121,8.661859],[-71.764363,8.662158],[-71.765654,8.662367],[-71.766753,8.661749],[-71.767441,8.662014],[-71.768178,8.663671],[-71.770898,8.663769],[-71.773849,8.663821],[-71.775808,8.664033],[-71.779355,8.665351],[-71.783731,8.663919],[-71.784836,8.664792],[-71.785116,8.665595],[-71.786301,8.668989],[-71.786537,8.669665],[-71.787716,8.670897],[-71.789249,8.672499],[-71.790772,8.674059],[-71.791272,8.674572],[-71.792347,8.676653],[-71.792707,8.67665],[-71.798561,8.676608],[-71.865108,8.676122],[-71.865117,8.675895],[-71.865288,8.676056],[-71.866038,8.675375],[-71.866495,8.675113],[-71.866915,8.675288],[-71.867534,8.675023],[-71.867948,8.674946],[-71.868537,8.674314],[-71.86937,8.673217],[-71.869514,8.672365],[-71.869569,8.671675],[-71.869599,8.670893],[-71.869491,8.670161],[-71.86947,8.669155],[-71.870107,8.668656],[-71.870792,8.668205],[-71.871626,8.667201],[-71.872548,8.667022],[-71.873214,8.666801],[-71.87255,8.665988],[-71.872518,8.665598],[-71.872977,8.665428],[-71.873434,8.665167],[-71.873964,8.665041],[-71.875222,8.664395],[-71.875608,8.664043],[-71.876201,8.663641],[-71.877607,8.662805],[-71.878472,8.661931],[-71.87934,8.661553],[-71.880086,8.661424],[-71.88058,8.660924],[-71.880824,8.660179],[-71.880818,8.659436],[-71.882061,8.659055],[-71.882435,8.659176],[-71.883675,8.658547],[-71.88392,8.657925],[-71.884412,8.657178],[-71.885031,8.656802],[-71.886644,8.656046],[-71.888878,8.655162],[-71.888606,8.652191],[-71.889849,8.651934],[-71.890327,8.649329],[-71.891441,8.648453],[-71.891811,8.648079],[-71.893058,8.648317],[-71.894677,8.648429],[-71.895289,8.647062],[-71.895911,8.647057],[-71.896165,8.647674],[-71.896788,8.64767],[-71.897161,8.647667],[-71.897654,8.647044],[-71.898146,8.646297],[-71.900136,8.646034],[-71.902865,8.644775],[-71.906214,8.643263],[-71.908575,8.642625],[-71.90906,8.640887],[-71.90992,8.639394],[-71.912281,8.638881],[-71.913014,8.637017],[-71.912999,8.635159],[-71.915058,8.632342],[-71.914436,8.632668],[-71.913256,8.632494],[-71.911917,8.632803],[-71.910673,8.633386],[-71.909937,8.633943],[-71.909333,8.633672],[-71.908119,8.632215],[-71.90644,8.630417],[-71.904924,8.628802],[-71.902723,8.628155],[-71.901887,8.627772],[-71.900666,8.628263],[-71.899826,8.627399],[-71.899242,8.626624],[-71.897851,8.626085],[-71.896619,8.625338],[-71.894915,8.62322],[-71.893766,8.621257],[-71.893113,8.620529],[-71.892117,8.62033],[-71.890744,8.619149],[-71.88953,8.617692],[-71.889269,8.616823],[-71.889658,8.616269],[-71.889976,8.615533],[-71.890012,8.614226],[-71.889382,8.61352],[-71.888434,8.613597],[-71.887373,8.613949],[-71.886383,8.614553],[-71.885484,8.614904],[-71.884398,8.615028],[-71.883977,8.614343],[-71.882817,8.613894],[-71.88212,8.613441],[-71.876537,8.611203],[-71.876344,8.611126],[-71.873095,8.60957],[-71.871267,8.609378],[-71.86633,8.607836],[-71.865281,8.606765],[-71.864882,8.606081],[-71.863677,8.605861],[-71.862683,8.605823],[-71.86118,8.605881],[-71.860302,8.605911],[-71.858589,8.605673],[-71.856824,8.604723],[-71.85592,8.604432],[-71.855084,8.603958],[-71.854751,8.602745],[-71.85359,8.602044],[-71.852546,8.601662],[-71.851248,8.60126],[-71.849994,8.60049],[-71.849129,8.599236],[-71.846658,8.599737],[-71.844952,8.60037],[-71.843959,8.600584],[-71.841849,8.599775],[-71.840474,8.59841],[-71.839646,8.596101],[-71.839187,8.595031],[-71.839058,8.59473],[-71.838057,8.593844],[-71.836343,8.593536],[-71.835441,8.593497],[-71.835364,8.592489],[-71.834921,8.591965],[-71.834324,8.592566],[-71.833559,8.59232],[-71.833117,8.591934],[-71.832163,8.591116],[-71.831188,8.590665],[-71.829613,8.590311],[-71.828452,8.589632],[-71.827547,8.589226],[-71.826484,8.58928],[-71.825485,8.588669],[-71.824418,8.588288],[-71.82333,8.588113],[-71.822953,8.587176],[-71.822949,8.586671],[-71.822162,8.58654],[-71.822227,8.585989],[-71.822684,8.585229],[-71.822835,8.583806],[-71.822228,8.582963],[-71.821303,8.583039],[-71.821828,8.582049],[-71.822287,8.581701],[-71.822444,8.580966],[-71.821543,8.581111],[-71.8211,8.580564],[-71.820656,8.579948],[-71.819961,8.579885],[-71.81934,8.580234],[-71.818941,8.579526],[-71.819248,8.579072],[-71.819284,8.579019],[-71.819396,8.578445],[-71.818861,8.578082],[-71.817774,8.578137],[-71.817813,8.577196],[-71.817504,8.576075],[-71.817038,8.575643],[-71.817494,8.574837],[-71.817072,8.573969],[-71.816858,8.57326],[-71.816375,8.573562],[-71.815906,8.572763],[-71.815554,8.572032],[-71.815043,8.571692],[-71.815423,8.570015],[-71.814221,8.570048],[-71.813525,8.569686],[-71.812506,8.569442],[-71.811442,8.569381],[-71.811504,8.568487],[-71.81138,8.567387],[-71.810424,8.566422],[-71.808608,8.564589],[-71.80906,8.563209],[-71.809491,8.562197],[-71.80856,8.561356],[-71.807767,8.560468],[-71.807043,8.55951],[-71.806618,8.558321],[-71.806935,8.557379],[-71.807186,8.556918],[-71.806151,8.555274],[-71.805922,8.55491],[-71.804749,8.55265],[-71.803629,8.551283],[-71.803152,8.549337],[-71.802759,8.548632],[-71.802121,8.547488],[-71.802171,8.544942],[-71.801686,8.541896],[-71.801298,8.53956],[-71.800634,8.537249],[-71.798686,8.536599],[-71.796509,8.536112],[-71.793973,8.533976],[-71.7935,8.532627],[-71.792073,8.530368],[-71.789046,8.527502],[-71.787945,8.52547],[-71.787214,8.523641],[-71.786621,8.521582],[-71.784014,8.519195],[-71.783631,8.517386],[-71.784079,8.515571],[-71.784644,8.513778],[-71.784626,8.513745],[-71.784033,8.513576],[-71.783853,8.513518],[-71.783532,8.513414],[-71.782721,8.513953],[-71.780901,8.51456],[-71.78005,8.513598],[-71.777864,8.51276],[-71.776772,8.513125],[-71.7767,8.513202],[-71.774025,8.516062],[-71.773075,8.518028],[-71.772168,8.519904],[-71.771961,8.521985],[-71.775374,8.533781],[-71.777073,8.538694],[-71.777537,8.541536],[-71.77722,8.543727],[-71.777245,8.547229],[-71.776255,8.54833],[-71.775584,8.548734],[-71.774047,8.549658],[-71.772507,8.551419],[-71.771743,8.553066],[-71.767911,8.575198],[-71.767485,8.577827],[-71.767618,8.580781],[-71.767627,8.581985],[-71.766976,8.583959],[-71.7651,8.585394],[-71.76278,8.586723],[-71.752074,8.593909],[-71.749752,8.594909],[-71.746654,8.595915],[-71.742993,8.595721],[-71.740555,8.596175],[-71.737342,8.596744],[-71.735014,8.596869],[-71.732022,8.597217],[-71.72647,8.596269],[-71.721479,8.596303],[-71.711383,8.596042],[-71.707612,8.596067],[-71.704947,8.595756],[-71.697278,8.593509],[-71.694278,8.592762],[-71.69284,8.593319],[-71.690635,8.595304],[-71.687445,8.599047],[-71.684462,8.600708],[-71.681316,8.602685],[-71.678556,8.604243],[-71.675904,8.60536],[-71.670934,8.607922],[-71.667511,8.609703],[-71.662537,8.611826],[-71.660911,8.612225],[-71.656299,8.612959],[-71.642575,8.610459],[-71.636867,8.610231],[-71.634325,8.610593]]]},"properties":{"Parroquia":"Presidente Páez","Parroquia_pcode":"VE140102","Municipio":"Alberto Adriani","Municipio_pcode":"VE1401","Ciudad":"Mérida","adm0_name":"Venezuela (República Bolivariana de)","adm0_pcode":"VE","area_sqkm":209.06503755,"Parroquia_ref_name":"Presidente Paez","center_lat":8.59431969,"center_lon":-71.7948574}},{"type":"Feature","geometry":{"type":"Polygon","coordinates":[[[-71.629563,8.645043],[-71.61486,8.660047],[-71.615483,8.661279],[-71.617437,8.662419],[-71.618965,8.663882],[-71.618613,8.665582],[-71.619345,8.667377],[-71.618075,8.667856],[-71.61915,8.670388],[-71.619162,8.673675],[-71.620887,8.674967],[-71.621457,8.677015],[-71.623625,8.67679],[-71.624633,8.678702],[-71.626068,8.677302],[-71.626889,8.679972],[-71.62871,8.680091],[-71.628842,8.682138],[-71.630172,8.684095],[-71.630281,8.686118],[-71.630684,8.690027],[-71.632294,8.69141],[-71.633257,8.692861],[-71.633393,8.693735],[-71.634195,8.695139],[-71.634373,8.697117],[-71.634738,8.698313],[-71.634756,8.699715],[-71.636851,8.700847],[-71.637284,8.702319],[-71.638711,8.703426],[-71.640087,8.705705],[-71.640036,8.70713],[-71.639802,8.708187],[-71.639519,8.710117],[-71.639807,8.713543],[-71.64001,8.715038],[-71.639518,8.717243],[-71.640039,8.720141],[-71.640148,8.720186],[-71.641375,8.720696],[-71.641949,8.721433],[-71.642058,8.723379],[-71.642079,8.723755],[-71.642464,8.72594],[-71.642547,8.727543],[-71.642573,8.728055],[-71.642935,8.729988],[-71.643005,8.730143],[-71.643137,8.730419],[-71.643154,8.730405],[-71.660959,8.715853],[-71.670897,8.707731],[-71.673355,8.705723],[-71.673329,8.705665],[-71.672676,8.703795],[-71.674214,8.702925],[-71.67606,8.702699],[-71.677198,8.70124],[-71.677364,8.699738],[-71.676389,8.69764],[-71.675103,8.696901],[-71.674526,8.69657],[-71.67299,8.695849],[-71.671986,8.695073],[-71.671867,8.694298],[-71.671558,8.692283],[-71.671492,8.692041],[-71.671048,8.690403],[-71.671699,8.688874],[-71.673825,8.688778],[-71.67543,8.687733],[-71.676146,8.685857],[-71.675217,8.683707],[-71.673048,8.682214],[-71.670908,8.681233],[-71.666129,8.67686],[-71.660126,8.673605],[-71.655644,8.671603],[-71.651837,8.66851],[-71.645917,8.664583],[-71.644899,8.662574],[-71.642699,8.660064],[-71.64261,8.657716],[-71.641254,8.655288],[-71.640573,8.652439],[-71.641075,8.650007],[-71.640988,8.648079],[-71.640223,8.645817],[-71.639459,8.643304],[-71.629563,8.645043]]]},"properties":{"Parroquia":"José Nucete Sardi","Parroquia_pcode":"VE140106","Municipio":"Alberto Adriani","Municipio_pcode":"VE1401","Ciudad":"Mérida","adm0_name":"Venezuela (República Bolivariana de)","adm0_pcode":"VE","area_sqkm":30.11100119,"Parroquia_ref_name":"Jose Nucete Sardi","center_lat":8.6869255,"center_lon":-71.65305122}},{"type":"Feature","geometry":{"type":"Polygon","coordinates":[[[-71.485901,8.761249],[-71.484827,8.766844],[-71.484754,8.770853],[-71.485712,8.776873],[-71.485619,8.782063],[-71.484717,8.78607],[-71.485832,8.789967],[-71.487891,8.793987],[-71.487608,8.796581],[-71.48886,8.799417],[-71.489898,8.800955],[-71.489868,8.802607],[-71.490479,8.808153],[-71.489944,8.811571],[-71.489554,8.813456],[-71.489749,8.815816],[-71.489696,8.818765],[-71.489163,8.822065],[-71.487917,8.82548],[-71.487771,8.827012],[-71.489164,8.828552],[-71.491153,8.829977],[-71.491959,8.831278],[-71.495487,8.832711],[-71.495685,8.834835],[-71.495858,8.835446],[-71.496019,8.836016],[-71.49765,8.837557],[-71.498077,8.83769],[-71.500712,8.838514],[-71.504606,8.839358],[-71.504935,8.839908],[-71.505088,8.840163],[-71.5054,8.840686],[-71.536325,8.817702],[-71.53651,8.817564],[-71.597245,8.767926],[-71.597025,8.767367],[-71.596995,8.767301],[-71.596546,8.766327],[-71.595951,8.765016],[-71.595518,8.763059],[-71.595542,8.76283],[-71.595482,8.760644],[-71.59546,8.759818],[-71.595351,8.758071],[-71.595141,8.757102],[-71.594942,8.756185],[-71.59421,8.754206],[-71.593548,8.752181],[-71.59286,8.751145],[-71.592751,8.749237],[-71.592041,8.747694],[-71.591284,8.746681],[-71.590458,8.745437],[-71.58829,8.74534],[-71.585433,8.744482],[-71.583654,8.745442],[-71.581108,8.747872],[-71.578796,8.749521],[-71.576601,8.750642],[-71.573417,8.750909],[-71.569936,8.750049],[-71.567796,8.748687],[-71.564225,8.747298],[-71.560977,8.74614],[-71.557427,8.745716],[-71.552396,8.746277],[-71.54903,8.745578],[-71.545644,8.744511],[-71.542743,8.742917],[-71.540241,8.739554],[-71.538656,8.737802],[-71.536933,8.73566],[-71.535587,8.731472],[-71.534995,8.729332],[-71.531984,8.726565],[-71.531717,8.72376],[-71.529857,8.721433],[-71.528498,8.721061],[-71.52661,8.719906],[-71.524383,8.717049],[-71.520794,8.714625],[-71.518793,8.713079],[-71.5167,8.711418],[-71.511036,8.709658],[-71.510574,8.711455],[-71.508984,8.713294],[-71.508182,8.715454],[-71.507914,8.718483],[-71.507394,8.722087],[-71.505574,8.724341],[-71.5044,8.726019],[-71.503507,8.728775],[-71.502007,8.730179],[-71.499783,8.73309],[-71.498216,8.734814],[-71.497223,8.736678],[-71.49638,8.739397],[-71.494813,8.741264],[-71.49382,8.742985],[-71.491821,8.744712],[-71.490115,8.747294],[-71.487567,8.752739],[-71.486923,8.758278],[-71.485901,8.761249]]]},"properties":{"Parroquia":"Eloy Paredes","Parroquia_pcode":"VE141402","Municipio":"Obispo Ramos de Lora","Municipio_pcode":"VE1414","Ciudad":"Mérida","adm0_name":"Venezuela (República Bolivariana de)","adm0_pcode":"VE","area_sqkm":96.98043711,"Parroquia_ref_name":"Eloy Paredes","center_lat":8.773863,"center_lon":-71.53760694}},{"type":"Feature","geometry":{"type":"Polygon","coordinates":[[[-71.350951,8.915728],[-71.351311,8.916522],[-71.35217,8.916894],[-71.353187,8.91708],[-71.353906,8.917387],[-71.354859,8.917826],[-71.356002,8.918605],[-71.356452,8.920315],[-71.357571,8.921049],[-71.358503,8.921581],[-71.360176,8.922395],[-71.36123,8.923291],[-71.362183,8.924899],[-71.363123,8.924697],[-71.363906,8.924726],[-71.364217,8.925316],[-71.364338,8.926781],[-71.365548,8.928545],[-71.366044,8.929222],[-71.367332,8.93032],[-71.368829,8.931481],[-71.369672,8.932175],[-71.370189,8.932738],[-71.36961,8.933689],[-71.369621,8.934262],[-71.369699,8.934719],[-71.369987,8.935309],[-71.370323,8.93599],[-71.370893,8.936873],[-71.371472,8.937021],[-71.372608,8.937411],[-71.373985,8.937223],[-71.374929,8.937203],[-71.376134,8.937614],[-71.377063,8.938031],[-71.377759,8.939048],[-71.377793,8.939027],[-71.379408,8.937977],[-71.394117,8.925769],[-71.417095,8.906603],[-71.418361,8.905547],[-71.418294,8.905171],[-71.417681,8.90482],[-71.416896,8.903838],[-71.416214,8.902085],[-71.416087,8.900547],[-71.416069,8.900448],[-71.415852,8.899229],[-71.415065,8.898027],[-71.414671,8.896893],[-71.414608,8.896712],[-71.414485,8.895503],[-71.413691,8.893642],[-71.412569,8.892223],[-71.411553,8.890254],[-71.410652,8.888833],[-71.41019,8.886968],[-71.409728,8.885102],[-71.409491,8.883565],[-71.408919,8.881756],[-71.407523,8.88056],[-71.407068,8.879355],[-71.406676,8.878919],[-71.405448,8.877941],[-71.403886,8.876747],[-71.401772,8.875614],[-71.399831,8.875248],[-71.39911,8.875118],[-71.397942,8.87458],[-71.397269,8.873707],[-71.396379,8.873276],[-71.396201,8.872123],[-71.395697,8.871523],[-71.395304,8.870977],[-71.395572,8.870094],[-71.394782,8.868617],[-71.394712,8.867243],[-71.394264,8.866697],[-71.393151,8.866104],[-71.392534,8.865285],[-71.39159,8.864965],[-71.390753,8.864313],[-71.389969,8.863386],[-71.389517,8.862566],[-71.389013,8.861966],[-71.388229,8.861039],[-71.387325,8.859233],[-71.386601,8.8588],[-71.386255,8.857484],[-71.386411,8.856437],[-71.38607,8.855561],[-71.384843,8.854638],[-71.384221,8.853379],[-71.383538,8.851516],[-71.383412,8.850088],[-71.383901,8.849203],[-71.384667,8.848315],[-71.385542,8.847261],[-71.385809,8.846379],[-71.385573,8.844951],[-71.385336,8.843413],[-71.384887,8.842758],[-71.384048,8.841941],[-71.383376,8.841123],[-71.382924,8.840248],[-71.382695,8.839535],[-71.382405,8.838218],[-71.381903,8.837838],[-71.381675,8.83718],[-71.381166,8.836086],[-71.380777,8.835925],[-71.380213,8.83494],[-71.379758,8.83368],[-71.379198,8.83308],[-71.378638,8.832426],[-71.378743,8.83182],[-71.379003,8.830223],[-71.378113,8.829737],[-71.376893,8.829529],[-71.376329,8.828489],[-71.376208,8.827446],[-71.375482,8.826793],[-71.373877,8.826754],[-71.372986,8.826268],[-71.372204,8.825561],[-71.371262,8.82535],[-71.370703,8.824806],[-71.370694,8.823926],[-71.371074,8.823207],[-71.371342,8.822435],[-71.371223,8.821611],[-71.369822,8.819865],[-71.369148,8.818827],[-71.367251,8.817306],[-71.366079,8.816382],[-71.366066,8.815063],[-71.365059,8.814028],[-71.36394,8.812829],[-71.36321,8.811791],[-71.36281,8.81053],[-71.362472,8.809874],[-71.361144,8.809887],[-71.360144,8.809512],[-71.36008,8.808687],[-71.359735,8.807426],[-71.358845,8.80694],[-71.358063,8.806178],[-71.357502,8.805413],[-71.355882,8.803944],[-71.354939,8.803679],[-71.353561,8.804242],[-71.352568,8.804472],[-71.351899,8.804039],[-71.351389,8.802889],[-71.350605,8.801962],[-71.350022,8.801633],[-71.320756,8.771085],[-71.316244,8.765344],[-71.312703,8.76391],[-71.309124,8.764378],[-71.301506,8.76693],[-71.295948,8.76585],[-71.292788,8.764062],[-71.288814,8.764426],[-71.289923,8.766135],[-71.290893,8.767047],[-71.291877,8.767964],[-71.292934,8.769749],[-71.294059,8.77057],[-71.295398,8.771705],[-71.296867,8.773412],[-71.298854,8.774646],[-71.300937,8.776956],[-71.302906,8.778397],[-71.30431,8.779348],[-71.305712,8.780184],[-71.308316,8.780346],[-71.310151,8.781056],[-71.311236,8.782084],[-71.312268,8.782907],[-71.313085,8.784285],[-71.315077,8.785726],[-71.317254,8.788148],[-71.318882,8.789759],[-71.320569,8.790955],[-71.322359,8.791689],[-71.324166,8.792148],[-71.325486,8.793422],[-71.326525,8.796332],[-71.328673,8.796621],[-71.328856,8.799347],[-71.329537,8.801739],[-71.330292,8.803418],[-71.331516,8.805451],[-71.331787,8.807097],[-71.333796,8.808284],[-71.33372,8.809846],[-71.334594,8.810742],[-71.335322,8.813178],[-71.336543,8.814179],[-71.337675,8.815275],[-71.338325,8.816428],[-71.338292,8.81877],[-71.337414,8.820467],[-71.336185,8.821945],[-71.335627,8.823565],[-71.335598,8.824255],[-71.335374,8.826348],[-71.334474,8.828093],[-71.333745,8.829305],[-71.333198,8.830443],[-71.333141,8.831867],[-71.333004,8.832812],[-71.331933,8.83417],[-71.332646,8.835093],[-71.333748,8.836808],[-71.334226,8.838425],[-71.335063,8.839713],[-71.336222,8.840968],[-71.337522,8.842311],[-71.338224,8.842798],[-71.339648,8.842692],[-71.341582,8.842665],[-71.342517,8.843238],[-71.343349,8.844295],[-71.344043,8.845355],[-71.345118,8.846016],[-71.346486,8.84644],[-71.347854,8.845899],[-71.349008,8.845112],[-71.349892,8.844585],[-71.351846,8.844488],[-71.353044,8.844549],[-71.353077,8.845856],[-71.353125,8.846865],[-71.353529,8.848277],[-71.354079,8.849112],[-71.354767,8.850838],[-71.355413,8.852749],[-71.35533,8.854059],[-71.355499,8.856188],[-71.355404,8.857935],[-71.355853,8.859323],[-71.355916,8.860905],[-71.356265,8.861974],[-71.356359,8.862958],[-71.35641,8.864999],[-71.356587,8.866578],[-71.356969,8.868955],[-71.357267,8.870737],[-71.357405,8.872569],[-71.357293,8.873604],[-71.356706,8.874973],[-71.355881,8.876968],[-71.355195,8.878087],[-71.354949,8.879287],[-71.35469,8.880877],[-71.354496,8.883246],[-71.354421,8.885772],[-71.354835,8.887574],[-71.355475,8.888314],[-71.356448,8.890423],[-71.357567,8.89191],[-71.359056,8.893409],[-71.359428,8.894478],[-71.358363,8.897006],[-71.357963,8.89938],[-71.357586,8.900904],[-71.356865,8.902483],[-71.356603,8.904877],[-71.355948,8.907211],[-71.354844,8.909076],[-71.353943,8.910219],[-71.353015,8.911395],[-71.352885,8.911627],[-71.352089,8.913048],[-71.352694,8.913308],[-71.352768,8.913512],[-71.352022,8.914407],[-71.351632,8.914875],[-71.350951,8.915728]]]},"properties":{"Parroquia":"San Rafael de Alcázar","Parroquia_pcode":"VE141403","Municipio":"Obispo Ramos de Lora","Municipio_pcode":"VE1414","Ciudad":"Mérida","adm0_name":"Venezuela (República Bolivariana de)","adm0_pcode":"VE","area_sqkm":76.65222145,"Parroquia_ref_name":"San Rafael de Alcazar","center_lat":8.851177,"center_lon":-71.36919484}}]}